***************
** Arguments **
***************
alpha: 1.0
avg_prompt: 1
backbone: ViT-B/16
beta: 0.5
dataset: dtd
device_id: 0
eval_only: False
frac: 1
gamma: 1
head: 
iid: False
load_epoch: None
logdir: ./logs/
n_ctx: 16
no_train: False
num_prompt: 2
num_shots: 16
num_users: 10
opts: []
output_dir: output/..
para_dir: output/dtd/GL_SVDMSE/shot_16/beta_0.5/ep1_r50/alpha1.0_ratio0.8/seed_1/spf_g0.05_e0.9_r8/para1
partition: noniid-labeldir
prompts_lens: None
ratio: 0.8
resume: None
root: /workspace/FedPHA/DATA
seed: 1
specify: False
spf_energy: 0.9
spf_gamma_init: 0.05
spf_max_rank: 8
spf_min_rank: 1
spf_private_lambda: 0.01
spf_shared_lambda: 0.1
test_batch_size: 128
train_batch_size: 32
trainer: GL_SVDMSE
transforms: None
use_spf: True
useall: False
************
** Config **
************
DATALOADER:
  K_TRANSFORMS: 1
  NUM_WORKERS: 8
  RETURN_IMG0: False
  TEST:
    BATCH_SIZE: 128
    SAMPLER: SequentialSampler
  TRAIN_U:
    BATCH_SIZE: 32
    N_DOMAIN: 0
    N_INS: 16
    SAME_AS_X: True
    SAMPLER: RandomSampler
  TRAIN_X:
    BATCH_SIZE: 32
    N_DOMAIN: 0
    N_INS: 16
    SAMPLER: RandomSampler
DATASET:
  ALL_AS_UNLABELED: False
  BETA: 0.5
  CIFAR_C_LEVEL: 1
  CIFAR_C_TYPE: 
  DOMAIN_NUM: 1
  IID: False
  NAME: DescribableTextures
  NUM_LABELED: -1
  NUM_SHOTS: 16
  PARTITION: noniid-labeldir
  REPEATRATE: 0.0
  ROOT: /workspace/FedPHA/DATA
  SOURCE_DOMAINS: ()
  STL10_FOLD: -1
  SUBSAMPLE_CLASSES: all
  TARGET_DOMAINS: ()
  USEALL: False
  USERS: 10
  USER_PROMPT_LENGTHS: []
  VAL_PERCENT: 0.1
INPUT:
  COLORJITTER_B: 0.4
  COLORJITTER_C: 0.4
  COLORJITTER_H: 0.1
  COLORJITTER_S: 0.4
  CROP_PADDING: 4
  CUTOUT_LEN: 16
  CUTOUT_N: 1
  GB_K: 21
  GB_P: 0.5
  GN_MEAN: 0.0
  GN_STD: 0.15
  INTERPOLATION: bicubic
  NO_TRANSFORM: False
  PIXEL_MEAN: [0.48145466, 0.4578275, 0.40821073]
  PIXEL_STD: [0.26862954, 0.26130258, 0.27577711]
  RANDAUGMENT_M: 10
  RANDAUGMENT_N: 2
  RGS_P: 0.2
  RRCROP_SCALE: (0.08, 1.0)
  SIZE: (224, 224)
  TRANSFORMS: ('random_resized_crop', 'random_flip', 'normalize')
MODEL:
  BACKBONE:
    NAME: ViT-B/16
    PRETRAINED: True
  HEAD:
    ACTIVATION: relu
    BN: True
    DROPOUT: 0.0
    HIDDEN_LAYERS: ()
    NAME: 
  INIT_WEIGHTS: 
OPTIM:
  ADAM_BETA1: 0.9
  ADAM_BETA2: 0.999
  BASE_LR_MULT: 0.1
  GAMMA: 1
  LR: 0.001
  LR_SCHEDULER: single_step
  MAX_EPOCH: 1
  MOMENTUM: 0.9
  NAME: sgd
  NEW_LAYERS: ()
  RMSPROP_ALPHA: 0.99
  ROUND: 50
  SGD_DAMPNING: 0
  SGD_NESTEROV: False
  STAGED_LR: False
  STEPSIZE: (-1,)
  WARMUP_CONS_LR: 1e-05
  WARMUP_EPOCH: 0
  WARMUP_MIN_LR: 1e-05
  WARMUP_RECOUNT: True
  WARMUP_TYPE: constant
  WEIGHT_DECAY: 0.0005
OUTPUT_DIR: output/dtd/GL_SVDMSE/shot_16/beta_0.5/ep1_r50/alpha1.0_ratio0.8/seed_1/spf_g0.05_e0.9_r8
RESUME: 
SEED: 1
TEST:
  COMPUTE_CMAT: False
  EVALUATOR: Classification
  FINAL_MODEL: last_step
  NO_TEST: False
  PER_CLASS_RESULT: False
  SPLIT: test
TRAIN:
  CHECKPOINT_FREQ: 0
  COUNT_ITER: train_x
  PRINT_FREQ: 10
TRAINER:
  CDAC:
    CLASS_LR_MULTI: 10
    P_THRESH: 0.95
    RAMPUP_COEF: 30
    RAMPUP_ITRS: 1000
    STRONG_TRANSFORMS: ()
    TOPK_MATCH: 5
  CROSSGRAD:
    ALPHA_D: 0.5
    ALPHA_F: 0.5
    EPS_D: 1.0
    EPS_F: 1.0
  DAEL:
    CONF_THRE: 0.95
    STRONG_TRANSFORMS: ()
    WEIGHT_U: 0.5
  DAELDG:
    CONF_THRE: 0.95
    STRONG_TRANSFORMS: ()
    WEIGHT_U: 0.5
  DDAIG:
    ALPHA: 0.5
    CLAMP: False
    CLAMP_MAX: 1.0
    CLAMP_MIN: -1.0
    G_ARCH: 
    LMDA: 0.3
    WARMUP: 0
  DOMAINMIX:
    ALPHA: 1.0
    BETA: 1.0
    TYPE: crossdomain
  ENTMIN:
    LMDA: 0.001
  FEDPGP:
    BOTTLENECK: 4
    CLASS_TOKEN_POSITION: end
    CSC: False
    CTX_INIT: False
    FEATURE: False
    N: 1
    N_CTX: 16
    PREC: fp16
    mu: 1
    temp: 0.5
  FIXMATCH:
    CONF_THRE: 0.95
    STRONG_TRANSFORMS: ()
    WEIGHT_U: 1.0
  GLP_OT:
    AVG_N: 1.0
    CLASS_TOKEN_POSITION: end
    CSC: False
    CTX_INIT: False
    EPS: 0.1
    MAX_ITER: 100
    N: 2
    N_CTX: 16
    OT: COT
    PREC: fp16
    THRESH: 0.001
    TOP_PERCENT: 1
  GL_SVDMSE:
    CLASS_TOKEN_POSITION: end
    CSC: False
    CTX_INIT: False
    N: 1
    N_CTX: 16
    PREC: fp16
    SPF_ENERGY: 0.9
    SPF_GAMMA_INIT: 0.05
    SPF_MAX_RANK: 8
    SPF_MIN_RANK: 1
    SPF_PRIVATE_LAMBDA: 0.01
    SPF_SHARED_LAMBDA: 0.1
    USE_SPF: True
    alpha: 1.0
    lambda_orthogonal: 1
    ratio: 0.8
  GL_SVDMSE_HE:
    CLASS_TOKEN_POSITION: end
    CSC: False
    CTX_INIT: False
    N: 1
    N_CTX_GLOBAL: 16
    PREC: fp16
    alpha: 1.0
    lambda_orthogonal: 1
    ratio: 0.8
  M3SDA:
    LMDA: 0.5
    N_STEP_F: 4
  MCD:
    N_STEP_F: 4
  MEANTEACHER:
    EMA_ALPHA: 0.999
    RAMPUP: 5
    WEIGHT_U: 1.0
  MIXMATCH:
    MIXUP_BETA: 0.75
    RAMPUP: 20000
    TEMP: 2.0
    WEIGHT_U: 100.0
  MME:
    LMDA: 0.1
  NAME: GL_SVDMSE
  PROMPTFL:
    CLASS_TOKEN_POSITION: end
    CSC: False
    CTX_INIT: False
    N_CTX: 16
    PREC: fp16
  SE:
    CONF_THRE: 0.95
    EMA_ALPHA: 0.999
    RAMPUP: 300
USE_CUDA: True
VERBOSE: True
VERSION: 1
Loading trainer: GL_SVDMSE
Loading dataset: DescribableTextures
Reading split from /workspace/FedPHA/DATA/dtd/split_zhou_DescribableTextures.json
Loading preprocessed few-shot data from /workspace/FedPHA/DATA/dtd/split_fewshot/shot_16-seed_1.pkl
Creating a 16-shot federated dataset
class_num 47
user class dict total [45, 3, 23, 43, 22]
idx: 0 , output_dict_len: 80
user class dict total [9, 18, 12, 26, 17]
idx: 1 , output_dict_len: 80
user class dict total [37, 16, 13, 27, 8]
idx: 2 , output_dict_len: 80
user class dict total [10, 31, 15, 41, 25]
idx: 3 , output_dict_len: 80
user class dict total [1, 4, 35, 2, 32]
idx: 4 , output_dict_len: 80
user class dict total [38, 0, 42, 5, 30]
idx: 5 , output_dict_len: 80
user class dict total [29, 14, 11, 40, 33]
idx: 6 , output_dict_len: 80
user class dict total [34, 19, 7, 6, 21]
idx: 7 , output_dict_len: 80
user class dict total [36, 39, 20, 46, 28]
idx: 8 , output_dict_len: 80
user class dict total [44, 24]
idx: 9 , output_dict_len: 32
Creating a baseline federated dataset
class_num 47
user class dict total [45, 3, 23, 43, 22]
idx: 0 , output_dict_len: 180
user class dict total [9, 18, 12, 26, 17]
idx: 1 , output_dict_len: 180
user class dict total [37, 16, 13, 27, 8]
idx: 2 , output_dict_len: 180
user class dict total [10, 31, 15, 41, 25]
idx: 3 , output_dict_len: 180
user class dict total [1, 4, 35, 2, 32]
idx: 4 , output_dict_len: 180
user class dict total [38, 0, 42, 5, 30]
idx: 5 , output_dict_len: 180
user class dict total [29, 14, 11, 40, 33]
idx: 6 , output_dict_len: 180
user class dict total [34, 19, 7, 6, 21]
idx: 7 , output_dict_len: 180
user class dict total [36, 39, 20, 46, 28]
idx: 8 , output_dict_len: 180
user class dict total [44, 24]
idx: 9 , output_dict_len: 72
fewshot federated dataset
Building transform_train
+ random resized crop (size=(224, 224), scale=(0.08, 1.0))
+ random flip
+ to torch tensor of range [0, 1]
+ normalization (mean=[0.48145466, 0.4578275, 0.40821073], std=[0.26862954, 0.26130258, 0.27577711])
Building transform_test
+ resize the smaller edge to 224
+ 224x224 center crop
+ to torch tensor of range [0, 1]
+ normalization (mean=[0.48145466, 0.4578275, 0.40821073], std=[0.26862954, 0.26130258, 0.27577711])
-------------------  -------------------
Dataset              DescribableTextures
# classes            47
# federated_train_x  10
# federated_test_x   10
# test               1,692
-------------------  -------------------
Loading CLIP (backbone: ViT-B/16)
Building custom CLIP
Initializing a generic context
Initial context: "X X X X X X X X X X X X X X X X"
Number of context words (tokens): 16
Turning off gradients in both the image and the text encoder
Loading evaluator: Classification
+---------------------------+------------+
|          Modules          | Parameters |
+---------------------------+------------+
| prompt_learner.ctx_global |    8192    |
|  prompt_learner.ctx_local |    8192    |
+---------------------------+------------+
Total Trainable Params: 16384
+-------------------------------------------------------------+------------+
|                           Modules                           | Parameters |
+-------------------------------------------------------------+------------+
|                image_encoder.class_embedding                |    768     |
|              image_encoder.positional_embedding             |   151296   |
|                      image_encoder.proj                     |   393216   |
|                  image_encoder.conv1.weight                 |   589824   |
|                 image_encoder.ln_pre.weight                 |    768     |
|                  image_encoder.ln_pre.bias                  |    768     |
|  image_encoder.transformer.resblocks.0.attn.in_proj_weight  |  1769472   |
|   image_encoder.transformer.resblocks.0.attn.in_proj_bias   |    2304    |
|  image_encoder.transformer.resblocks.0.attn.out_proj.weight |   589824   |
|   image_encoder.transformer.resblocks.0.attn.out_proj.bias  |    768     |
|      image_encoder.transformer.resblocks.0.ln_1.weight      |    768     |
|       image_encoder.transformer.resblocks.0.ln_1.bias       |    768     |
|    image_encoder.transformer.resblocks.0.mlp.c_fc.weight    |  2359296   |
|     image_encoder.transformer.resblocks.0.mlp.c_fc.bias     |    3072    |
|   image_encoder.transformer.resblocks.0.mlp.c_proj.weight   |  2359296   |
|    image_encoder.transformer.resblocks.0.mlp.c_proj.bias    |    768     |
|      image_encoder.transformer.resblocks.0.ln_2.weight      |    768     |
|       image_encoder.transformer.resblocks.0.ln_2.bias       |    768     |
|  image_encoder.transformer.resblocks.1.attn.in_proj_weight  |  1769472   |
|   image_encoder.transformer.resblocks.1.attn.in_proj_bias   |    2304    |
|  image_encoder.transformer.resblocks.1.attn.out_proj.weight |   589824   |
|   image_encoder.transformer.resblocks.1.attn.out_proj.bias  |    768     |
|      image_encoder.transformer.resblocks.1.ln_1.weight      |    768     |
|       image_encoder.transformer.resblocks.1.ln_1.bias       |    768     |
|    image_encoder.transformer.resblocks.1.mlp.c_fc.weight    |  2359296   |
|     image_encoder.transformer.resblocks.1.mlp.c_fc.bias     |    3072    |
|   image_encoder.transformer.resblocks.1.mlp.c_proj.weight   |  2359296   |
|    image_encoder.transformer.resblocks.1.mlp.c_proj.bias    |    768     |
|      image_encoder.transformer.resblocks.1.ln_2.weight      |    768     |
|       image_encoder.transformer.resblocks.1.ln_2.bias       |    768     |
|  image_encoder.transformer.resblocks.2.attn.in_proj_weight  |  1769472   |
|   image_encoder.transformer.resblocks.2.attn.in_proj_bias   |    2304    |
|  image_encoder.transformer.resblocks.2.attn.out_proj.weight |   589824   |
|   image_encoder.transformer.resblocks.2.attn.out_proj.bias  |    768     |
|      image_encoder.transformer.resblocks.2.ln_1.weight      |    768     |
|       image_encoder.transformer.resblocks.2.ln_1.bias       |    768     |
|    image_encoder.transformer.resblocks.2.mlp.c_fc.weight    |  2359296   |
|     image_encoder.transformer.resblocks.2.mlp.c_fc.bias     |    3072    |
|   image_encoder.transformer.resblocks.2.mlp.c_proj.weight   |  2359296   |
|    image_encoder.transformer.resblocks.2.mlp.c_proj.bias    |    768     |
|      image_encoder.transformer.resblocks.2.ln_2.weight      |    768     |
|       image_encoder.transformer.resblocks.2.ln_2.bias       |    768     |
|  image_encoder.transformer.resblocks.3.attn.in_proj_weight  |  1769472   |
|   image_encoder.transformer.resblocks.3.attn.in_proj_bias   |    2304    |
|  image_encoder.transformer.resblocks.3.attn.out_proj.weight |   589824   |
|   image_encoder.transformer.resblocks.3.attn.out_proj.bias  |    768     |
|      image_encoder.transformer.resblocks.3.ln_1.weight      |    768     |
|       image_encoder.transformer.resblocks.3.ln_1.bias       |    768     |
|    image_encoder.transformer.resblocks.3.mlp.c_fc.weight    |  2359296   |
|     image_encoder.transformer.resblocks.3.mlp.c_fc.bias     |    3072    |
|   image_encoder.transformer.resblocks.3.mlp.c_proj.weight   |  2359296   |
|    image_encoder.transformer.resblocks.3.mlp.c_proj.bias    |    768     |
|      image_encoder.transformer.resblocks.3.ln_2.weight      |    768     |
|       image_encoder.transformer.resblocks.3.ln_2.bias       |    768     |
|  image_encoder.transformer.resblocks.4.attn.in_proj_weight  |  1769472   |
|   image_encoder.transformer.resblocks.4.attn.in_proj_bias   |    2304    |
|  image_encoder.transformer.resblocks.4.attn.out_proj.weight |   589824   |
|   image_encoder.transformer.resblocks.4.attn.out_proj.bias  |    768     |
|      image_encoder.transformer.resblocks.4.ln_1.weight      |    768     |
|       image_encoder.transformer.resblocks.4.ln_1.bias       |    768     |
|    image_encoder.transformer.resblocks.4.mlp.c_fc.weight    |  2359296   |
|     image_encoder.transformer.resblocks.4.mlp.c_fc.bias     |    3072    |
|   image_encoder.transformer.resblocks.4.mlp.c_proj.weight   |  2359296   |
|    image_encoder.transformer.resblocks.4.mlp.c_proj.bias    |    768     |
|      image_encoder.transformer.resblocks.4.ln_2.weight      |    768     |
|       image_encoder.transformer.resblocks.4.ln_2.bias       |    768     |
|  image_encoder.transformer.resblocks.5.attn.in_proj_weight  |  1769472   |
|   image_encoder.transformer.resblocks.5.attn.in_proj_bias   |    2304    |
|  image_encoder.transformer.resblocks.5.attn.out_proj.weight |   589824   |
|   image_encoder.transformer.resblocks.5.attn.out_proj.bias  |    768     |
|      image_encoder.transformer.resblocks.5.ln_1.weight      |    768     |
|       image_encoder.transformer.resblocks.5.ln_1.bias       |    768     |
|    image_encoder.transformer.resblocks.5.mlp.c_fc.weight    |  2359296   |
|     image_encoder.transformer.resblocks.5.mlp.c_fc.bias     |    3072    |
|   image_encoder.transformer.resblocks.5.mlp.c_proj.weight   |  2359296   |
|    image_encoder.transformer.resblocks.5.mlp.c_proj.bias    |    768     |
|      image_encoder.transformer.resblocks.5.ln_2.weight      |    768     |
|       image_encoder.transformer.resblocks.5.ln_2.bias       |    768     |
|  image_encoder.transformer.resblocks.6.attn.in_proj_weight  |  1769472   |
|   image_encoder.transformer.resblocks.6.attn.in_proj_bias   |    2304    |
|  image_encoder.transformer.resblocks.6.attn.out_proj.weight |   589824   |
|   image_encoder.transformer.resblocks.6.attn.out_proj.bias  |    768     |
|      image_encoder.transformer.resblocks.6.ln_1.weight      |    768     |
|       image_encoder.transformer.resblocks.6.ln_1.bias       |    768     |
|    image_encoder.transformer.resblocks.6.mlp.c_fc.weight    |  2359296   |
|     image_encoder.transformer.resblocks.6.mlp.c_fc.bias     |    3072    |
|   image_encoder.transformer.resblocks.6.mlp.c_proj.weight   |  2359296   |
|    image_encoder.transformer.resblocks.6.mlp.c_proj.bias    |    768     |
|      image_encoder.transformer.resblocks.6.ln_2.weight      |    768     |
|       image_encoder.transformer.resblocks.6.ln_2.bias       |    768     |
|  image_encoder.transformer.resblocks.7.attn.in_proj_weight  |  1769472   |
|   image_encoder.transformer.resblocks.7.attn.in_proj_bias   |    2304    |
|  image_encoder.transformer.resblocks.7.attn.out_proj.weight |   589824   |
|   image_encoder.transformer.resblocks.7.attn.out_proj.bias  |    768     |
|      image_encoder.transformer.resblocks.7.ln_1.weight      |    768     |
|       image_encoder.transformer.resblocks.7.ln_1.bias       |    768     |
|    image_encoder.transformer.resblocks.7.mlp.c_fc.weight    |  2359296   |
|     image_encoder.transformer.resblocks.7.mlp.c_fc.bias     |    3072    |
|   image_encoder.transformer.resblocks.7.mlp.c_proj.weight   |  2359296   |
|    image_encoder.transformer.resblocks.7.mlp.c_proj.bias    |    768     |
|      image_encoder.transformer.resblocks.7.ln_2.weight      |    768     |
|       image_encoder.transformer.resblocks.7.ln_2.bias       |    768     |
|  image_encoder.transformer.resblocks.8.attn.in_proj_weight  |  1769472   |
|   image_encoder.transformer.resblocks.8.attn.in_proj_bias   |    2304    |
|  image_encoder.transformer.resblocks.8.attn.out_proj.weight |   589824   |
|   image_encoder.transformer.resblocks.8.attn.out_proj.bias  |    768     |
|      image_encoder.transformer.resblocks.8.ln_1.weight      |    768     |
|       image_encoder.transformer.resblocks.8.ln_1.bias       |    768     |
|    image_encoder.transformer.resblocks.8.mlp.c_fc.weight    |  2359296   |
|     image_encoder.transformer.resblocks.8.mlp.c_fc.bias     |    3072    |
|   image_encoder.transformer.resblocks.8.mlp.c_proj.weight   |  2359296   |
|    image_encoder.transformer.resblocks.8.mlp.c_proj.bias    |    768     |
|      image_encoder.transformer.resblocks.8.ln_2.weight      |    768     |
|       image_encoder.transformer.resblocks.8.ln_2.bias       |    768     |
|  image_encoder.transformer.resblocks.9.attn.in_proj_weight  |  1769472   |
|   image_encoder.transformer.resblocks.9.attn.in_proj_bias   |    2304    |
|  image_encoder.transformer.resblocks.9.attn.out_proj.weight |   589824   |
|   image_encoder.transformer.resblocks.9.attn.out_proj.bias  |    768     |
|      image_encoder.transformer.resblocks.9.ln_1.weight      |    768     |
|       image_encoder.transformer.resblocks.9.ln_1.bias       |    768     |
|    image_encoder.transformer.resblocks.9.mlp.c_fc.weight    |  2359296   |
|     image_encoder.transformer.resblocks.9.mlp.c_fc.bias     |    3072    |
|   image_encoder.transformer.resblocks.9.mlp.c_proj.weight   |  2359296   |
|    image_encoder.transformer.resblocks.9.mlp.c_proj.bias    |    768     |
|      image_encoder.transformer.resblocks.9.ln_2.weight      |    768     |
|       image_encoder.transformer.resblocks.9.ln_2.bias       |    768     |
|  image_encoder.transformer.resblocks.10.attn.in_proj_weight |  1769472   |
|   image_encoder.transformer.resblocks.10.attn.in_proj_bias  |    2304    |
| image_encoder.transformer.resblocks.10.attn.out_proj.weight |   589824   |
|  image_encoder.transformer.resblocks.10.attn.out_proj.bias  |    768     |
|      image_encoder.transformer.resblocks.10.ln_1.weight     |    768     |
|       image_encoder.transformer.resblocks.10.ln_1.bias      |    768     |
|    image_encoder.transformer.resblocks.10.mlp.c_fc.weight   |  2359296   |
|     image_encoder.transformer.resblocks.10.mlp.c_fc.bias    |    3072    |
|   image_encoder.transformer.resblocks.10.mlp.c_proj.weight  |  2359296   |
|    image_encoder.transformer.resblocks.10.mlp.c_proj.bias   |    768     |
|      image_encoder.transformer.resblocks.10.ln_2.weight     |    768     |
|       image_encoder.transformer.resblocks.10.ln_2.bias      |    768     |
|  image_encoder.transformer.resblocks.11.attn.in_proj_weight |  1769472   |
|   image_encoder.transformer.resblocks.11.attn.in_proj_bias  |    2304    |
| image_encoder.transformer.resblocks.11.attn.out_proj.weight |   589824   |
|  image_encoder.transformer.resblocks.11.attn.out_proj.bias  |    768     |
|      image_encoder.transformer.resblocks.11.ln_1.weight     |    768     |
|       image_encoder.transformer.resblocks.11.ln_1.bias      |    768     |
|    image_encoder.transformer.resblocks.11.mlp.c_fc.weight   |  2359296   |
|     image_encoder.transformer.resblocks.11.mlp.c_fc.bias    |    3072    |
|   image_encoder.transformer.resblocks.11.mlp.c_proj.weight  |  2359296   |
|    image_encoder.transformer.resblocks.11.mlp.c_proj.bias   |    768     |
|      image_encoder.transformer.resblocks.11.ln_2.weight     |    768     |
|       image_encoder.transformer.resblocks.11.ln_2.bias      |    768     |
|                 image_encoder.ln_post.weight                |    768     |
|                  image_encoder.ln_post.bias                 |    768     |
+-------------------------------------------------------------+------------+
Total Trainable Params: 86192640
+------------------------------------------------------------+------------+
|                          Modules                           | Parameters |
+------------------------------------------------------------+------------+
|             text_encoder.positional_embedding              |   39424    |
|                text_encoder.text_projection                |   262144   |
|  text_encoder.transformer.resblocks.0.attn.in_proj_weight  |   786432   |
|   text_encoder.transformer.resblocks.0.attn.in_proj_bias   |    1536    |
| text_encoder.transformer.resblocks.0.attn.out_proj.weight  |   262144   |
|  text_encoder.transformer.resblocks.0.attn.out_proj.bias   |    512     |
|      text_encoder.transformer.resblocks.0.ln_1.weight      |    512     |
|       text_encoder.transformer.resblocks.0.ln_1.bias       |    512     |
|    text_encoder.transformer.resblocks.0.mlp.c_fc.weight    |  1048576   |
|     text_encoder.transformer.resblocks.0.mlp.c_fc.bias     |    2048    |
|   text_encoder.transformer.resblocks.0.mlp.c_proj.weight   |  1048576   |
|    text_encoder.transformer.resblocks.0.mlp.c_proj.bias    |    512     |
|      text_encoder.transformer.resblocks.0.ln_2.weight      |    512     |
|       text_encoder.transformer.resblocks.0.ln_2.bias       |    512     |
|  text_encoder.transformer.resblocks.1.attn.in_proj_weight  |   786432   |
|   text_encoder.transformer.resblocks.1.attn.in_proj_bias   |    1536    |
| text_encoder.transformer.resblocks.1.attn.out_proj.weight  |   262144   |
|  text_encoder.transformer.resblocks.1.attn.out_proj.bias   |    512     |
|      text_encoder.transformer.resblocks.1.ln_1.weight      |    512     |
|       text_encoder.transformer.resblocks.1.ln_1.bias       |    512     |
|    text_encoder.transformer.resblocks.1.mlp.c_fc.weight    |  1048576   |
|     text_encoder.transformer.resblocks.1.mlp.c_fc.bias     |    2048    |
|   text_encoder.transformer.resblocks.1.mlp.c_proj.weight   |  1048576   |
|    text_encoder.transformer.resblocks.1.mlp.c_proj.bias    |    512     |
|      text_encoder.transformer.resblocks.1.ln_2.weight      |    512     |
|       text_encoder.transformer.resblocks.1.ln_2.bias       |    512     |
|  text_encoder.transformer.resblocks.2.attn.in_proj_weight  |   786432   |
|   text_encoder.transformer.resblocks.2.attn.in_proj_bias   |    1536    |
| text_encoder.transformer.resblocks.2.attn.out_proj.weight  |   262144   |
|  text_encoder.transformer.resblocks.2.attn.out_proj.bias   |    512     |
|      text_encoder.transformer.resblocks.2.ln_1.weight      |    512     |
|       text_encoder.transformer.resblocks.2.ln_1.bias       |    512     |
|    text_encoder.transformer.resblocks.2.mlp.c_fc.weight    |  1048576   |
|     text_encoder.transformer.resblocks.2.mlp.c_fc.bias     |    2048    |
|   text_encoder.transformer.resblocks.2.mlp.c_proj.weight   |  1048576   |
|    text_encoder.transformer.resblocks.2.mlp.c_proj.bias    |    512     |
|      text_encoder.transformer.resblocks.2.ln_2.weight      |    512     |
|       text_encoder.transformer.resblocks.2.ln_2.bias       |    512     |
|  text_encoder.transformer.resblocks.3.attn.in_proj_weight  |   786432   |
|   text_encoder.transformer.resblocks.3.attn.in_proj_bias   |    1536    |
| text_encoder.transformer.resblocks.3.attn.out_proj.weight  |   262144   |
|  text_encoder.transformer.resblocks.3.attn.out_proj.bias   |    512     |
|      text_encoder.transformer.resblocks.3.ln_1.weight      |    512     |
|       text_encoder.transformer.resblocks.3.ln_1.bias       |    512     |
|    text_encoder.transformer.resblocks.3.mlp.c_fc.weight    |  1048576   |
|     text_encoder.transformer.resblocks.3.mlp.c_fc.bias     |    2048    |
|   text_encoder.transformer.resblocks.3.mlp.c_proj.weight   |  1048576   |
|    text_encoder.transformer.resblocks.3.mlp.c_proj.bias    |    512     |
|      text_encoder.transformer.resblocks.3.ln_2.weight      |    512     |
|       text_encoder.transformer.resblocks.3.ln_2.bias       |    512     |
|  text_encoder.transformer.resblocks.4.attn.in_proj_weight  |   786432   |
|   text_encoder.transformer.resblocks.4.attn.in_proj_bias   |    1536    |
| text_encoder.transformer.resblocks.4.attn.out_proj.weight  |   262144   |
|  text_encoder.transformer.resblocks.4.attn.out_proj.bias   |    512     |
|      text_encoder.transformer.resblocks.4.ln_1.weight      |    512     |
|       text_encoder.transformer.resblocks.4.ln_1.bias       |    512     |
|    text_encoder.transformer.resblocks.4.mlp.c_fc.weight    |  1048576   |
|     text_encoder.transformer.resblocks.4.mlp.c_fc.bias     |    2048    |
|   text_encoder.transformer.resblocks.4.mlp.c_proj.weight   |  1048576   |
|    text_encoder.transformer.resblocks.4.mlp.c_proj.bias    |    512     |
|      text_encoder.transformer.resblocks.4.ln_2.weight      |    512     |
|       text_encoder.transformer.resblocks.4.ln_2.bias       |    512     |
|  text_encoder.transformer.resblocks.5.attn.in_proj_weight  |   786432   |
|   text_encoder.transformer.resblocks.5.attn.in_proj_bias   |    1536    |
| text_encoder.transformer.resblocks.5.attn.out_proj.weight  |   262144   |
|  text_encoder.transformer.resblocks.5.attn.out_proj.bias   |    512     |
|      text_encoder.transformer.resblocks.5.ln_1.weight      |    512     |
|       text_encoder.transformer.resblocks.5.ln_1.bias       |    512     |
|    text_encoder.transformer.resblocks.5.mlp.c_fc.weight    |  1048576   |
|     text_encoder.transformer.resblocks.5.mlp.c_fc.bias     |    2048    |
|   text_encoder.transformer.resblocks.5.mlp.c_proj.weight   |  1048576   |
|    text_encoder.transformer.resblocks.5.mlp.c_proj.bias    |    512     |
|      text_encoder.transformer.resblocks.5.ln_2.weight      |    512     |
|       text_encoder.transformer.resblocks.5.ln_2.bias       |    512     |
|  text_encoder.transformer.resblocks.6.attn.in_proj_weight  |   786432   |
|   text_encoder.transformer.resblocks.6.attn.in_proj_bias   |    1536    |
| text_encoder.transformer.resblocks.6.attn.out_proj.weight  |   262144   |
|  text_encoder.transformer.resblocks.6.attn.out_proj.bias   |    512     |
|      text_encoder.transformer.resblocks.6.ln_1.weight      |    512     |
|       text_encoder.transformer.resblocks.6.ln_1.bias       |    512     |
|    text_encoder.transformer.resblocks.6.mlp.c_fc.weight    |  1048576   |
|     text_encoder.transformer.resblocks.6.mlp.c_fc.bias     |    2048    |
|   text_encoder.transformer.resblocks.6.mlp.c_proj.weight   |  1048576   |
|    text_encoder.transformer.resblocks.6.mlp.c_proj.bias    |    512     |
|      text_encoder.transformer.resblocks.6.ln_2.weight      |    512     |
|       text_encoder.transformer.resblocks.6.ln_2.bias       |    512     |
|  text_encoder.transformer.resblocks.7.attn.in_proj_weight  |   786432   |
|   text_encoder.transformer.resblocks.7.attn.in_proj_bias   |    1536    |
| text_encoder.transformer.resblocks.7.attn.out_proj.weight  |   262144   |
|  text_encoder.transformer.resblocks.7.attn.out_proj.bias   |    512     |
|      text_encoder.transformer.resblocks.7.ln_1.weight      |    512     |
|       text_encoder.transformer.resblocks.7.ln_1.bias       |    512     |
|    text_encoder.transformer.resblocks.7.mlp.c_fc.weight    |  1048576   |
|     text_encoder.transformer.resblocks.7.mlp.c_fc.bias     |    2048    |
|   text_encoder.transformer.resblocks.7.mlp.c_proj.weight   |  1048576   |
|    text_encoder.transformer.resblocks.7.mlp.c_proj.bias    |    512     |
|      text_encoder.transformer.resblocks.7.ln_2.weight      |    512     |
|       text_encoder.transformer.resblocks.7.ln_2.bias       |    512     |
|  text_encoder.transformer.resblocks.8.attn.in_proj_weight  |   786432   |
|   text_encoder.transformer.resblocks.8.attn.in_proj_bias   |    1536    |
| text_encoder.transformer.resblocks.8.attn.out_proj.weight  |   262144   |
|  text_encoder.transformer.resblocks.8.attn.out_proj.bias   |    512     |
|      text_encoder.transformer.resblocks.8.ln_1.weight      |    512     |
|       text_encoder.transformer.resblocks.8.ln_1.bias       |    512     |
|    text_encoder.transformer.resblocks.8.mlp.c_fc.weight    |  1048576   |
|     text_encoder.transformer.resblocks.8.mlp.c_fc.bias     |    2048    |
|   text_encoder.transformer.resblocks.8.mlp.c_proj.weight   |  1048576   |
|    text_encoder.transformer.resblocks.8.mlp.c_proj.bias    |    512     |
|      text_encoder.transformer.resblocks.8.ln_2.weight      |    512     |
|       text_encoder.transformer.resblocks.8.ln_2.bias       |    512     |
|  text_encoder.transformer.resblocks.9.attn.in_proj_weight  |   786432   |
|   text_encoder.transformer.resblocks.9.attn.in_proj_bias   |    1536    |
| text_encoder.transformer.resblocks.9.attn.out_proj.weight  |   262144   |
|  text_encoder.transformer.resblocks.9.attn.out_proj.bias   |    512     |
|      text_encoder.transformer.resblocks.9.ln_1.weight      |    512     |
|       text_encoder.transformer.resblocks.9.ln_1.bias       |    512     |
|    text_encoder.transformer.resblocks.9.mlp.c_fc.weight    |  1048576   |
|     text_encoder.transformer.resblocks.9.mlp.c_fc.bias     |    2048    |
|   text_encoder.transformer.resblocks.9.mlp.c_proj.weight   |  1048576   |
|    text_encoder.transformer.resblocks.9.mlp.c_proj.bias    |    512     |
|      text_encoder.transformer.resblocks.9.ln_2.weight      |    512     |
|       text_encoder.transformer.resblocks.9.ln_2.bias       |    512     |
| text_encoder.transformer.resblocks.10.attn.in_proj_weight  |   786432   |
|  text_encoder.transformer.resblocks.10.attn.in_proj_bias   |    1536    |
| text_encoder.transformer.resblocks.10.attn.out_proj.weight |   262144   |
|  text_encoder.transformer.resblocks.10.attn.out_proj.bias  |    512     |
|     text_encoder.transformer.resblocks.10.ln_1.weight      |    512     |
|      text_encoder.transformer.resblocks.10.ln_1.bias       |    512     |
|   text_encoder.transformer.resblocks.10.mlp.c_fc.weight    |  1048576   |
|    text_encoder.transformer.resblocks.10.mlp.c_fc.bias     |    2048    |
|  text_encoder.transformer.resblocks.10.mlp.c_proj.weight   |  1048576   |
|   text_encoder.transformer.resblocks.10.mlp.c_proj.bias    |    512     |
|     text_encoder.transformer.resblocks.10.ln_2.weight      |    512     |
|      text_encoder.transformer.resblocks.10.ln_2.bias       |    512     |
| text_encoder.transformer.resblocks.11.attn.in_proj_weight  |   786432   |
|  text_encoder.transformer.resblocks.11.attn.in_proj_bias   |    1536    |
| text_encoder.transformer.resblocks.11.attn.out_proj.weight |   262144   |
|  text_encoder.transformer.resblocks.11.attn.out_proj.bias  |    512     |
|     text_encoder.transformer.resblocks.11.ln_1.weight      |    512     |
|      text_encoder.transformer.resblocks.11.ln_1.bias       |    512     |
|   text_encoder.transformer.resblocks.11.mlp.c_fc.weight    |  1048576   |
|    text_encoder.transformer.resblocks.11.mlp.c_fc.bias     |    2048    |
|  text_encoder.transformer.resblocks.11.mlp.c_proj.weight   |  1048576   |
|   text_encoder.transformer.resblocks.11.mlp.c_proj.bias    |    512     |
|     text_encoder.transformer.resblocks.11.ln_2.weight      |    512     |
|      text_encoder.transformer.resblocks.11.ln_2.bias       |    512     |
|                text_encoder.ln_final.weight                |    512     |
|                 text_encoder.ln_final.bias                 |    512     |
+------------------------------------------------------------+------------+
Total Trainable Params: 38131200
idxs_users [0, 1, 2, 3, 4, 5, 6, 7, 8, 9]
------------local train start epoch: 0 -------------
/workspace/FedPHA/clip/clip.py:23: UserWarning: PyTorch version 1.7.1 or higher is recommended
  warnings.warn("PyTorch version 1.7.1 or higher is recommended")
epoch [1/1] batch [1/2] time 0.831 (0.831) data 0.703 (0.703) loss 2.6192 (2.6192) acc 50.0000 (50.0000) spf_gamma 0.0500 (0.0500) spf_rank 8.0000 (8.0000) spf_shared_loss 0.0003 (0.0003) spf_private_loss 0.0000 (0.0000) spf_private_norm 0.0004 (0.0004) spf_private_orth_ratio 0.0000 (0.0000) lr 1.0000e-03 eta 0:00:00 user 0
epoch [1/1] batch [2/2] time 0.086 (0.458) data 0.000 (0.352) loss 2.7735 (2.6963) acc 40.6250 (45.3125) spf_gamma 0.0500 (0.0500) spf_rank 8.0000 (8.0000) spf_shared_loss 0.0003 (0.0003) spf_private_loss 0.0000 (0.0000) spf_private_norm 0.0004 (0.0004) spf_private_orth_ratio 0.0000 (0.0000) lr 1.0000e-03 eta 0:00:00 user 0
Finish training: 0 user
Deploy the last-epoch model
0 User, Elapsed: 0:00:01
epoch [1/1] batch [1/2] time 0.760 (0.760) data 0.676 (0.676) loss 3.3555 (3.3555) acc 18.7500 (18.7500) spf_gamma 0.0500 (0.0500) spf_rank 8.0000 (8.0000) spf_shared_loss 0.0003 (0.0003) spf_private_loss 0.0000 (0.0000) spf_private_norm 0.0004 (0.0004) spf_private_orth_ratio 0.0000 (0.0000) lr 1.0000e-03 eta 0:00:00 user 1
epoch [1/1] batch [2/2] time 0.074 (0.417) data 0.000 (0.338) loss 3.1543 (3.2549) acc 21.8750 (20.3125) spf_gamma 0.0500 (0.0500) spf_rank 8.0000 (8.0000) spf_shared_loss 0.0003 (0.0003) spf_private_loss 0.0000 (0.0000) spf_private_norm 0.0004 (0.0004) spf_private_orth_ratio 0.0000 (0.0000) lr 1.0000e-03 eta 0:00:00 user 1
Finish training: 1 user
Deploy the last-epoch model
1 User, Elapsed: 0:00:01
epoch [1/1] batch [1/2] time 0.702 (0.702) data 0.622 (0.622) loss 3.2383 (3.2383) acc 15.6250 (15.6250) spf_gamma 0.0500 (0.0500) spf_rank 8.0000 (8.0000) spf_shared_loss 0.0003 (0.0003) spf_private_loss 0.0000 (0.0000) spf_private_norm 0.0004 (0.0004) spf_private_orth_ratio 0.0000 (0.0000) lr 1.0000e-03 eta 0:00:00 user 2
epoch [1/1] batch [2/2] time 0.075 (0.388) data 0.000 (0.311) loss 2.9824 (3.1104) acc 21.8750 (18.7500) spf_gamma 0.0500 (0.0500) spf_rank 8.0000 (8.0000) spf_shared_loss 0.0003 (0.0003) spf_private_loss 0.0000 (0.0000) spf_private_norm 0.0004 (0.0004) spf_private_orth_ratio 0.0000 (0.0000) lr 1.0000e-03 eta 0:00:00 user 2
Finish training: 2 user
Deploy the last-epoch model
2 User, Elapsed: 0:00:01
epoch [1/1] batch [1/2] time 0.610 (0.610) data 0.531 (0.531) loss 3.5918 (3.5918) acc 0.0000 (0.0000) spf_gamma 0.0500 (0.0500) spf_rank 8.0000 (8.0000) spf_shared_loss 0.0003 (0.0003) spf_private_loss 0.0000 (0.0000) spf_private_norm 0.0004 (0.0004) spf_private_orth_ratio 0.0000 (0.0000) lr 1.0000e-03 eta 0:00:00 user 3
epoch [1/1] batch [2/2] time 0.072 (0.341) data 0.000 (0.265) loss 3.7071 (3.6494) acc 0.0000 (0.0000) spf_gamma 0.0500 (0.0500) spf_rank 8.0000 (8.0000) spf_shared_loss 0.0003 (0.0003) spf_private_loss 0.0000 (0.0000) spf_private_norm 0.0004 (0.0004) spf_private_orth_ratio 0.0000 (0.0000) lr 1.0000e-03 eta 0:00:00 user 3
Finish training: 3 user
Deploy the last-epoch model
3 User, Elapsed: 0:00:01
epoch [1/1] batch [1/2] time 0.706 (0.706) data 0.621 (0.621) loss 2.9063 (2.9063) acc 34.3750 (34.3750) spf_gamma 0.0500 (0.0500) spf_rank 8.0000 (8.0000) spf_shared_loss 0.0003 (0.0003) spf_private_loss 0.0000 (0.0000) spf_private_norm 0.0004 (0.0004) spf_private_orth_ratio 0.0000 (0.0000) lr 1.0000e-03 eta 0:00:00 user 4
epoch [1/1] batch [2/2] time 0.076 (0.391) data 0.000 (0.311) loss 2.8965 (2.9014) acc 34.3750 (34.3750) spf_gamma 0.0500 (0.0500) spf_rank 8.0000 (8.0000) spf_shared_loss 0.0003 (0.0003) spf_private_loss 0.0000 (0.0000) spf_private_norm 0.0004 (0.0004) spf_private_orth_ratio 0.0000 (0.0000) lr 1.0000e-03 eta 0:00:00 user 4
Finish training: 4 user
Deploy the last-epoch model
4 User, Elapsed: 0:00:01
epoch [1/1] batch [1/2] time 0.701 (0.701) data 0.609 (0.609) loss 2.3535 (2.3535) acc 50.0000 (50.0000) spf_gamma 0.0500 (0.0500) spf_rank 8.0000 (8.0000) spf_shared_loss 0.0003 (0.0003) spf_private_loss 0.0000 (0.0000) spf_private_norm 0.0004 (0.0004) spf_private_orth_ratio 0.0000 (0.0000) lr 1.0000e-03 eta 0:00:00 user 5
epoch [1/1] batch [2/2] time 0.076 (0.388) data 0.000 (0.305) loss 2.5977 (2.4756) acc 31.2500 (40.6250) spf_gamma 0.0500 (0.0500) spf_rank 8.0000 (8.0000) spf_shared_loss 0.0003 (0.0003) spf_private_loss 0.0000 (0.0000) spf_private_norm 0.0004 (0.0004) spf_private_orth_ratio 0.0000 (0.0000) lr 1.0000e-03 eta 0:00:00 user 5
Finish training: 5 user
Deploy the last-epoch model
5 User, Elapsed: 0:00:01
epoch [1/1] batch [1/2] time 0.639 (0.639) data 0.559 (0.559) loss 3.0782 (3.0782) acc 9.3750 (9.3750) spf_gamma 0.0500 (0.0500) spf_rank 8.0000 (8.0000) spf_shared_loss 0.0003 (0.0003) spf_private_loss 0.0000 (0.0000) spf_private_norm 0.0004 (0.0004) spf_private_orth_ratio 0.0000 (0.0000) lr 1.0000e-03 eta 0:00:00 user 6
epoch [1/1] batch [2/2] time 0.075 (0.357) data 0.000 (0.280) loss 2.8477 (2.9629) acc 31.2500 (20.3125) spf_gamma 0.0500 (0.0500) spf_rank 8.0000 (8.0000) spf_shared_loss 0.0003 (0.0003) spf_private_loss 0.0000 (0.0000) spf_private_norm 0.0004 (0.0004) spf_private_orth_ratio 0.0000 (0.0000) lr 1.0000e-03 eta 0:00:00 user 6
Finish training: 6 user
Deploy the last-epoch model
6 User, Elapsed: 0:00:01
epoch [1/1] batch [1/2] time 0.756 (0.756) data 0.685 (0.685) loss 3.5078 (3.5078) acc 15.6250 (15.6250) spf_gamma 0.0500 (0.0500) spf_rank 8.0000 (8.0000) spf_shared_loss 0.0003 (0.0003) spf_private_loss 0.0000 (0.0000) spf_private_norm 0.0004 (0.0004) spf_private_orth_ratio 0.0000 (0.0000) lr 1.0000e-03 eta 0:00:00 user 7
epoch [1/1] batch [2/2] time 0.071 (0.414) data 0.000 (0.342) loss 3.4981 (3.5030) acc 21.8750 (18.7500) spf_gamma 0.0500 (0.0500) spf_rank 8.0000 (8.0000) spf_shared_loss 0.0003 (0.0003) spf_private_loss 0.0000 (0.0000) spf_private_norm 0.0004 (0.0004) spf_private_orth_ratio 0.0000 (0.0000) lr 1.0000e-03 eta 0:00:00 user 7
Finish training: 7 user
Deploy the last-epoch model
7 User, Elapsed: 0:00:01
epoch [1/1] batch [1/2] time 0.679 (0.679) data 0.598 (0.598) loss 3.5059 (3.5059) acc 28.1250 (28.1250) spf_gamma 0.0500 (0.0500) spf_rank 8.0000 (8.0000) spf_shared_loss 0.0003 (0.0003) spf_private_loss 0.0000 (0.0000) spf_private_norm 0.0004 (0.0004) spf_private_orth_ratio 0.0000 (0.0000) lr 1.0000e-03 eta 0:00:00 user 8
epoch [1/1] batch [2/2] time 0.071 (0.375) data 0.000 (0.299) loss 3.0235 (3.2647) acc 34.3750 (31.2500) spf_gamma 0.0500 (0.0500) spf_rank 8.0000 (8.0000) spf_shared_loss 0.0003 (0.0003) spf_private_loss 0.0000 (0.0000) spf_private_norm 0.0004 (0.0004) spf_private_orth_ratio 0.0000 (0.0000) lr 1.0000e-03 eta 0:00:00 user 8
Finish training: 8 user
Deploy the last-epoch model
8 User, Elapsed: 0:00:01
epoch [1/1] batch [1/1] time 0.654 (0.654) data 0.580 (0.580) loss 3.0371 (3.0371) acc 12.5000 (12.5000) spf_gamma 0.0500 (0.0500) spf_rank 8.0000 (8.0000) spf_shared_loss 0.0003 (0.0003) spf_private_loss 0.0000 (0.0000) spf_private_norm 0.0004 (0.0004) spf_private_orth_ratio 0.0000 (0.0000) lr 1.0000e-03 eta 0:00:00 user 9
Finish training: 9 user
Deploy the last-epoch model
9 User, Elapsed: 0:00:01
------------local train finish epoch: 0 -------------
------------local test start-------------
Evaluate on the client0_test set
  0%|          | 0/2 [00:00<?, ?it/s] 50%|█████     | 1/2 [00:01<00:01,  1.50s/it]100%|██████████| 2/2 [00:01<00:00,  1.46it/s]100%|██████████| 2/2 [00:01<00:00,  1.19it/s]
=> result
* total: 180
* correct: 120
* accuracy: 66.7%
* error: 33.3%
* macro_f1: 70.2%
Evaluate on the client1_test set
  0%|          | 0/2 [00:00<?, ?it/s] 50%|█████     | 1/2 [00:01<00:01,  1.39s/it]100%|██████████| 2/2 [00:01<00:00,  1.29it/s]
=> result
* total: 180
* correct: 87
* accuracy: 48.3%
* error: 51.7%
* macro_f1: 53.6%
Evaluate on the client2_test set
  0%|          | 0/2 [00:00<?, ?it/s] 50%|█████     | 1/2 [00:01<00:01,  1.32s/it]100%|██████████| 2/2 [00:01<00:00,  1.34it/s]
=> result
* total: 180
* correct: 40
* accuracy: 22.2%
* error: 77.8%
* macro_f1: 27.7%
Evaluate on the client3_test set
  0%|          | 0/2 [00:00<?, ?it/s] 50%|█████     | 1/2 [00:01<00:01,  1.50s/it]100%|██████████| 2/2 [00:01<00:00,  1.20it/s]
=> result
* total: 180
* correct: 8
* accuracy: 4.4%
* error: 95.6%
* macro_f1: 7.4%
Evaluate on the client4_test set
  0%|          | 0/2 [00:00<?, ?it/s] 50%|█████     | 1/2 [00:01<00:01,  1.41s/it]100%|██████████| 2/2 [00:01<00:00,  1.27it/s]
=> result
* total: 180
* correct: 65
* accuracy: 36.1%
* error: 63.9%
* macro_f1: 37.1%
Evaluate on the client5_test set
  0%|          | 0/2 [00:00<?, ?it/s] 50%|█████     | 1/2 [00:01<00:01,  1.36s/it]100%|██████████| 2/2 [00:01<00:00,  1.32it/s]
=> result
* total: 180
* correct: 82
* accuracy: 45.6%
* error: 54.4%
* macro_f1: 43.5%
Evaluate on the client6_test set
  0%|          | 0/2 [00:00<?, ?it/s] 50%|█████     | 1/2 [00:01<00:01,  1.43s/it]100%|██████████| 2/2 [00:01<00:00,  1.26it/s]
=> result
* total: 180
* correct: 78
* accuracy: 43.3%
* error: 56.7%
* macro_f1: 50.3%
Evaluate on the client7_test set
  0%|          | 0/2 [00:00<?, ?it/s] 50%|█████     | 1/2 [00:01<00:01,  1.45s/it]100%|██████████| 2/2 [00:01<00:00,  1.23it/s]
=> result
* total: 180
* correct: 66
* accuracy: 36.7%
* error: 63.3%
* macro_f1: 44.0%
Evaluate on the client8_test set
  0%|          | 0/2 [00:00<?, ?it/s] 50%|█████     | 1/2 [00:01<00:01,  1.51s/it]100%|██████████| 2/2 [00:01<00:00,  1.20it/s]
=> result
* total: 180
* correct: 61
* accuracy: 33.9%
* error: 66.1%
* macro_f1: 34.1%
Evaluate on the client9_test set
  0%|          | 0/1 [00:00<?, ?it/s]100%|██████████| 1/1 [00:01<00:00,  1.17s/it]100%|██████████| 1/1 [00:01<00:00,  1.25s/it]=> result
* total: 72
* correct: 20
* accuracy: 27.8%
* error: 72.2%
* macro_f1: 39.8%
0 --Local test acc: 66.66666666666667
1 --Local test acc: 48.333333333333336
2 --Local test acc: 22.22222222222222
3 --Local test acc: 4.444444444444445
4 --Local test acc: 36.111111111111114
5 --Local test acc: 45.55555555555556
6 --Local test acc: 43.333333333333336
7 --Local test acc: 36.666666666666664
8 --Local test acc: 33.888888888888886
9 --Local test acc: 27.77777777777778
--Global test acc: 36.50000000000001
Epoch:0
------------local test finish-------------
idxs_users [0, 1, 2, 3, 4, 5, 6, 7, 8, 9]
------------local train start epoch: 1 -------------

epoch [1/1] batch [1/2] time 0.673 (0.673) data 0.593 (0.593) loss 2.2793 (2.2793) acc 59.3750 (59.3750) spf_gamma 0.0500 (0.0500) spf_rank 8.0000 (8.0000) spf_shared_loss 0.0003 (0.0003) spf_private_loss 0.0000 (0.0000) spf_private_norm 0.0004 (0.0004) spf_private_orth_ratio 0.0000 (0.0000) lr 1.0000e-03 eta 0:00:00 user 0
epoch [1/1] batch [2/2] time 0.078 (0.376) data 0.000 (0.297) loss 1.9248 (2.1021) acc 62.5000 (60.9375) spf_gamma 0.0500 (0.0500) spf_rank 8.0000 (8.0000) spf_shared_loss 0.0003 (0.0003) spf_private_loss 0.0000 (0.0000) spf_private_norm 0.0004 (0.0004) spf_private_orth_ratio 0.0000 (0.0000) lr 1.0000e-03 eta 0:00:00 user 0
Finish training: 0 user
Deploy the last-epoch model
0 User, Elapsed: 0:00:01
epoch [1/1] batch [1/2] time 0.759 (0.759) data 0.674 (0.674) loss 2.7500 (2.7500) acc 40.6250 (40.6250) spf_gamma 0.0500 (0.0500) spf_rank 8.0000 (8.0000) spf_shared_loss 0.0003 (0.0003) spf_private_loss 0.0000 (0.0000) spf_private_norm 0.0004 (0.0004) spf_private_orth_ratio 0.0000 (0.0000) lr 1.0000e-03 eta 0:00:00 user 1
epoch [1/1] batch [2/2] time 0.072 (0.415) data 0.000 (0.337) loss 2.6035 (2.6768) acc 34.3750 (37.5000) spf_gamma 0.0500 (0.0500) spf_rank 8.0000 (8.0000) spf_shared_loss 0.0003 (0.0003) spf_private_loss 0.0000 (0.0000) spf_private_norm 0.0004 (0.0004) spf_private_orth_ratio 0.0000 (0.0000) lr 1.0000e-03 eta 0:00:00 user 1
Finish training: 1 user
Deploy the last-epoch model
1 User, Elapsed: 0:00:01
epoch [1/1] batch [1/2] time 0.615 (0.615) data 0.533 (0.533) loss 2.7071 (2.7071) acc 31.2500 (31.2500) spf_gamma 0.0500 (0.0500) spf_rank 8.0000 (8.0000) spf_shared_loss 0.0003 (0.0003) spf_private_loss 0.0000 (0.0000) spf_private_norm 0.0004 (0.0004) spf_private_orth_ratio 0.0000 (0.0000) lr 1.0000e-03 eta 0:00:00 user 2
epoch [1/1] batch [2/2] time 0.072 (0.343) data 0.000 (0.267) loss 2.7813 (2.7442) acc 31.2500 (31.2500) spf_gamma 0.0500 (0.0500) spf_rank 8.0000 (8.0000) spf_shared_loss 0.0002 (0.0002) spf_private_loss 0.0000 (0.0000) spf_private_norm 0.0004 (0.0004) spf_private_orth_ratio 0.0000 (0.0000) lr 1.0000e-03 eta 0:00:00 user 2
Finish training: 2 user
Deploy the last-epoch model
2 User, Elapsed: 0:00:01
epoch [1/1] batch [1/2] time 0.648 (0.648) data 0.571 (0.571) loss 3.5020 (3.5020) acc 6.2500 (6.2500) spf_gamma 0.0500 (0.0500) spf_rank 8.0000 (8.0000) spf_shared_loss 0.0003 (0.0003) spf_private_loss 0.0000 (0.0000) spf_private_norm 0.0004 (0.0004) spf_private_orth_ratio 0.0000 (0.0000) lr 1.0000e-03 eta 0:00:00 user 3
epoch [1/1] batch [2/2] time 0.081 (0.365) data 0.000 (0.286) loss 3.1289 (3.3155) acc 0.0000 (3.1250) spf_gamma 0.0500 (0.0500) spf_rank 8.0000 (8.0000) spf_shared_loss 0.0003 (0.0003) spf_private_loss 0.0000 (0.0000) spf_private_norm 0.0004 (0.0004) spf_private_orth_ratio 0.0000 (0.0000) lr 1.0000e-03 eta 0:00:00 user 3
Finish training: 3 user
Deploy the last-epoch model
3 User, Elapsed: 0:00:01
epoch [1/1] batch [1/2] time 0.669 (0.669) data 0.587 (0.587) loss 2.6856 (2.6856) acc 28.1250 (28.1250) spf_gamma 0.0500 (0.0500) spf_rank 8.0000 (8.0000) spf_shared_loss 0.0003 (0.0003) spf_private_loss 0.0000 (0.0000) spf_private_norm 0.0004 (0.0004) spf_private_orth_ratio 0.0000 (0.0000) lr 1.0000e-03 eta 0:00:00 user 4
epoch [1/1] batch [2/2] time 0.072 (0.370) data 0.000 (0.294) loss 2.4414 (2.5635) acc 43.7500 (35.9375) spf_gamma 0.0500 (0.0500) spf_rank 8.0000 (8.0000) spf_shared_loss 0.0003 (0.0003) spf_private_loss 0.0000 (0.0000) spf_private_norm 0.0004 (0.0004) spf_private_orth_ratio 0.0000 (0.0000) lr 1.0000e-03 eta 0:00:00 user 4
Finish training: 4 user
Deploy the last-epoch model
4 User, Elapsed: 0:00:01
epoch [1/1] batch [1/2] time 0.684 (0.684) data 0.606 (0.606) loss 2.1094 (2.1094) acc 37.5000 (37.5000) spf_gamma 0.0500 (0.0500) spf_rank 8.0000 (8.0000) spf_shared_loss 0.0003 (0.0003) spf_private_loss 0.0000 (0.0000) spf_private_norm 0.0004 (0.0004) spf_private_orth_ratio 0.0000 (0.0000) lr 1.0000e-03 eta 0:00:00 user 5
epoch [1/1] batch [2/2] time 0.075 (0.380) data 0.000 (0.303) loss 2.1426 (2.1260) acc 40.6250 (39.0625) spf_gamma 0.0500 (0.0500) spf_rank 8.0000 (8.0000) spf_shared_loss 0.0003 (0.0003) spf_private_loss 0.0000 (0.0000) spf_private_norm 0.0004 (0.0004) spf_private_orth_ratio 0.0000 (0.0000) lr 1.0000e-03 eta 0:00:00 user 5
Finish training: 5 user
Deploy the last-epoch model
5 User, Elapsed: 0:00:01
epoch [1/1] batch [1/2] time 0.622 (0.622) data 0.535 (0.535) loss 2.5528 (2.5528) acc 37.5000 (37.5000) spf_gamma 0.0500 (0.0500) spf_rank 8.0000 (8.0000) spf_shared_loss 0.0003 (0.0003) spf_private_loss 0.0000 (0.0000) spf_private_norm 0.0004 (0.0004) spf_private_orth_ratio 0.0000 (0.0000) lr 1.0000e-03 eta 0:00:00 user 6
epoch [1/1] batch [2/2] time 0.077 (0.350) data 0.000 (0.268) loss 1.9707 (2.2617) acc 53.1250 (45.3125) spf_gamma 0.0500 (0.0500) spf_rank 8.0000 (8.0000) spf_shared_loss 0.0003 (0.0003) spf_private_loss 0.0000 (0.0000) spf_private_norm 0.0004 (0.0004) spf_private_orth_ratio 0.0000 (0.0000) lr 1.0000e-03 eta 0:00:00 user 6
Finish training: 6 user
Deploy the last-epoch model
6 User, Elapsed: 0:00:01
epoch [1/1] batch [1/2] time 0.687 (0.687) data 0.607 (0.607) loss 3.2676 (3.2676) acc 25.0000 (25.0000) spf_gamma 0.0500 (0.0500) spf_rank 8.0000 (8.0000) spf_shared_loss 0.0003 (0.0003) spf_private_loss 0.0000 (0.0000) spf_private_norm 0.0004 (0.0004) spf_private_orth_ratio 0.0000 (0.0000) lr 1.0000e-03 eta 0:00:00 user 7
epoch [1/1] batch [2/2] time 0.087 (0.387) data 0.000 (0.304) loss 2.9375 (3.1026) acc 37.5000 (31.2500) spf_gamma 0.0500 (0.0500) spf_rank 8.0000 (8.0000) spf_shared_loss 0.0003 (0.0003) spf_private_loss 0.0000 (0.0000) spf_private_norm 0.0004 (0.0004) spf_private_orth_ratio 0.0000 (0.0000) lr 1.0000e-03 eta 0:00:00 user 7
Finish training: 7 user
Deploy the last-epoch model
7 User, Elapsed: 0:00:01
epoch [1/1] batch [1/2] time 0.623 (0.623) data 0.539 (0.539) loss 2.4688 (2.4688) acc 34.3750 (34.3750) spf_gamma 0.0500 (0.0500) spf_rank 8.0000 (8.0000) spf_shared_loss 0.0003 (0.0003) spf_private_loss 0.0000 (0.0000) spf_private_norm 0.0004 (0.0004) spf_private_orth_ratio 0.0000 (0.0000) lr 1.0000e-03 eta 0:00:00 user 8
epoch [1/1] batch [2/2] time 0.086 (0.354) data 0.000 (0.270) loss 2.9239 (2.6963) acc 37.5000 (35.9375) spf_gamma 0.0500 (0.0500) spf_rank 8.0000 (8.0000) spf_shared_loss 0.0003 (0.0003) spf_private_loss 0.0000 (0.0000) spf_private_norm 0.0004 (0.0004) spf_private_orth_ratio 0.0000 (0.0000) lr 1.0000e-03 eta 0:00:00 user 8
Finish training: 8 user
Deploy the last-epoch model
8 User, Elapsed: 0:00:01
epoch [1/1] batch [1/1] time 0.662 (0.662) data 0.575 (0.575) loss 2.9942 (2.9942) acc 18.7500 (18.7500) spf_gamma 0.0500 (0.0500) spf_rank 8.0000 (8.0000) spf_shared_loss 0.0003 (0.0003) spf_private_loss 0.0000 (0.0000) spf_private_norm 0.0004 (0.0004) spf_private_orth_ratio 0.0000 (0.0000) lr 1.0000e-03 eta 0:00:00 user 9
Finish training: 9 user
Deploy the last-epoch model
9 User, Elapsed: 0:00:01
------------local train finish epoch: 1 -------------
------------local test start-------------
Evaluate on the client0_test set
  0%|          | 0/2 [00:00<?, ?it/s] 50%|█████     | 1/2 [00:01<00:01,  1.28s/it]100%|██████████| 2/2 [00:01<00:00,  1.26it/s]
=> result
* total: 180
* correct: 105
* accuracy: 58.3%
* error: 41.7%
* macro_f1: 63.6%
Evaluate on the client1_test set
  0%|          | 0/2 [00:00<?, ?it/s] 50%|█████     | 1/2 [00:01<00:01,  1.52s/it]100%|██████████| 2/2 [00:01<00:00,  1.18it/s]
=> result
* total: 180
* correct: 98
* accuracy: 54.4%
* error: 45.6%
* macro_f1: 59.7%
Evaluate on the client2_test set
  0%|          | 0/2 [00:00<?, ?it/s] 50%|█████     | 1/2 [00:01<00:01,  1.27s/it]100%|██████████| 2/2 [00:01<00:00,  1.65it/s]100%|██████████| 2/2 [00:01<00:00,  1.32it/s]
=> result
* total: 180
* correct: 74
* accuracy: 41.1%
* error: 58.9%
* macro_f1: 53.1%
Evaluate on the client3_test set
  0%|          | 0/2 [00:00<?, ?it/s] 50%|█████     | 1/2 [00:01<00:01,  1.31s/it]100%|██████████| 2/2 [00:01<00:00,  1.34it/s]
=> result
* total: 180
* correct: 61
* accuracy: 33.9%
* error: 66.1%
* macro_f1: 35.9%
Evaluate on the client4_test set
  0%|          | 0/2 [00:00<?, ?it/s] 50%|█████     | 1/2 [00:01<00:01,  1.25s/it]100%|██████████| 2/2 [00:01<00:00,  1.42it/s]
=> result
* total: 180
* correct: 65
* accuracy: 36.1%
* error: 63.9%
* macro_f1: 35.5%
Evaluate on the client5_test set
  0%|          | 0/2 [00:00<?, ?it/s] 50%|█████     | 1/2 [00:01<00:01,  1.30s/it]100%|██████████| 2/2 [00:01<00:00,  1.62it/s]100%|██████████| 2/2 [00:01<00:00,  1.29it/s]
=> result
* total: 180
* correct: 103
* accuracy: 57.2%
* error: 42.8%
* macro_f1: 54.7%
Evaluate on the client6_test set
  0%|          | 0/2 [00:00<?, ?it/s] 50%|█████     | 1/2 [00:01<00:01,  1.33s/it]100%|██████████| 2/2 [00:01<00:00,  1.33it/s]
=> result
* total: 180
* correct: 125
* accuracy: 69.4%
* error: 30.6%
* macro_f1: 79.2%
Evaluate on the client7_test set
  0%|          | 0/2 [00:00<?, ?it/s] 50%|█████     | 1/2 [00:01<00:01,  1.34s/it]100%|██████████| 2/2 [00:01<00:00,  1.58it/s]100%|██████████| 2/2 [00:01<00:00,  1.29it/s]
=> result
* total: 180
* correct: 84
* accuracy: 46.7%
* error: 53.3%
* macro_f1: 54.9%
Evaluate on the client8_test set
  0%|          | 0/2 [00:00<?, ?it/s] 50%|█████     | 1/2 [00:01<00:01,  1.31s/it]100%|██████████| 2/2 [00:01<00:00,  1.64it/s]100%|██████████| 2/2 [00:01<00:00,  1.31it/s]
=> result
* total: 180
* correct: 80
* accuracy: 44.4%
* error: 55.6%
* macro_f1: 41.5%
Evaluate on the client9_test set
  0%|          | 0/1 [00:00<?, ?it/s]100%|██████████| 1/1 [00:00<00:00,  1.01it/s]100%|██████████| 1/1 [00:01<00:00,  1.07s/it]=> result
* total: 72
* correct: 33
* accuracy: 45.8%
* error: 54.2%
* macro_f1: 62.7%
0 --Local test acc: 58.333333333333336
1 --Local test acc: 54.44444444444444
2 --Local test acc: 41.111111111111114
3 --Local test acc: 33.888888888888886
4 --Local test acc: 36.111111111111114
5 --Local test acc: 57.22222222222222
6 --Local test acc: 69.44444444444444
7 --Local test acc: 46.666666666666664
8 --Local test acc: 44.44444444444444
9 --Local test acc: 45.833333333333336
--Global test acc: 48.75
Epoch:1
------------local test finish-------------
idxs_users [0, 1, 2, 3, 4, 5, 6, 7, 8, 9]
------------local train start epoch: 2 -------------

epoch [1/1] batch [1/2] time 0.698 (0.698) data 0.619 (0.619) loss 1.8955 (1.8955) acc 50.0000 (50.0000) spf_gamma 0.0500 (0.0500) spf_rank 8.0000 (8.0000) spf_shared_loss 0.0003 (0.0003) spf_private_loss 0.0000 (0.0000) spf_private_norm 0.0004 (0.0004) spf_private_orth_ratio 0.0000 (0.0000) lr 1.0000e-03 eta 0:00:00 user 0
epoch [1/1] batch [2/2] time 0.073 (0.385) data 0.000 (0.310) loss 1.6094 (1.7525) acc 62.5000 (56.2500) spf_gamma 0.0500 (0.0500) spf_rank 8.0000 (8.0000) spf_shared_loss 0.0002 (0.0002) spf_private_loss 0.0000 (0.0000) spf_private_norm 0.0004 (0.0004) spf_private_orth_ratio 0.0000 (0.0000) lr 1.0000e-03 eta 0:00:00 user 0
Finish training: 0 user
Deploy the last-epoch model
0 User, Elapsed: 0:00:01
epoch [1/1] batch [1/2] time 0.686 (0.686) data 0.605 (0.605) loss 2.5528 (2.5528) acc 53.1250 (53.1250) spf_gamma 0.0500 (0.0500) spf_rank 8.0000 (8.0000) spf_shared_loss 0.0002 (0.0002) spf_private_loss 0.0000 (0.0000) spf_private_norm 0.0004 (0.0004) spf_private_orth_ratio 0.0000 (0.0000) lr 1.0000e-03 eta 0:00:00 user 1
epoch [1/1] batch [2/2] time 0.078 (0.382) data 0.000 (0.302) loss 2.1211 (2.3369) acc 53.1250 (53.1250) spf_gamma 0.0500 (0.0500) spf_rank 8.0000 (8.0000) spf_shared_loss 0.0002 (0.0002) spf_private_loss 0.0000 (0.0000) spf_private_norm 0.0004 (0.0004) spf_private_orth_ratio 0.0000 (0.0000) lr 1.0000e-03 eta 0:00:00 user 1
Finish training: 1 user
Deploy the last-epoch model
1 User, Elapsed: 0:00:01
epoch [1/1] batch [1/2] time 0.697 (0.697) data 0.611 (0.611) loss 2.5371 (2.5371) acc 40.6250 (40.6250) spf_gamma 0.0500 (0.0500) spf_rank 8.0000 (8.0000) spf_shared_loss 0.0003 (0.0003) spf_private_loss 0.0000 (0.0000) spf_private_norm 0.0004 (0.0004) spf_private_orth_ratio 0.0000 (0.0000) lr 1.0000e-03 eta 0:00:00 user 2
epoch [1/1] batch [2/2] time 0.077 (0.387) data 0.000 (0.306) loss 1.6592 (2.0982) acc 59.3750 (50.0000) spf_gamma 0.0500 (0.0500) spf_rank 8.0000 (8.0000) spf_shared_loss 0.0002 (0.0002) spf_private_loss 0.0000 (0.0000) spf_private_norm 0.0004 (0.0004) spf_private_orth_ratio 0.0000 (0.0000) lr 1.0000e-03 eta 0:00:00 user 2
Finish training: 2 user
Deploy the last-epoch model
2 User, Elapsed: 0:00:01
epoch [1/1] batch [1/2] time 0.662 (0.662) data 0.574 (0.574) loss 2.6114 (2.6114) acc 28.1250 (28.1250) spf_gamma 0.0500 (0.0500) spf_rank 8.0000 (8.0000) spf_shared_loss 0.0002 (0.0002) spf_private_loss 0.0000 (0.0000) spf_private_norm 0.0004 (0.0004) spf_private_orth_ratio 0.0000 (0.0000) lr 1.0000e-03 eta 0:00:00 user 3
epoch [1/1] batch [2/2] time 0.073 (0.368) data 0.000 (0.287) loss 2.2578 (2.4346) acc 46.8750 (37.5000) spf_gamma 0.0500 (0.0500) spf_rank 8.0000 (8.0000) spf_shared_loss 0.0003 (0.0002) spf_private_loss 0.0000 (0.0000) spf_private_norm 0.0004 (0.0004) spf_private_orth_ratio 0.0000 (0.0000) lr 1.0000e-03 eta 0:00:00 user 3
Finish training: 3 user
Deploy the last-epoch model
3 User, Elapsed: 0:00:01
epoch [1/1] batch [1/2] time 0.702 (0.702) data 0.625 (0.625) loss 2.2852 (2.2852) acc 43.7500 (43.7500) spf_gamma 0.0500 (0.0500) spf_rank 8.0000 (8.0000) spf_shared_loss 0.0003 (0.0003) spf_private_loss 0.0000 (0.0000) spf_private_norm 0.0004 (0.0004) spf_private_orth_ratio 0.0000 (0.0000) lr 1.0000e-03 eta 0:00:00 user 4
epoch [1/1] batch [2/2] time 0.073 (0.388) data 0.000 (0.312) loss 2.3867 (2.3360) acc 43.7500 (43.7500) spf_gamma 0.0500 (0.0500) spf_rank 8.0000 (8.0000) spf_shared_loss 0.0002 (0.0002) spf_private_loss 0.0000 (0.0000) spf_private_norm 0.0004 (0.0004) spf_private_orth_ratio 0.0000 (0.0000) lr 1.0000e-03 eta 0:00:00 user 4
Finish training: 4 user
Deploy the last-epoch model
4 User, Elapsed: 0:00:01
epoch [1/1] batch [1/2] time 0.808 (0.808) data 0.610 (0.610) loss 1.8389 (1.8389) acc 50.0000 (50.0000) spf_gamma 0.0500 (0.0500) spf_rank 8.0000 (8.0000) spf_shared_loss 0.0003 (0.0003) spf_private_loss 0.0000 (0.0000) spf_private_norm 0.0004 (0.0004) spf_private_orth_ratio 0.0000 (0.0000) lr 1.0000e-03 eta 0:00:00 user 5
epoch [1/1] batch [2/2] time 0.149 (0.479) data 0.000 (0.305) loss 1.0489 (1.4439) acc 84.3750 (67.1875) spf_gamma 0.0500 (0.0500) spf_rank 8.0000 (8.0000) spf_shared_loss 0.0002 (0.0003) spf_private_loss 0.0000 (0.0000) spf_private_norm 0.0004 (0.0004) spf_private_orth_ratio 0.0000 (0.0000) lr 1.0000e-03 eta 0:00:00 user 5
Finish training: 5 user
Deploy the last-epoch model
5 User, Elapsed: 0:00:01
epoch [1/1] batch [1/2] time 0.662 (0.662) data 0.584 (0.584) loss 1.7334 (1.7334) acc 68.7500 (68.7500) spf_gamma 0.0500 (0.0500) spf_rank 8.0000 (8.0000) spf_shared_loss 0.0003 (0.0003) spf_private_loss 0.0000 (0.0000) spf_private_norm 0.0004 (0.0004) spf_private_orth_ratio 0.0000 (0.0000) lr 1.0000e-03 eta 0:00:00 user 6
epoch [1/1] batch [2/2] time 0.079 (0.371) data 0.000 (0.292) loss 1.8946 (1.8140) acc 56.2500 (62.5000) spf_gamma 0.0500 (0.0500) spf_rank 8.0000 (8.0000) spf_shared_loss 0.0003 (0.0003) spf_private_loss 0.0000 (0.0000) spf_private_norm 0.0004 (0.0004) spf_private_orth_ratio 0.0000 (0.0000) lr 1.0000e-03 eta 0:00:00 user 6
Finish training: 6 user
Deploy the last-epoch model
6 User, Elapsed: 0:00:01
epoch [1/1] batch [1/2] time 0.716 (0.716) data 0.643 (0.643) loss 2.3106 (2.3106) acc 62.5000 (62.5000) spf_gamma 0.0500 (0.0500) spf_rank 8.0000 (8.0000) spf_shared_loss 0.0002 (0.0002) spf_private_loss 0.0000 (0.0000) spf_private_norm 0.0004 (0.0004) spf_private_orth_ratio 0.0000 (0.0000) lr 1.0000e-03 eta 0:00:00 user 7
epoch [1/1] batch [2/2] time 0.079 (0.398) data 0.000 (0.322) loss 2.7793 (2.5449) acc 40.6250 (51.5625) spf_gamma 0.0500 (0.0500) spf_rank 8.0000 (8.0000) spf_shared_loss 0.0003 (0.0003) spf_private_loss 0.0000 (0.0000) spf_private_norm 0.0004 (0.0004) spf_private_orth_ratio 0.0000 (0.0000) lr 1.0000e-03 eta 0:00:00 user 7
Finish training: 7 user
Deploy the last-epoch model
7 User, Elapsed: 0:00:01
epoch [1/1] batch [1/2] time 0.667 (0.667) data 0.589 (0.589) loss 3.0918 (3.0918) acc 28.1250 (28.1250) spf_gamma 0.0500 (0.0500) spf_rank 8.0000 (8.0000) spf_shared_loss 0.0003 (0.0003) spf_private_loss 0.0000 (0.0000) spf_private_norm 0.0004 (0.0004) spf_private_orth_ratio 0.0000 (0.0000) lr 1.0000e-03 eta 0:00:00 user 8
epoch [1/1] batch [2/2] time 0.073 (0.370) data 0.000 (0.295) loss 2.4258 (2.7588) acc 53.1250 (40.6250) spf_gamma 0.0500 (0.0500) spf_rank 8.0000 (8.0000) spf_shared_loss 0.0003 (0.0003) spf_private_loss 0.0000 (0.0000) spf_private_norm 0.0004 (0.0004) spf_private_orth_ratio 0.0000 (0.0000) lr 1.0000e-03 eta 0:00:00 user 8
Finish training: 8 user
Deploy the last-epoch model
8 User, Elapsed: 0:00:01
epoch [1/1] batch [1/1] time 0.754 (0.754) data 0.673 (0.673) loss 2.6758 (2.6758) acc 34.3750 (34.3750) spf_gamma 0.0500 (0.0500) spf_rank 8.0000 (8.0000) spf_shared_loss 0.0002 (0.0002) spf_private_loss 0.0000 (0.0000) spf_private_norm 0.0004 (0.0004) spf_private_orth_ratio 0.0000 (0.0000) lr 1.0000e-03 eta 0:00:00 user 9
Finish training: 9 user
Deploy the last-epoch model
9 User, Elapsed: 0:00:01
------------local train finish epoch: 2 -------------
------------local test start-------------
Evaluate on the client0_test set
  0%|          | 0/2 [00:00<?, ?it/s] 50%|█████     | 1/2 [00:01<00:01,  1.32s/it]100%|██████████| 2/2 [00:01<00:00,  1.35it/s]
=> result
* total: 180
* correct: 114
* accuracy: 63.3%
* error: 36.7%
* macro_f1: 65.7%
Evaluate on the client1_test set
  0%|          | 0/2 [00:00<?, ?it/s] 50%|█████     | 1/2 [00:01<00:01,  1.38s/it]100%|██████████| 2/2 [00:01<00:00,  1.30it/s]
=> result
* total: 180
* correct: 101
* accuracy: 56.1%
* error: 43.9%
* macro_f1: 58.9%
Evaluate on the client2_test set
  0%|          | 0/2 [00:00<?, ?it/s] 50%|█████     | 1/2 [00:01<00:01,  1.32s/it]100%|██████████| 2/2 [00:01<00:00,  1.35it/s]
=> result
* total: 180
* correct: 99
* accuracy: 55.0%
* error: 45.0%
* macro_f1: 61.2%
Evaluate on the client3_test set
  0%|          | 0/2 [00:00<?, ?it/s] 50%|█████     | 1/2 [00:01<00:01,  1.38s/it]100%|██████████| 2/2 [00:01<00:00,  1.30it/s]
=> result
* total: 180
* correct: 101
* accuracy: 56.1%
* error: 43.9%
* macro_f1: 55.2%
Evaluate on the client4_test set
  0%|          | 0/2 [00:00<?, ?it/s] 50%|█████     | 1/2 [00:01<00:01,  1.43s/it]100%|██████████| 2/2 [00:01<00:00,  1.25it/s]
=> result
* total: 180
* correct: 73
* accuracy: 40.6%
* error: 59.4%
* macro_f1: 37.7%
Evaluate on the client5_test set
  0%|          | 0/2 [00:00<?, ?it/s] 50%|█████     | 1/2 [00:01<00:01,  1.35s/it]100%|██████████| 2/2 [00:01<00:00,  1.23it/s]
=> result
* total: 180
* correct: 113
* accuracy: 62.8%
* error: 37.2%
* macro_f1: 60.3%
Evaluate on the client6_test set
  0%|          | 0/2 [00:00<?, ?it/s] 50%|█████     | 1/2 [00:01<00:01,  1.36s/it]100%|██████████| 2/2 [00:01<00:00,  1.31it/s]
=> result
* total: 180
* correct: 140
* accuracy: 77.8%
* error: 22.2%
* macro_f1: 81.9%
Evaluate on the client7_test set
  0%|          | 0/2 [00:00<?, ?it/s] 50%|█████     | 1/2 [00:01<00:01,  1.35s/it]100%|██████████| 2/2 [00:01<00:00,  1.49it/s]100%|██████████| 2/2 [00:01<00:00,  1.23it/s]
=> result
* total: 180
* correct: 106
* accuracy: 58.9%
* error: 41.1%
* macro_f1: 65.6%
Evaluate on the client8_test set
  0%|          | 0/2 [00:00<?, ?it/s] 50%|█████     | 1/2 [00:01<00:01,  1.37s/it]100%|██████████| 2/2 [00:01<00:00,  1.46it/s]100%|██████████| 2/2 [00:01<00:00,  1.20it/s]
=> result
* total: 180
* correct: 84
* accuracy: 46.7%
* error: 53.3%
* macro_f1: 41.1%
Evaluate on the client9_test set
  0%|          | 0/1 [00:00<?, ?it/s]100%|██████████| 1/1 [00:01<00:00,  1.04s/it]100%|██████████| 1/1 [00:01<00:00,  1.13s/it]=> result
* total: 72
* correct: 41
* accuracy: 56.9%
* error: 43.1%
* macro_f1: 71.7%
0 --Local test acc: 63.333333333333336
1 --Local test acc: 56.111111111111114
2 --Local test acc: 55.0
3 --Local test acc: 56.111111111111114
4 --Local test acc: 40.55555555555556
5 --Local test acc: 62.77777777777778
6 --Local test acc: 77.77777777777777
7 --Local test acc: 58.888888888888886
8 --Local test acc: 46.666666666666664
9 --Local test acc: 56.94444444444444
--Global test acc: 57.416666666666664
Epoch:2
------------local test finish-------------
idxs_users [0, 1, 2, 3, 4, 5, 6, 7, 8, 9]
------------local train start epoch: 3 -------------

epoch [1/1] batch [1/2] time 0.657 (0.657) data 0.580 (0.580) loss 2.0782 (2.0782) acc 62.5000 (62.5000) spf_gamma 0.0500 (0.0500) spf_rank 8.0000 (8.0000) spf_shared_loss 0.0003 (0.0003) spf_private_loss 0.0000 (0.0000) spf_private_norm 0.0004 (0.0004) spf_private_orth_ratio 0.0000 (0.0000) lr 1.0000e-03 eta 0:00:00 user 0
epoch [1/1] batch [2/2] time 0.079 (0.368) data 0.000 (0.290) loss 1.4453 (1.7617) acc 62.5000 (62.5000) spf_gamma 0.0500 (0.0500) spf_rank 8.0000 (8.0000) spf_shared_loss 0.0003 (0.0003) spf_private_loss 0.0000 (0.0000) spf_private_norm 0.0004 (0.0004) spf_private_orth_ratio 0.0000 (0.0000) lr 1.0000e-03 eta 0:00:00 user 0
Finish training: 0 user
Deploy the last-epoch model
0 User, Elapsed: 0:00:01
epoch [1/1] batch [1/2] time 0.710 (0.710) data 0.628 (0.628) loss 2.2910 (2.2910) acc 56.2500 (56.2500) spf_gamma 0.0500 (0.0500) spf_rank 8.0000 (8.0000) spf_shared_loss 0.0002 (0.0002) spf_private_loss 0.0000 (0.0000) spf_private_norm 0.0004 (0.0004) spf_private_orth_ratio 0.0000 (0.0000) lr 1.0000e-03 eta 0:00:00 user 1
epoch [1/1] batch [2/2] time 0.075 (0.392) data 0.000 (0.314) loss 2.1094 (2.2002) acc 50.0000 (53.1250) spf_gamma 0.0500 (0.0500) spf_rank 8.0000 (8.0000) spf_shared_loss 0.0003 (0.0003) spf_private_loss 0.0000 (0.0000) spf_private_norm 0.0004 (0.0004) spf_private_orth_ratio 0.0000 (0.0000) lr 1.0000e-03 eta 0:00:00 user 1
Finish training: 1 user
Deploy the last-epoch model
1 User, Elapsed: 0:00:01
epoch [1/1] batch [1/2] time 0.670 (0.670) data 0.592 (0.592) loss 1.7051 (1.7051) acc 50.0000 (50.0000) spf_gamma 0.0500 (0.0500) spf_rank 8.0000 (8.0000) spf_shared_loss 0.0003 (0.0003) spf_private_loss 0.0000 (0.0000) spf_private_norm 0.0004 (0.0004) spf_private_orth_ratio 0.0000 (0.0000) lr 1.0000e-03 eta 0:00:00 user 2
epoch [1/1] batch [2/2] time 0.072 (0.371) data 0.000 (0.296) loss 1.4063 (1.5557) acc 56.2500 (53.1250) spf_gamma 0.0500 (0.0500) spf_rank 8.0000 (8.0000) spf_shared_loss 0.0002 (0.0003) spf_private_loss 0.0000 (0.0000) spf_private_norm 0.0004 (0.0004) spf_private_orth_ratio 0.0000 (0.0000) lr 1.0000e-03 eta 0:00:00 user 2
Finish training: 2 user
Deploy the last-epoch model
2 User, Elapsed: 0:00:01
epoch [1/1] batch [1/2] time 0.634 (0.634) data 0.559 (0.559) loss 1.3867 (1.3867) acc 62.5000 (62.5000) spf_gamma 0.0500 (0.0500) spf_rank 8.0000 (8.0000) spf_shared_loss 0.0002 (0.0002) spf_private_loss 0.0000 (0.0000) spf_private_norm 0.0004 (0.0004) spf_private_orth_ratio 0.0000 (0.0000) lr 1.0000e-03 eta 0:00:00 user 3
epoch [1/1] batch [2/2] time 0.072 (0.353) data 0.000 (0.280) loss 1.4229 (1.4048) acc 62.5000 (62.5000) spf_gamma 0.0500 (0.0500) spf_rank 8.0000 (8.0000) spf_shared_loss 0.0002 (0.0002) spf_private_loss 0.0000 (0.0000) spf_private_norm 0.0004 (0.0004) spf_private_orth_ratio 0.0000 (0.0000) lr 1.0000e-03 eta 0:00:00 user 3
Finish training: 3 user
Deploy the last-epoch model
3 User, Elapsed: 0:00:01
epoch [1/1] batch [1/2] time 0.684 (0.684) data 0.611 (0.611) loss 1.9239 (1.9239) acc 56.2500 (56.2500) spf_gamma 0.0500 (0.0500) spf_rank 8.0000 (8.0000) spf_shared_loss 0.0002 (0.0002) spf_private_loss 0.0000 (0.0000) spf_private_norm 0.0004 (0.0004) spf_private_orth_ratio 0.0000 (0.0000) lr 1.0000e-03 eta 0:00:00 user 4
epoch [1/1] batch [2/2] time 0.072 (0.378) data 0.000 (0.306) loss 2.3379 (2.1309) acc 40.6250 (48.4375) spf_gamma 0.0500 (0.0500) spf_rank 8.0000 (8.0000) spf_shared_loss 0.0003 (0.0003) spf_private_loss 0.0000 (0.0000) spf_private_norm 0.0004 (0.0004) spf_private_orth_ratio 0.0000 (0.0000) lr 1.0000e-03 eta 0:00:00 user 4
Finish training: 4 user
Deploy the last-epoch model
4 User, Elapsed: 0:00:01
epoch [1/1] batch [1/2] time 0.797 (0.797) data 0.637 (0.637) loss 1.1143 (1.1143) acc 65.6250 (65.6250) spf_gamma 0.0500 (0.0500) spf_rank 8.0000 (8.0000) spf_shared_loss 0.0003 (0.0003) spf_private_loss 0.0000 (0.0000) spf_private_norm 0.0004 (0.0004) spf_private_orth_ratio 0.0000 (0.0000) lr 1.0000e-03 eta 0:00:00 user 5
epoch [1/1] batch [2/2] time 0.124 (0.461) data 0.000 (0.319) loss 1.0147 (1.0645) acc 68.7500 (67.1875) spf_gamma 0.0500 (0.0500) spf_rank 8.0000 (8.0000) spf_shared_loss 0.0002 (0.0003) spf_private_loss 0.0000 (0.0000) spf_private_norm 0.0004 (0.0004) spf_private_orth_ratio 0.0000 (0.0000) lr 1.0000e-03 eta 0:00:00 user 5
Finish training: 5 user
Deploy the last-epoch model
5 User, Elapsed: 0:00:01
epoch [1/1] batch [1/2] time 0.667 (0.667) data 0.591 (0.591) loss 1.4678 (1.4678) acc 65.6250 (65.6250) spf_gamma 0.0500 (0.0500) spf_rank 8.0000 (8.0000) spf_shared_loss 0.0003 (0.0003) spf_private_loss 0.0000 (0.0000) spf_private_norm 0.0004 (0.0004) spf_private_orth_ratio 0.0000 (0.0000) lr 1.0000e-03 eta 0:00:00 user 6
epoch [1/1] batch [2/2] time 0.076 (0.372) data 0.000 (0.296) loss 1.7002 (1.5840) acc 46.8750 (56.2500) spf_gamma 0.0500 (0.0500) spf_rank 8.0000 (8.0000) spf_shared_loss 0.0003 (0.0003) spf_private_loss 0.0000 (0.0000) spf_private_norm 0.0004 (0.0004) spf_private_orth_ratio 0.0000 (0.0000) lr 1.0000e-03 eta 0:00:00 user 6
Finish training: 6 user
Deploy the last-epoch model
6 User, Elapsed: 0:00:01
epoch [1/1] batch [1/2] time 0.735 (0.735) data 0.657 (0.657) loss 2.3340 (2.3340) acc 43.7500 (43.7500) spf_gamma 0.0500 (0.0500) spf_rank 8.0000 (8.0000) spf_shared_loss 0.0002 (0.0002) spf_private_loss 0.0000 (0.0000) spf_private_norm 0.0004 (0.0004) spf_private_orth_ratio 0.0000 (0.0000) lr 1.0000e-03 eta 0:00:00 user 7
epoch [1/1] batch [2/2] time 0.086 (0.411) data 0.000 (0.328) loss 2.2110 (2.2725) acc 43.7500 (43.7500) spf_gamma 0.0500 (0.0500) spf_rank 8.0000 (8.0000) spf_shared_loss 0.0002 (0.0002) spf_private_loss 0.0000 (0.0000) spf_private_norm 0.0004 (0.0004) spf_private_orth_ratio 0.0000 (0.0000) lr 1.0000e-03 eta 0:00:00 user 7
Finish training: 7 user
Deploy the last-epoch model
7 User, Elapsed: 0:00:01
epoch [1/1] batch [1/2] time 0.735 (0.735) data 0.649 (0.649) loss 2.2071 (2.2071) acc 56.2500 (56.2500) spf_gamma 0.0500 (0.0500) spf_rank 8.0000 (8.0000) spf_shared_loss 0.0002 (0.0002) spf_private_loss 0.0000 (0.0000) spf_private_norm 0.0004 (0.0004) spf_private_orth_ratio 0.0000 (0.0000) lr 1.0000e-03 eta 0:00:00 user 8
epoch [1/1] batch [2/2] time 0.083 (0.409) data 0.000 (0.325) loss 2.9356 (2.5713) acc 31.2500 (43.7500) spf_gamma 0.0500 (0.0500) spf_rank 8.0000 (8.0000) spf_shared_loss 0.0002 (0.0002) spf_private_loss 0.0000 (0.0000) spf_private_norm 0.0004 (0.0004) spf_private_orth_ratio 0.0000 (0.0000) lr 1.0000e-03 eta 0:00:00 user 8
Finish training: 8 user
Deploy the last-epoch model
8 User, Elapsed: 0:00:01
epoch [1/1] batch [1/1] time 0.655 (0.655) data 0.583 (0.583) loss 2.2754 (2.2754) acc 53.1250 (53.1250) spf_gamma 0.0500 (0.0500) spf_rank 8.0000 (8.0000) spf_shared_loss 0.0002 (0.0002) spf_private_loss 0.0000 (0.0000) spf_private_norm 0.0004 (0.0004) spf_private_orth_ratio 0.0000 (0.0000) lr 1.0000e-03 eta 0:00:00 user 9
Finish training: 9 user
Deploy the last-epoch model
9 User, Elapsed: 0:00:01
------------local train finish epoch: 3 -------------
------------local test start-------------
Evaluate on the client0_test set
  0%|          | 0/2 [00:00<?, ?it/s] 50%|█████     | 1/2 [00:01<00:01,  1.27s/it]100%|██████████| 2/2 [00:01<00:00,  1.38it/s]
=> result
* total: 180
* correct: 123
* accuracy: 68.3%
* error: 31.7%
* macro_f1: 66.8%
Evaluate on the client1_test set
  0%|          | 0/2 [00:00<?, ?it/s] 50%|█████     | 1/2 [00:01<00:01,  1.40s/it]100%|██████████| 2/2 [00:01<00:00,  1.28it/s]
=> result
* total: 180
* correct: 103
* accuracy: 57.2%
* error: 42.8%
* macro_f1: 60.3%
Evaluate on the client2_test set
  0%|          | 0/2 [00:00<?, ?it/s] 50%|█████     | 1/2 [00:01<00:01,  1.36s/it]100%|██████████| 2/2 [00:01<00:00,  1.30it/s]
=> result
* total: 180
* correct: 112
* accuracy: 62.2%
* error: 37.8%
* macro_f1: 70.6%
Evaluate on the client3_test set
  0%|          | 0/2 [00:00<?, ?it/s] 50%|█████     | 1/2 [00:01<00:01,  1.34s/it]100%|██████████| 2/2 [00:01<00:00,  1.33it/s]
=> result
* total: 180
* correct: 129
* accuracy: 71.7%
* error: 28.3%
* macro_f1: 68.0%
Evaluate on the client4_test set
  0%|          | 0/2 [00:00<?, ?it/s] 50%|█████     | 1/2 [00:01<00:01,  1.39s/it]100%|██████████| 2/2 [00:01<00:00,  1.51it/s]100%|██████████| 2/2 [00:01<00:00,  1.22it/s]
=> result
* total: 180
* correct: 92
* accuracy: 51.1%
* error: 48.9%
* macro_f1: 47.2%
Evaluate on the client5_test set
  0%|          | 0/2 [00:00<?, ?it/s] 50%|█████     | 1/2 [00:01<00:01,  1.38s/it]100%|██████████| 2/2 [00:01<00:00,  1.28it/s]
=> result
* total: 180
* correct: 150
* accuracy: 83.3%
* error: 16.7%
* macro_f1: 86.6%
Evaluate on the client6_test set
  0%|          | 0/2 [00:00<?, ?it/s] 50%|█████     | 1/2 [00:01<00:01,  1.31s/it]100%|██████████| 2/2 [00:01<00:00,  1.34it/s]
=> result
* total: 180
* correct: 96
* accuracy: 53.3%
* error: 46.7%
* macro_f1: 61.7%
Evaluate on the client7_test set
  0%|          | 0/2 [00:00<?, ?it/s] 50%|█████     | 1/2 [00:01<00:01,  1.39s/it]100%|██████████| 2/2 [00:01<00:00,  1.28it/s]
=> result
* total: 180
* correct: 114
* accuracy: 63.3%
* error: 36.7%
* macro_f1: 68.3%
Evaluate on the client8_test set
  0%|          | 0/2 [00:00<?, ?it/s] 50%|█████     | 1/2 [00:01<00:01,  1.28s/it]100%|██████████| 2/2 [00:01<00:00,  1.39it/s]
=> result
* total: 180
* correct: 92
* accuracy: 51.1%
* error: 48.9%
* macro_f1: 42.2%
Evaluate on the client9_test set
  0%|          | 0/1 [00:00<?, ?it/s]100%|██████████| 1/1 [00:00<00:00,  1.06it/s]100%|██████████| 1/1 [00:01<00:00,  1.05s/it]=> result
* total: 72
* correct: 46
* accuracy: 63.9%
* error: 36.1%
* macro_f1: 77.2%
0 --Local test acc: 68.33333333333333
1 --Local test acc: 57.22222222222222
2 --Local test acc: 62.22222222222222
3 --Local test acc: 71.66666666666667
4 --Local test acc: 51.111111111111114
5 --Local test acc: 83.33333333333333
6 --Local test acc: 53.333333333333336
7 --Local test acc: 63.333333333333336
8 --Local test acc: 51.111111111111114
9 --Local test acc: 63.888888888888886
--Global test acc: 62.55555555555556
Epoch:3
------------local test finish-------------
idxs_users [0, 1, 2, 3, 4, 5, 6, 7, 8, 9]
------------local train start epoch: 4 -------------

epoch [1/1] batch [1/2] time 0.771 (0.771) data 0.689 (0.689) loss 1.0391 (1.0391) acc 65.6250 (65.6250) spf_gamma 0.0500 (0.0500) spf_rank 8.0000 (8.0000) spf_shared_loss 0.0003 (0.0003) spf_private_loss 0.0000 (0.0000) spf_private_norm 0.0004 (0.0004) spf_private_orth_ratio 0.0000 (0.0000) lr 1.0000e-03 eta 0:00:00 user 0
epoch [1/1] batch [2/2] time 0.073 (0.422) data 0.000 (0.344) loss 0.9878 (1.0135) acc 78.1250 (71.8750) spf_gamma 0.0500 (0.0500) spf_rank 8.0000 (8.0000) spf_shared_loss 0.0003 (0.0003) spf_private_loss 0.0000 (0.0000) spf_private_norm 0.0004 (0.0004) spf_private_orth_ratio 0.0000 (0.0000) lr 1.0000e-03 eta 0:00:00 user 0
Finish training: 0 user
Deploy the last-epoch model
0 User, Elapsed: 0:00:01
epoch [1/1] batch [1/2] time 0.703 (0.703) data 0.624 (0.624) loss 1.5713 (1.5713) acc 59.3750 (59.3750) spf_gamma 0.0500 (0.0500) spf_rank 8.0000 (8.0000) spf_shared_loss 0.0003 (0.0003) spf_private_loss 0.0000 (0.0000) spf_private_norm 0.0004 (0.0004) spf_private_orth_ratio 0.0000 (0.0000) lr 1.0000e-03 eta 0:00:00 user 1
epoch [1/1] batch [2/2] time 0.077 (0.390) data 0.000 (0.312) loss 2.4258 (1.9986) acc 46.8750 (53.1250) spf_gamma 0.0500 (0.0500) spf_rank 8.0000 (8.0000) spf_shared_loss 0.0003 (0.0003) spf_private_loss 0.0000 (0.0000) spf_private_norm 0.0004 (0.0004) spf_private_orth_ratio 0.0000 (0.0000) lr 1.0000e-03 eta 0:00:00 user 1
Finish training: 1 user
Deploy the last-epoch model
1 User, Elapsed: 0:00:01
epoch [1/1] batch [1/2] time 0.678 (0.678) data 0.602 (0.602) loss 1.3535 (1.3535) acc 65.6250 (65.6250) spf_gamma 0.0500 (0.0500) spf_rank 8.0000 (8.0000) spf_shared_loss 0.0003 (0.0003) spf_private_loss 0.0000 (0.0000) spf_private_norm 0.0004 (0.0004) spf_private_orth_ratio 0.0000 (0.0000) lr 1.0000e-03 eta 0:00:00 user 2
epoch [1/1] batch [2/2] time 0.092 (0.385) data 0.000 (0.301) loss 1.6270 (1.4903) acc 50.0000 (57.8125) spf_gamma 0.0500 (0.0500) spf_rank 8.0000 (8.0000) spf_shared_loss 0.0003 (0.0003) spf_private_loss 0.0000 (0.0000) spf_private_norm 0.0004 (0.0004) spf_private_orth_ratio 0.0000 (0.0000) lr 1.0000e-03 eta 0:00:00 user 2
Finish training: 2 user
Deploy the last-epoch model
2 User, Elapsed: 0:00:01
epoch [1/1] batch [1/2] time 0.680 (0.680) data 0.597 (0.597) loss 1.6416 (1.6416) acc 65.6250 (65.6250) spf_gamma 0.0500 (0.0500) spf_rank 8.0000 (8.0000) spf_shared_loss 0.0003 (0.0003) spf_private_loss 0.0000 (0.0000) spf_private_norm 0.0004 (0.0004) spf_private_orth_ratio 0.0000 (0.0000) lr 1.0000e-03 eta 0:00:00 user 3
epoch [1/1] batch [2/2] time 0.077 (0.379) data 0.000 (0.299) loss 2.2598 (1.9507) acc 56.2500 (60.9375) spf_gamma 0.0500 (0.0500) spf_rank 8.0000 (8.0000) spf_shared_loss 0.0003 (0.0003) spf_private_loss 0.0000 (0.0000) spf_private_norm 0.0004 (0.0004) spf_private_orth_ratio 0.0000 (0.0000) lr 1.0000e-03 eta 0:00:00 user 3
Finish training: 3 user
Deploy the last-epoch model
3 User, Elapsed: 0:00:01
epoch [1/1] batch [1/2] time 0.816 (0.816) data 0.652 (0.652) loss 1.9854 (1.9854) acc 53.1250 (53.1250) spf_gamma 0.0500 (0.0500) spf_rank 8.0000 (8.0000) spf_shared_loss 0.0003 (0.0003) spf_private_loss 0.0000 (0.0000) spf_private_norm 0.0004 (0.0004) spf_private_orth_ratio 0.0000 (0.0000) lr 1.0000e-03 eta 0:00:00 user 4
epoch [1/1] batch [2/2] time 0.118 (0.467) data 0.000 (0.326) loss 2.0664 (2.0259) acc 62.5000 (57.8125) spf_gamma 0.0500 (0.0500) spf_rank 8.0000 (8.0000) spf_shared_loss 0.0003 (0.0003) spf_private_loss 0.0000 (0.0000) spf_private_norm 0.0004 (0.0004) spf_private_orth_ratio 0.0000 (0.0000) lr 1.0000e-03 eta 0:00:00 user 4
Finish training: 4 user
Deploy the last-epoch model
4 User, Elapsed: 0:00:01
epoch [1/1] batch [1/2] time 0.701 (0.701) data 0.622 (0.622) loss 0.8023 (0.8023) acc 84.3750 (84.3750) spf_gamma 0.0500 (0.0500) spf_rank 8.0000 (8.0000) spf_shared_loss 0.0003 (0.0003) spf_private_loss 0.0000 (0.0000) spf_private_norm 0.0004 (0.0004) spf_private_orth_ratio 0.0000 (0.0000) lr 1.0000e-03 eta 0:00:00 user 5
epoch [1/1] batch [2/2] time 0.073 (0.387) data 0.000 (0.311) loss 0.5508 (0.6765) acc 90.6250 (87.5000) spf_gamma 0.0500 (0.0500) spf_rank 8.0000 (8.0000) spf_shared_loss 0.0003 (0.0003) spf_private_loss 0.0000 (0.0000) spf_private_norm 0.0004 (0.0004) spf_private_orth_ratio 0.0000 (0.0000) lr 1.0000e-03 eta 0:00:00 user 5
Finish training: 5 user
Deploy the last-epoch model
5 User, Elapsed: 0:00:01
epoch [1/1] batch [1/2] time 0.665 (0.665) data 0.588 (0.588) loss 2.4629 (2.4629) acc 46.8750 (46.8750) spf_gamma 0.0500 (0.0500) spf_rank 8.0000 (8.0000) spf_shared_loss 0.0003 (0.0003) spf_private_loss 0.0000 (0.0000) spf_private_norm 0.0004 (0.0004) spf_private_orth_ratio 0.0000 (0.0000) lr 1.0000e-03 eta 0:00:00 user 6
epoch [1/1] batch [2/2] time 0.072 (0.369) data 0.000 (0.294) loss 1.2608 (1.8618) acc 71.8750 (59.3750) spf_gamma 0.0500 (0.0500) spf_rank 8.0000 (8.0000) spf_shared_loss 0.0003 (0.0003) spf_private_loss 0.0000 (0.0000) spf_private_norm 0.0004 (0.0004) spf_private_orth_ratio 0.0000 (0.0000) lr 1.0000e-03 eta 0:00:00 user 6
Finish training: 6 user
Deploy the last-epoch model
6 User, Elapsed: 0:00:01
epoch [1/1] batch [1/2] time 0.685 (0.685) data 0.608 (0.608) loss 2.0801 (2.0801) acc 56.2500 (56.2500) spf_gamma 0.0500 (0.0500) spf_rank 8.0000 (8.0000) spf_shared_loss 0.0003 (0.0003) spf_private_loss 0.0000 (0.0000) spf_private_norm 0.0004 (0.0004) spf_private_orth_ratio 0.0000 (0.0000) lr 1.0000e-03 eta 0:00:00 user 7
epoch [1/1] batch [2/2] time 0.072 (0.379) data 0.000 (0.304) loss 1.6114 (1.8457) acc 62.5000 (59.3750) spf_gamma 0.0500 (0.0500) spf_rank 8.0000 (8.0000) spf_shared_loss 0.0003 (0.0003) spf_private_loss 0.0000 (0.0000) spf_private_norm 0.0004 (0.0004) spf_private_orth_ratio 0.0000 (0.0000) lr 1.0000e-03 eta 0:00:00 user 7
Finish training: 7 user
Deploy the last-epoch model
7 User, Elapsed: 0:00:01
epoch [1/1] batch [1/2] time 0.691 (0.691) data 0.609 (0.609) loss 2.6680 (2.6680) acc 43.7500 (43.7500) spf_gamma 0.0500 (0.0500) spf_rank 8.0000 (8.0000) spf_shared_loss 0.0003 (0.0003) spf_private_loss 0.0000 (0.0000) spf_private_norm 0.0004 (0.0004) spf_private_orth_ratio 0.0000 (0.0000) lr 1.0000e-03 eta 0:00:00 user 8
epoch [1/1] batch [2/2] time 0.077 (0.384) data 0.000 (0.305) loss 1.9551 (2.3115) acc 59.3750 (51.5625) spf_gamma 0.0500 (0.0500) spf_rank 8.0000 (8.0000) spf_shared_loss 0.0003 (0.0003) spf_private_loss 0.0000 (0.0000) spf_private_norm 0.0004 (0.0004) spf_private_orth_ratio 0.0000 (0.0000) lr 1.0000e-03 eta 0:00:00 user 8
Finish training: 8 user
Deploy the last-epoch model
8 User, Elapsed: 0:00:01
epoch [1/1] batch [1/1] time 0.707 (0.707) data 0.632 (0.632) loss 2.1133 (2.1133) acc 56.2500 (56.2500) spf_gamma 0.0500 (0.0500) spf_rank 8.0000 (8.0000) spf_shared_loss 0.0003 (0.0003) spf_private_loss 0.0000 (0.0000) spf_private_norm 0.0004 (0.0004) spf_private_orth_ratio 0.0000 (0.0000) lr 1.0000e-03 eta 0:00:00 user 9
Finish training: 9 user
Deploy the last-epoch model
9 User, Elapsed: 0:00:01
------------local train finish epoch: 4 -------------
------------local test start-------------
Evaluate on the client0_test set
  0%|          | 0/2 [00:00<?, ?it/s] 50%|█████     | 1/2 [00:01<00:01,  1.23s/it]100%|██████████| 2/2 [00:01<00:00,  1.42it/s]
=> result
* total: 180
* correct: 126
* accuracy: 70.0%
* error: 30.0%
* macro_f1: 72.5%
Evaluate on the client1_test set
  0%|          | 0/2 [00:00<?, ?it/s] 50%|█████     | 1/2 [00:01<00:01,  1.28s/it]100%|██████████| 2/2 [00:01<00:00,  1.38it/s]
=> result
* total: 180
* correct: 125
* accuracy: 69.4%
* error: 30.6%
* macro_f1: 72.6%
Evaluate on the client2_test set
  0%|          | 0/2 [00:00<?, ?it/s] 50%|█████     | 1/2 [00:01<00:01,  1.32s/it]100%|██████████| 2/2 [00:01<00:00,  1.34it/s]
=> result
* total: 180
* correct: 118
* accuracy: 65.6%
* error: 34.4%
* macro_f1: 70.4%
Evaluate on the client3_test set
  0%|          | 0/2 [00:00<?, ?it/s] 50%|█████     | 1/2 [00:01<00:01,  1.42s/it]100%|██████████| 2/2 [00:01<00:00,  1.26it/s]
=> result
* total: 180
* correct: 115
* accuracy: 63.9%
* error: 36.1%
* macro_f1: 66.7%
Evaluate on the client4_test set
  0%|          | 0/2 [00:00<?, ?it/s] 50%|█████     | 1/2 [00:01<00:01,  1.32s/it]100%|██████████| 2/2 [00:01<00:00,  1.62it/s]100%|██████████| 2/2 [00:01<00:00,  1.30it/s]
=> result
* total: 180
* correct: 116
* accuracy: 64.4%
* error: 35.6%
* macro_f1: 62.2%
Evaluate on the client5_test set
  0%|          | 0/2 [00:00<?, ?it/s] 50%|█████     | 1/2 [00:01<00:01,  1.33s/it]100%|██████████| 2/2 [00:01<00:00,  1.33it/s]
=> result
* total: 180
* correct: 164
* accuracy: 91.1%
* error: 8.9%
* macro_f1: 92.7%
Evaluate on the client6_test set
  0%|          | 0/2 [00:00<?, ?it/s] 50%|█████     | 1/2 [00:01<00:01,  1.37s/it]100%|██████████| 2/2 [00:01<00:00,  1.29it/s]
=> result
* total: 180
* correct: 134
* accuracy: 74.4%
* error: 25.6%
* macro_f1: 81.3%
Evaluate on the client7_test set
  0%|          | 0/2 [00:00<?, ?it/s] 50%|█████     | 1/2 [00:01<00:01,  1.45s/it]100%|██████████| 2/2 [00:01<00:00,  1.24it/s]
=> result
* total: 180
* correct: 122
* accuracy: 67.8%
* error: 32.2%
* macro_f1: 70.1%
Evaluate on the client8_test set
  0%|          | 0/2 [00:00<?, ?it/s] 50%|█████     | 1/2 [00:01<00:01,  1.45s/it]100%|██████████| 2/2 [00:01<00:00,  1.23it/s]
=> result
* total: 180
* correct: 98
* accuracy: 54.4%
* error: 45.6%
* macro_f1: 43.4%
Evaluate on the client9_test set
  0%|          | 0/1 [00:00<?, ?it/s]100%|██████████| 1/1 [00:01<00:00,  1.01s/it]100%|██████████| 1/1 [00:01<00:00,  1.10s/it]=> result
* total: 72
* correct: 62
* accuracy: 86.1%
* error: 13.9%
* macro_f1: 91.8%
0 --Local test acc: 70.0
1 --Local test acc: 69.44444444444444
2 --Local test acc: 65.55555555555556
3 --Local test acc: 63.888888888888886
4 --Local test acc: 64.44444444444444
5 --Local test acc: 91.11111111111111
6 --Local test acc: 74.44444444444444
7 --Local test acc: 67.77777777777777
8 --Local test acc: 54.44444444444444
9 --Local test acc: 86.11111111111111
--Global test acc: 70.72222222222223
Epoch:4
------------local test finish-------------
idxs_users [0, 1, 2, 3, 4, 5, 6, 7, 8, 9]
------------local train start epoch: 5 -------------

epoch [1/1] batch [1/2] time 0.687 (0.687) data 0.605 (0.605) loss 1.2979 (1.2979) acc 68.7500 (68.7500) spf_gamma 0.0500 (0.0500) spf_rank 8.0000 (8.0000) spf_shared_loss 0.0003 (0.0003) spf_private_loss 0.0000 (0.0000) spf_private_norm 0.0004 (0.0004) spf_private_orth_ratio 0.0000 (0.0000) lr 1.0000e-03 eta 0:00:00 user 0
epoch [1/1] batch [2/2] time 0.072 (0.380) data 0.000 (0.303) loss 0.9868 (1.1424) acc 68.7500 (68.7500) spf_gamma 0.0500 (0.0500) spf_rank 8.0000 (8.0000) spf_shared_loss 0.0003 (0.0003) spf_private_loss 0.0000 (0.0000) spf_private_norm 0.0004 (0.0004) spf_private_orth_ratio 0.0000 (0.0000) lr 1.0000e-03 eta 0:00:00 user 0
Finish training: 0 user
Deploy the last-epoch model
0 User, Elapsed: 0:00:01
epoch [1/1] batch [1/2] time 0.754 (0.754) data 0.584 (0.584) loss 1.5157 (1.5157) acc 65.6250 (65.6250) spf_gamma 0.0500 (0.0500) spf_rank 8.0000 (8.0000) spf_shared_loss 0.0003 (0.0003) spf_private_loss 0.0000 (0.0000) spf_private_norm 0.0004 (0.0004) spf_private_orth_ratio 0.0000 (0.0000) lr 1.0000e-03 eta 0:00:00 user 1
epoch [1/1] batch [2/2] time 0.165 (0.460) data 0.000 (0.292) loss 1.7471 (1.6314) acc 71.8750 (68.7500) spf_gamma 0.0500 (0.0500) spf_rank 8.0000 (8.0000) spf_shared_loss 0.0003 (0.0003) spf_private_loss 0.0000 (0.0000) spf_private_norm 0.0004 (0.0004) spf_private_orth_ratio 0.0000 (0.0000) lr 1.0000e-03 eta 0:00:00 user 1
Finish training: 1 user
Deploy the last-epoch model
1 User, Elapsed: 0:00:01
epoch [1/1] batch [1/2] time 0.703 (0.703) data 0.625 (0.625) loss 1.2715 (1.2715) acc 59.3750 (59.3750) spf_gamma 0.0500 (0.0500) spf_rank 8.0000 (8.0000) spf_shared_loss 0.0003 (0.0003) spf_private_loss 0.0000 (0.0000) spf_private_norm 0.0004 (0.0004) spf_private_orth_ratio 0.0000 (0.0000) lr 1.0000e-03 eta 0:00:00 user 2
epoch [1/1] batch [2/2] time 0.073 (0.388) data 0.000 (0.313) loss 0.8570 (1.0642) acc 75.0000 (67.1875) spf_gamma 0.0500 (0.0500) spf_rank 8.0000 (8.0000) spf_shared_loss 0.0003 (0.0003) spf_private_loss 0.0000 (0.0000) spf_private_norm 0.0004 (0.0004) spf_private_orth_ratio 0.0000 (0.0000) lr 1.0000e-03 eta 0:00:00 user 2
Finish training: 2 user
Deploy the last-epoch model
2 User, Elapsed: 0:00:01
epoch [1/1] batch [1/2] time 0.699 (0.699) data 0.617 (0.617) loss 1.4512 (1.4512) acc 59.3750 (59.3750) spf_gamma 0.0500 (0.0500) spf_rank 8.0000 (8.0000) spf_shared_loss 0.0003 (0.0003) spf_private_loss 0.0000 (0.0000) spf_private_norm 0.0004 (0.0004) spf_private_orth_ratio 0.0000 (0.0000) lr 1.0000e-03 eta 0:00:00 user 3
epoch [1/1] batch [2/2] time 0.075 (0.387) data 0.000 (0.308) loss 0.9932 (1.2222) acc 75.0000 (67.1875) spf_gamma 0.0500 (0.0500) spf_rank 8.0000 (8.0000) spf_shared_loss 0.0003 (0.0003) spf_private_loss 0.0000 (0.0000) spf_private_norm 0.0004 (0.0004) spf_private_orth_ratio 0.0000 (0.0000) lr 1.0000e-03 eta 0:00:00 user 3
Finish training: 3 user
Deploy the last-epoch model
3 User, Elapsed: 0:00:01
epoch [1/1] batch [1/2] time 0.678 (0.678) data 0.593 (0.593) loss 1.3028 (1.3028) acc 78.1250 (78.1250) spf_gamma 0.0500 (0.0500) spf_rank 8.0000 (8.0000) spf_shared_loss 0.0003 (0.0003) spf_private_loss 0.0000 (0.0000) spf_private_norm 0.0004 (0.0004) spf_private_orth_ratio 0.0000 (0.0000) lr 1.0000e-03 eta 0:00:00 user 4
epoch [1/1] batch [2/2] time 0.073 (0.375) data 0.000 (0.297) loss 1.5088 (1.4058) acc 56.2500 (67.1875) spf_gamma 0.0500 (0.0500) spf_rank 8.0000 (8.0000) spf_shared_loss 0.0003 (0.0003) spf_private_loss 0.0000 (0.0000) spf_private_norm 0.0004 (0.0004) spf_private_orth_ratio 0.0000 (0.0000) lr 1.0000e-03 eta 0:00:00 user 4
Finish training: 4 user
Deploy the last-epoch model
4 User, Elapsed: 0:00:01
epoch [1/1] batch [1/2] time 0.722 (0.722) data 0.645 (0.645) loss 0.5010 (0.5010) acc 93.7500 (93.7500) spf_gamma 0.0500 (0.0500) spf_rank 8.0000 (8.0000) spf_shared_loss 0.0003 (0.0003) spf_private_loss 0.0000 (0.0000) spf_private_norm 0.0004 (0.0004) spf_private_orth_ratio 0.0000 (0.0000) lr 1.0000e-03 eta 0:00:00 user 5
epoch [1/1] batch [2/2] time 0.073 (0.398) data 0.000 (0.323) loss 0.2925 (0.3968) acc 96.8750 (95.3125) spf_gamma 0.0500 (0.0500) spf_rank 8.0000 (8.0000) spf_shared_loss 0.0003 (0.0003) spf_private_loss 0.0000 (0.0000) spf_private_norm 0.0004 (0.0004) spf_private_orth_ratio 0.0000 (0.0000) lr 1.0000e-03 eta 0:00:00 user 5
Finish training: 5 user
Deploy the last-epoch model
5 User, Elapsed: 0:00:01
epoch [1/1] batch [1/2] time 0.683 (0.683) data 0.590 (0.590) loss 1.0635 (1.0635) acc 75.0000 (75.0000) spf_gamma 0.0500 (0.0500) spf_rank 8.0000 (8.0000) spf_shared_loss 0.0003 (0.0003) spf_private_loss 0.0000 (0.0000) spf_private_norm 0.0004 (0.0004) spf_private_orth_ratio 0.0000 (0.0000) lr 1.0000e-03 eta 0:00:00 user 6
epoch [1/1] batch [2/2] time 0.190 (0.437) data 0.000 (0.295) loss 1.3096 (1.1865) acc 68.7500 (71.8750) spf_gamma 0.0500 (0.0500) spf_rank 8.0000 (8.0000) spf_shared_loss 0.0003 (0.0003) spf_private_loss 0.0000 (0.0000) spf_private_norm 0.0004 (0.0004) spf_private_orth_ratio 0.0000 (0.0000) lr 1.0000e-03 eta 0:00:00 user 6
Finish training: 6 user
Deploy the last-epoch model
6 User, Elapsed: 0:00:01
epoch [1/1] batch [1/2] time 0.759 (0.759) data 0.684 (0.684) loss 1.6260 (1.6260) acc 62.5000 (62.5000) spf_gamma 0.0500 (0.0500) spf_rank 8.0000 (8.0000) spf_shared_loss 0.0003 (0.0003) spf_private_loss 0.0000 (0.0000) spf_private_norm 0.0004 (0.0004) spf_private_orth_ratio 0.0000 (0.0000) lr 1.0000e-03 eta 0:00:00 user 7
epoch [1/1] batch [2/2] time 0.073 (0.416) data 0.000 (0.342) loss 1.9981 (1.8120) acc 53.1250 (57.8125) spf_gamma 0.0500 (0.0500) spf_rank 8.0000 (8.0000) spf_shared_loss 0.0003 (0.0003) spf_private_loss 0.0000 (0.0000) spf_private_norm 0.0004 (0.0004) spf_private_orth_ratio 0.0000 (0.0000) lr 1.0000e-03 eta 0:00:00 user 7
Finish training: 7 user
Deploy the last-epoch model
7 User, Elapsed: 0:00:01
epoch [1/1] batch [1/2] time 0.776 (0.776) data 0.700 (0.700) loss 2.0274 (2.0274) acc 59.3750 (59.3750) spf_gamma 0.0500 (0.0500) spf_rank 8.0000 (8.0000) spf_shared_loss 0.0003 (0.0003) spf_private_loss 0.0000 (0.0000) spf_private_norm 0.0004 (0.0004) spf_private_orth_ratio 0.0000 (0.0000) lr 1.0000e-03 eta 0:00:00 user 8
epoch [1/1] batch [2/2] time 0.074 (0.425) data 0.000 (0.350) loss 2.2617 (2.1446) acc 53.1250 (56.2500) spf_gamma 0.0500 (0.0500) spf_rank 8.0000 (8.0000) spf_shared_loss 0.0003 (0.0003) spf_private_loss 0.0000 (0.0000) spf_private_norm 0.0004 (0.0004) spf_private_orth_ratio 0.0000 (0.0000) lr 1.0000e-03 eta 0:00:00 user 8
Finish training: 8 user
Deploy the last-epoch model
8 User, Elapsed: 0:00:01
epoch [1/1] batch [1/1] time 0.683 (0.683) data 0.597 (0.597) loss 1.3174 (1.3174) acc 81.2500 (81.2500) spf_gamma 0.0500 (0.0500) spf_rank 8.0000 (8.0000) spf_shared_loss 0.0003 (0.0003) spf_private_loss 0.0000 (0.0000) spf_private_norm 0.0004 (0.0004) spf_private_orth_ratio 0.0000 (0.0000) lr 1.0000e-03 eta 0:00:00 user 9
Finish training: 9 user
Deploy the last-epoch model
9 User, Elapsed: 0:00:01
------------local train finish epoch: 5 -------------
------------local test start-------------
Evaluate on the client0_test set
  0%|          | 0/2 [00:00<?, ?it/s] 50%|█████     | 1/2 [00:01<00:01,  1.37s/it]100%|██████████| 2/2 [00:01<00:00,  1.29it/s]
=> result
* total: 180
* correct: 123
* accuracy: 68.3%
* error: 31.7%
* macro_f1: 66.1%
Evaluate on the client1_test set
  0%|          | 0/2 [00:00<?, ?it/s] 50%|█████     | 1/2 [00:01<00:01,  1.37s/it]100%|██████████| 2/2 [00:01<00:00,  1.31it/s]
=> result
* total: 180
* correct: 135
* accuracy: 75.0%
* error: 25.0%
* macro_f1: 74.8%
Evaluate on the client2_test set
  0%|          | 0/2 [00:00<?, ?it/s] 50%|█████     | 1/2 [00:01<00:01,  1.30s/it]100%|██████████| 2/2 [00:01<00:00,  1.36it/s]
=> result
* total: 180
* correct: 136
* accuracy: 75.6%
* error: 24.4%
* macro_f1: 79.8%
Evaluate on the client3_test set
  0%|          | 0/2 [00:00<?, ?it/s] 50%|█████     | 1/2 [00:01<00:01,  1.39s/it]100%|██████████| 2/2 [00:01<00:00,  1.28it/s]
=> result
* total: 180
* correct: 132
* accuracy: 73.3%
* error: 26.7%
* macro_f1: 74.7%
Evaluate on the client4_test set
  0%|          | 0/2 [00:00<?, ?it/s] 50%|█████     | 1/2 [00:01<00:01,  1.27s/it]100%|██████████| 2/2 [00:01<00:00,  1.39it/s]
=> result
* total: 180
* correct: 113
* accuracy: 62.8%
* error: 37.2%
* macro_f1: 62.0%
Evaluate on the client5_test set
  0%|          | 0/2 [00:00<?, ?it/s] 50%|█████     | 1/2 [00:01<00:01,  1.29s/it]100%|██████████| 2/2 [00:01<00:00,  1.35it/s]
=> result
* total: 180
* correct: 164
* accuracy: 91.1%
* error: 8.9%
* macro_f1: 92.8%
Evaluate on the client6_test set
  0%|          | 0/2 [00:00<?, ?it/s] 50%|█████     | 1/2 [00:01<00:01,  1.34s/it]100%|██████████| 2/2 [00:01<00:00,  1.33it/s]
=> result
* total: 180
* correct: 136
* accuracy: 75.6%
* error: 24.4%
* macro_f1: 82.6%
Evaluate on the client7_test set
  0%|          | 0/2 [00:00<?, ?it/s] 50%|█████     | 1/2 [00:01<00:01,  1.45s/it]100%|██████████| 2/2 [00:01<00:00,  1.23it/s]
=> result
* total: 180
* correct: 125
* accuracy: 69.4%
* error: 30.6%
* macro_f1: 70.4%
Evaluate on the client8_test set
  0%|          | 0/2 [00:00<?, ?it/s] 50%|█████     | 1/2 [00:01<00:01,  1.49s/it]100%|██████████| 2/2 [00:01<00:00,  1.20it/s]
=> result
* total: 180
* correct: 101
* accuracy: 56.1%
* error: 43.9%
* macro_f1: 44.4%
Evaluate on the client9_test set
  0%|          | 0/1 [00:00<?, ?it/s]100%|██████████| 1/1 [00:01<00:00,  1.07s/it]100%|██████████| 1/1 [00:01<00:00,  1.16s/it]=> result
* total: 72
* correct: 64
* accuracy: 88.9%
* error: 11.1%
* macro_f1: 92.8%
0 --Local test acc: 68.33333333333333
1 --Local test acc: 75.0
2 --Local test acc: 75.55555555555556
3 --Local test acc: 73.33333333333333
4 --Local test acc: 62.77777777777778
5 --Local test acc: 91.11111111111111
6 --Local test acc: 75.55555555555556
7 --Local test acc: 69.44444444444444
8 --Local test acc: 56.111111111111114
9 --Local test acc: 88.88888888888889
--Global test acc: 73.61111111111111
Epoch:5
------------local test finish-------------
idxs_users [0, 1, 2, 3, 4, 5, 6, 7, 8, 9]
------------local train start epoch: 6 -------------

epoch [1/1] batch [1/2] time 0.669 (0.669) data 0.583 (0.583) loss 0.9595 (0.9595) acc 68.7500 (68.7500) spf_gamma 0.0500 (0.0500) spf_rank 8.0000 (8.0000) spf_shared_loss 0.0003 (0.0003) spf_private_loss 0.0000 (0.0000) spf_private_norm 0.0004 (0.0004) spf_private_orth_ratio 0.0000 (0.0000) lr 1.0000e-03 eta 0:00:00 user 0
epoch [1/1] batch [2/2] time 0.073 (0.371) data 0.000 (0.292) loss 0.8643 (0.9119) acc 84.3750 (76.5625) spf_gamma 0.0500 (0.0500) spf_rank 8.0000 (8.0000) spf_shared_loss 0.0003 (0.0003) spf_private_loss 0.0000 (0.0000) spf_private_norm 0.0004 (0.0004) spf_private_orth_ratio 0.0000 (0.0000) lr 1.0000e-03 eta 0:00:00 user 0
Finish training: 0 user
Deploy the last-epoch model
0 User, Elapsed: 0:00:01
epoch [1/1] batch [1/2] time 0.839 (0.839) data 0.673 (0.673) loss 1.2910 (1.2910) acc 68.7500 (68.7500) spf_gamma 0.0500 (0.0500) spf_rank 8.0000 (8.0000) spf_shared_loss 0.0003 (0.0003) spf_private_loss 0.0000 (0.0000) spf_private_norm 0.0004 (0.0004) spf_private_orth_ratio 0.0000 (0.0000) lr 1.0000e-03 eta 0:00:00 user 1
epoch [1/1] batch [2/2] time 0.073 (0.456) data 0.000 (0.336) loss 0.8379 (1.0645) acc 84.3750 (76.5625) spf_gamma 0.0500 (0.0500) spf_rank 8.0000 (8.0000) spf_shared_loss 0.0003 (0.0003) spf_private_loss 0.0000 (0.0000) spf_private_norm 0.0004 (0.0004) spf_private_orth_ratio 0.0000 (0.0000) lr 1.0000e-03 eta 0:00:00 user 1
Finish training: 1 user
Deploy the last-epoch model
1 User, Elapsed: 0:00:01
epoch [1/1] batch [1/2] time 0.703 (0.703) data 0.626 (0.626) loss 0.7251 (0.7251) acc 81.2500 (81.2500) spf_gamma 0.0500 (0.0500) spf_rank 8.0000 (8.0000) spf_shared_loss 0.0003 (0.0003) spf_private_loss 0.0000 (0.0000) spf_private_norm 0.0004 (0.0004) spf_private_orth_ratio 0.0000 (0.0000) lr 1.0000e-03 eta 0:00:00 user 2
epoch [1/1] batch [2/2] time 0.073 (0.388) data 0.000 (0.313) loss 0.7764 (0.7508) acc 71.8750 (76.5625) spf_gamma 0.0500 (0.0500) spf_rank 8.0000 (8.0000) spf_shared_loss 0.0003 (0.0003) spf_private_loss 0.0000 (0.0000) spf_private_norm 0.0004 (0.0004) spf_private_orth_ratio 0.0000 (0.0000) lr 1.0000e-03 eta 0:00:00 user 2
Finish training: 2 user
Deploy the last-epoch model
2 User, Elapsed: 0:00:01
epoch [1/1] batch [1/2] time 0.678 (0.678) data 0.603 (0.603) loss 0.9033 (0.9033) acc 84.3750 (84.3750) spf_gamma 0.0500 (0.0500) spf_rank 8.0000 (8.0000) spf_shared_loss 0.0003 (0.0003) spf_private_loss 0.0000 (0.0000) spf_private_norm 0.0004 (0.0004) spf_private_orth_ratio 0.0000 (0.0000) lr 1.0000e-03 eta 0:00:00 user 3
epoch [1/1] batch [2/2] time 0.073 (0.375) data 0.000 (0.302) loss 0.8907 (0.8970) acc 81.2500 (82.8125) spf_gamma 0.0500 (0.0500) spf_rank 8.0000 (8.0000) spf_shared_loss 0.0003 (0.0003) spf_private_loss 0.0000 (0.0000) spf_private_norm 0.0004 (0.0004) spf_private_orth_ratio 0.0000 (0.0000) lr 1.0000e-03 eta 0:00:00 user 3
Finish training: 3 user
Deploy the last-epoch model
3 User, Elapsed: 0:00:01
epoch [1/1] batch [1/2] time 0.717 (0.717) data 0.636 (0.636) loss 1.1094 (1.1094) acc 65.6250 (65.6250) spf_gamma 0.0500 (0.0500) spf_rank 8.0000 (8.0000) spf_shared_loss 0.0003 (0.0003) spf_private_loss 0.0000 (0.0000) spf_private_norm 0.0004 (0.0004) spf_private_orth_ratio 0.0000 (0.0000) lr 1.0000e-03 eta 0:00:00 user 4
epoch [1/1] batch [2/2] time 0.079 (0.398) data 0.000 (0.318) loss 0.8882 (0.9988) acc 75.0000 (70.3125) spf_gamma 0.0500 (0.0500) spf_rank 8.0000 (8.0000) spf_shared_loss 0.0003 (0.0003) spf_private_loss 0.0000 (0.0000) spf_private_norm 0.0004 (0.0004) spf_private_orth_ratio 0.0000 (0.0000) lr 1.0000e-03 eta 0:00:00 user 4
Finish training: 4 user
Deploy the last-epoch model
4 User, Elapsed: 0:00:01
epoch [1/1] batch [1/2] time 0.720 (0.720) data 0.644 (0.644) loss 0.4275 (0.4275) acc 90.6250 (90.6250) spf_gamma 0.0500 (0.0500) spf_rank 8.0000 (8.0000) spf_shared_loss 0.0003 (0.0003) spf_private_loss 0.0000 (0.0000) spf_private_norm 0.0004 (0.0004) spf_private_orth_ratio 0.0000 (0.0000) lr 1.0000e-03 eta 0:00:00 user 5
epoch [1/1] batch [2/2] time 0.076 (0.398) data 0.000 (0.322) loss 0.2593 (0.3434) acc 96.8750 (93.7500) spf_gamma 0.0500 (0.0500) spf_rank 8.0000 (8.0000) spf_shared_loss 0.0003 (0.0003) spf_private_loss 0.0000 (0.0000) spf_private_norm 0.0004 (0.0004) spf_private_orth_ratio 0.0000 (0.0000) lr 1.0000e-03 eta 0:00:00 user 5
Finish training: 5 user
Deploy the last-epoch model
5 User, Elapsed: 0:00:01
epoch [1/1] batch [1/2] time 0.823 (0.823) data 0.633 (0.633) loss 1.1231 (1.1231) acc 68.7500 (68.7500) spf_gamma 0.0500 (0.0500) spf_rank 8.0000 (8.0000) spf_shared_loss 0.0003 (0.0003) spf_private_loss 0.0000 (0.0000) spf_private_norm 0.0004 (0.0004) spf_private_orth_ratio 0.0000 (0.0000) lr 1.0000e-03 eta 0:00:00 user 6
epoch [1/1] batch [2/2] time 0.156 (0.489) data 0.000 (0.317) loss 1.1582 (1.1407) acc 71.8750 (70.3125) spf_gamma 0.0500 (0.0500) spf_rank 8.0000 (8.0000) spf_shared_loss 0.0003 (0.0003) spf_private_loss 0.0000 (0.0000) spf_private_norm 0.0004 (0.0004) spf_private_orth_ratio 0.0000 (0.0000) lr 1.0000e-03 eta 0:00:00 user 6
Finish training: 6 user
Deploy the last-epoch model
6 User, Elapsed: 0:00:01
epoch [1/1] batch [1/2] time 0.744 (0.744) data 0.670 (0.670) loss 1.6543 (1.6543) acc 65.6250 (65.6250) spf_gamma 0.0500 (0.0500) spf_rank 8.0000 (8.0000) spf_shared_loss 0.0003 (0.0003) spf_private_loss 0.0000 (0.0000) spf_private_norm 0.0004 (0.0004) spf_private_orth_ratio 0.0000 (0.0000) lr 1.0000e-03 eta 0:00:00 user 7
epoch [1/1] batch [2/2] time 0.073 (0.409) data 0.000 (0.335) loss 1.4434 (1.5489) acc 65.6250 (65.6250) spf_gamma 0.0500 (0.0500) spf_rank 8.0000 (8.0000) spf_shared_loss 0.0003 (0.0003) spf_private_loss 0.0000 (0.0000) spf_private_norm 0.0004 (0.0004) spf_private_orth_ratio 0.0000 (0.0000) lr 1.0000e-03 eta 0:00:00 user 7
Finish training: 7 user
Deploy the last-epoch model
7 User, Elapsed: 0:00:01
epoch [1/1] batch [1/2] time 0.685 (0.685) data 0.607 (0.607) loss 2.1289 (2.1289) acc 53.1250 (53.1250) spf_gamma 0.0500 (0.0500) spf_rank 8.0000 (8.0000) spf_shared_loss 0.0003 (0.0003) spf_private_loss 0.0000 (0.0000) spf_private_norm 0.0004 (0.0004) spf_private_orth_ratio 0.0000 (0.0000) lr 1.0000e-03 eta 0:00:00 user 8
epoch [1/1] batch [2/2] time 0.074 (0.380) data 0.000 (0.303) loss 1.8360 (1.9824) acc 59.3750 (56.2500) spf_gamma 0.0500 (0.0500) spf_rank 8.0000 (8.0000) spf_shared_loss 0.0003 (0.0003) spf_private_loss 0.0000 (0.0000) spf_private_norm 0.0004 (0.0004) spf_private_orth_ratio 0.0000 (0.0000) lr 1.0000e-03 eta 0:00:00 user 8
Finish training: 8 user
Deploy the last-epoch model
8 User, Elapsed: 0:00:01
epoch [1/1] batch [1/1] time 0.775 (0.775) data 0.690 (0.690) loss 1.2139 (1.2139) acc 90.6250 (90.6250) spf_gamma 0.0500 (0.0500) spf_rank 8.0000 (8.0000) spf_shared_loss 0.0003 (0.0003) spf_private_loss 0.0000 (0.0000) spf_private_norm 0.0004 (0.0004) spf_private_orth_ratio 0.0000 (0.0000) lr 1.0000e-03 eta 0:00:00 user 9
Finish training: 9 user
Deploy the last-epoch model
9 User, Elapsed: 0:00:01
------------local train finish epoch: 6 -------------
------------local test start-------------
Evaluate on the client0_test set
  0%|          | 0/2 [00:00<?, ?it/s] 50%|█████     | 1/2 [00:01<00:01,  1.36s/it]100%|██████████| 2/2 [00:01<00:00,  1.31it/s]
=> result
* total: 180
* correct: 128
* accuracy: 71.1%
* error: 28.9%
* macro_f1: 69.8%
Evaluate on the client1_test set
  0%|          | 0/2 [00:00<?, ?it/s] 50%|█████     | 1/2 [00:01<00:01,  1.49s/it]100%|██████████| 2/2 [00:01<00:00,  1.22it/s]
=> result
* total: 180
* correct: 130
* accuracy: 72.2%
* error: 27.8%
* macro_f1: 69.1%
Evaluate on the client2_test set
  0%|          | 0/2 [00:00<?, ?it/s] 50%|█████     | 1/2 [00:01<00:01,  1.42s/it]100%|██████████| 2/2 [00:01<00:00,  1.48it/s]100%|██████████| 2/2 [00:01<00:00,  1.19it/s]
=> result
* total: 180
* correct: 137
* accuracy: 76.1%
* error: 23.9%
* macro_f1: 77.9%
Evaluate on the client3_test set
  0%|          | 0/2 [00:00<?, ?it/s] 50%|█████     | 1/2 [00:01<00:01,  1.32s/it]100%|██████████| 2/2 [00:01<00:00,  1.34it/s]
=> result
* total: 180
* correct: 127
* accuracy: 70.6%
* error: 29.4%
* macro_f1: 78.0%
Evaluate on the client4_test set
  0%|          | 0/2 [00:00<?, ?it/s] 50%|█████     | 1/2 [00:01<00:01,  1.28s/it]100%|██████████| 2/2 [00:01<00:00,  1.38it/s]
=> result
* total: 180
* correct: 128
* accuracy: 71.1%
* error: 28.9%
* macro_f1: 69.7%
Evaluate on the client5_test set
  0%|          | 0/2 [00:00<?, ?it/s] 50%|█████     | 1/2 [00:01<00:01,  1.45s/it]100%|██████████| 2/2 [00:01<00:00,  1.23it/s]
=> result
* total: 180
* correct: 165
* accuracy: 91.7%
* error: 8.3%
* macro_f1: 92.4%
Evaluate on the client6_test set
  0%|          | 0/2 [00:00<?, ?it/s] 50%|█████     | 1/2 [00:01<00:01,  1.30s/it]100%|██████████| 2/2 [00:01<00:00,  1.64it/s]100%|██████████| 2/2 [00:01<00:00,  1.31it/s]
=> result
* total: 180
* correct: 147
* accuracy: 81.7%
* error: 18.3%
* macro_f1: 84.2%
Evaluate on the client7_test set
  0%|          | 0/2 [00:00<?, ?it/s] 50%|█████     | 1/2 [00:01<00:01,  1.38s/it]100%|██████████| 2/2 [00:01<00:00,  1.30it/s]
=> result
* total: 180
* correct: 124
* accuracy: 68.9%
* error: 31.1%
* macro_f1: 69.3%
Evaluate on the client8_test set
  0%|          | 0/2 [00:00<?, ?it/s] 50%|█████     | 1/2 [00:01<00:01,  1.55s/it]100%|██████████| 2/2 [00:01<00:00,  1.16it/s]
=> result
* total: 180
* correct: 103
* accuracy: 57.2%
* error: 42.8%
* macro_f1: 44.5%
Evaluate on the client9_test set
  0%|          | 0/1 [00:00<?, ?it/s]100%|██████████| 1/1 [00:01<00:00,  1.03s/it]100%|██████████| 1/1 [00:01<00:00,  1.13s/it]=> result
* total: 72
* correct: 60
* accuracy: 83.3%
* error: 16.7%
* macro_f1: 89.3%
0 --Local test acc: 71.11111111111111
1 --Local test acc: 72.22222222222223
2 --Local test acc: 76.11111111111111
3 --Local test acc: 70.55555555555556
4 --Local test acc: 71.11111111111111
5 --Local test acc: 91.66666666666667
6 --Local test acc: 81.66666666666667
7 --Local test acc: 68.88888888888889
8 --Local test acc: 57.22222222222222
9 --Local test acc: 83.33333333333333
--Global test acc: 74.38888888888889
Epoch:6
------------local test finish-------------
idxs_users [0, 1, 2, 3, 4, 5, 6, 7, 8, 9]
------------local train start epoch: 7 -------------

epoch [1/1] batch [1/2] time 0.784 (0.784) data 0.611 (0.611) loss 0.5528 (0.5528) acc 84.3750 (84.3750) spf_gamma 0.0500 (0.0500) spf_rank 8.0000 (8.0000) spf_shared_loss 0.0003 (0.0003) spf_private_loss 0.0000 (0.0000) spf_private_norm 0.0004 (0.0004) spf_private_orth_ratio 0.0000 (0.0000) lr 1.0000e-03 eta 0:00:00 user 0
epoch [1/1] batch [2/2] time 0.164 (0.474) data 0.000 (0.306) loss 0.9839 (0.7683) acc 78.1250 (81.2500) spf_gamma 0.0500 (0.0500) spf_rank 8.0000 (8.0000) spf_shared_loss 0.0003 (0.0003) spf_private_loss 0.0000 (0.0000) spf_private_norm 0.0004 (0.0004) spf_private_orth_ratio 0.0000 (0.0000) lr 1.0000e-03 eta 0:00:00 user 0
Finish training: 0 user
Deploy the last-epoch model
0 User, Elapsed: 0:00:01
epoch [1/1] batch [1/2] time 0.702 (0.702) data 0.619 (0.619) loss 0.9644 (0.9644) acc 78.1250 (78.1250) spf_gamma 0.0500 (0.0500) spf_rank 8.0000 (8.0000) spf_shared_loss 0.0003 (0.0003) spf_private_loss 0.0000 (0.0000) spf_private_norm 0.0004 (0.0004) spf_private_orth_ratio 0.0000 (0.0000) lr 1.0000e-03 eta 0:00:00 user 1
epoch [1/1] batch [2/2] time 0.073 (0.387) data 0.000 (0.310) loss 1.8457 (1.4051) acc 53.1250 (65.6250) spf_gamma 0.0500 (0.0500) spf_rank 8.0000 (8.0000) spf_shared_loss 0.0003 (0.0003) spf_private_loss 0.0000 (0.0000) spf_private_norm 0.0004 (0.0004) spf_private_orth_ratio 0.0000 (0.0000) lr 1.0000e-03 eta 0:00:00 user 1
Finish training: 1 user
Deploy the last-epoch model
1 User, Elapsed: 0:00:01
epoch [1/1] batch [1/2] time 0.734 (0.734) data 0.577 (0.577) loss 0.7198 (0.7198) acc 84.3750 (84.3750) spf_gamma 0.0500 (0.0500) spf_rank 8.0000 (8.0000) spf_shared_loss 0.0003 (0.0003) spf_private_loss 0.0000 (0.0000) spf_private_norm 0.0004 (0.0004) spf_private_orth_ratio 0.0000 (0.0000) lr 1.0000e-03 eta 0:00:00 user 2
epoch [1/1] batch [2/2] time 0.072 (0.403) data 0.000 (0.289) loss 0.6865 (0.7032) acc 71.8750 (78.1250) spf_gamma 0.0500 (0.0500) spf_rank 8.0000 (8.0000) spf_shared_loss 0.0003 (0.0003) spf_private_loss 0.0000 (0.0000) spf_private_norm 0.0004 (0.0004) spf_private_orth_ratio 0.0000 (0.0000) lr 1.0000e-03 eta 0:00:00 user 2
Finish training: 2 user
Deploy the last-epoch model
2 User, Elapsed: 0:00:01
epoch [1/1] batch [1/2] time 0.636 (0.636) data 0.560 (0.560) loss 0.8921 (0.8921) acc 81.2500 (81.2500) spf_gamma 0.0500 (0.0500) spf_rank 8.0000 (8.0000) spf_shared_loss 0.0003 (0.0003) spf_private_loss 0.0000 (0.0000) spf_private_norm 0.0004 (0.0004) spf_private_orth_ratio 0.0000 (0.0000) lr 1.0000e-03 eta 0:00:00 user 3
epoch [1/1] batch [2/2] time 0.073 (0.354) data 0.000 (0.280) loss 1.0157 (0.9539) acc 81.2500 (81.2500) spf_gamma 0.0500 (0.0500) spf_rank 8.0000 (8.0000) spf_shared_loss 0.0003 (0.0003) spf_private_loss 0.0000 (0.0000) spf_private_norm 0.0004 (0.0004) spf_private_orth_ratio 0.0000 (0.0000) lr 1.0000e-03 eta 0:00:00 user 3
Finish training: 3 user
Deploy the last-epoch model
3 User, Elapsed: 0:00:01
epoch [1/1] batch [1/2] time 0.656 (0.656) data 0.568 (0.568) loss 0.9990 (0.9990) acc 75.0000 (75.0000) spf_gamma 0.0500 (0.0500) spf_rank 8.0000 (8.0000) spf_shared_loss 0.0003 (0.0003) spf_private_loss 0.0000 (0.0000) spf_private_norm 0.0004 (0.0004) spf_private_orth_ratio 0.0000 (0.0000) lr 1.0000e-03 eta 0:00:00 user 4
epoch [1/1] batch [2/2] time 0.075 (0.366) data 0.000 (0.284) loss 1.6592 (1.3291) acc 46.8750 (60.9375) spf_gamma 0.0500 (0.0500) spf_rank 8.0000 (8.0000) spf_shared_loss 0.0003 (0.0003) spf_private_loss 0.0000 (0.0000) spf_private_norm 0.0004 (0.0004) spf_private_orth_ratio 0.0000 (0.0000) lr 1.0000e-03 eta 0:00:00 user 4
Finish training: 4 user
Deploy the last-epoch model
4 User, Elapsed: 0:00:01
epoch [1/1] batch [1/2] time 0.734 (0.734) data 0.651 (0.651) loss 0.2771 (0.2771) acc 96.8750 (96.8750) spf_gamma 0.0500 (0.0500) spf_rank 8.0000 (8.0000) spf_shared_loss 0.0003 (0.0003) spf_private_loss 0.0000 (0.0000) spf_private_norm 0.0004 (0.0004) spf_private_orth_ratio 0.0000 (0.0000) lr 1.0000e-03 eta 0:00:00 user 5
epoch [1/1] batch [2/2] time 0.072 (0.403) data 0.000 (0.325) loss 0.2676 (0.2724) acc 93.7500 (95.3125) spf_gamma 0.0500 (0.0500) spf_rank 8.0000 (8.0000) spf_shared_loss 0.0003 (0.0003) spf_private_loss 0.0000 (0.0000) spf_private_norm 0.0004 (0.0004) spf_private_orth_ratio 0.0000 (0.0000) lr 1.0000e-03 eta 0:00:00 user 5
Finish training: 5 user
Deploy the last-epoch model
5 User, Elapsed: 0:00:01
epoch [1/1] batch [1/2] time 0.660 (0.660) data 0.577 (0.577) loss 0.8531 (0.8531) acc 84.3750 (84.3750) spf_gamma 0.0500 (0.0500) spf_rank 8.0000 (8.0000) spf_shared_loss 0.0003 (0.0003) spf_private_loss 0.0000 (0.0000) spf_private_norm 0.0004 (0.0004) spf_private_orth_ratio 0.0000 (0.0000) lr 1.0000e-03 eta 0:00:00 user 6
epoch [1/1] batch [2/2] time 0.073 (0.366) data 0.000 (0.288) loss 1.0918 (0.9724) acc 68.7500 (76.5625) spf_gamma 0.0500 (0.0500) spf_rank 8.0000 (8.0000) spf_shared_loss 0.0003 (0.0003) spf_private_loss 0.0000 (0.0000) spf_private_norm 0.0004 (0.0004) spf_private_orth_ratio 0.0000 (0.0000) lr 1.0000e-03 eta 0:00:00 user 6
Finish training: 6 user
Deploy the last-epoch model
6 User, Elapsed: 0:00:01
epoch [1/1] batch [1/2] time 0.717 (0.717) data 0.642 (0.642) loss 1.3321 (1.3321) acc 65.6250 (65.6250) spf_gamma 0.0500 (0.0500) spf_rank 8.0000 (8.0000) spf_shared_loss 0.0003 (0.0003) spf_private_loss 0.0000 (0.0000) spf_private_norm 0.0004 (0.0004) spf_private_orth_ratio 0.0000 (0.0000) lr 1.0000e-03 eta 0:00:00 user 7
epoch [1/1] batch [2/2] time 0.113 (0.415) data 0.000 (0.321) loss 1.8018 (1.5669) acc 62.5000 (64.0625) spf_gamma 0.0500 (0.0500) spf_rank 8.0000 (8.0000) spf_shared_loss 0.0002 (0.0003) spf_private_loss 0.0000 (0.0000) spf_private_norm 0.0004 (0.0004) spf_private_orth_ratio 0.0000 (0.0000) lr 1.0000e-03 eta 0:00:00 user 7
Finish training: 7 user
Deploy the last-epoch model
7 User, Elapsed: 0:00:01
epoch [1/1] batch [1/2] time 0.684 (0.684) data 0.592 (0.592) loss 1.2139 (1.2139) acc 75.0000 (75.0000) spf_gamma 0.0500 (0.0500) spf_rank 8.0000 (8.0000) spf_shared_loss 0.0003 (0.0003) spf_private_loss 0.0000 (0.0000) spf_private_norm 0.0004 (0.0004) spf_private_orth_ratio 0.0000 (0.0000) lr 1.0000e-03 eta 0:00:00 user 8
epoch [1/1] batch [2/2] time 0.072 (0.378) data 0.000 (0.296) loss 2.2539 (1.7339) acc 50.0000 (62.5000) spf_gamma 0.0500 (0.0500) spf_rank 8.0000 (8.0000) spf_shared_loss 0.0003 (0.0003) spf_private_loss 0.0000 (0.0000) spf_private_norm 0.0004 (0.0004) spf_private_orth_ratio 0.0000 (0.0000) lr 1.0000e-03 eta 0:00:00 user 8
Finish training: 8 user
Deploy the last-epoch model
8 User, Elapsed: 0:00:01
epoch [1/1] batch [1/1] time 0.810 (0.810) data 0.612 (0.612) loss 1.0264 (1.0264) acc 90.6250 (90.6250) spf_gamma 0.0500 (0.0500) spf_rank 8.0000 (8.0000) spf_shared_loss 0.0003 (0.0003) spf_private_loss 0.0000 (0.0000) spf_private_norm 0.0004 (0.0004) spf_private_orth_ratio 0.0000 (0.0000) lr 1.0000e-03 eta 0:00:00 user 9
Finish training: 9 user
Deploy the last-epoch model
9 User, Elapsed: 0:00:01
------------local train finish epoch: 7 -------------
------------local test start-------------
Evaluate on the client0_test set
  0%|          | 0/2 [00:00<?, ?it/s] 50%|█████     | 1/2 [00:01<00:01,  1.25s/it]100%|██████████| 2/2 [00:01<00:00,  1.41it/s]
=> result
* total: 180
* correct: 140
* accuracy: 77.8%
* error: 22.2%
* macro_f1: 77.3%
Evaluate on the client1_test set
  0%|          | 0/2 [00:00<?, ?it/s] 50%|█████     | 1/2 [00:01<00:01,  1.45s/it]100%|██████████| 2/2 [00:01<00:00,  1.24it/s]
=> result
* total: 180
* correct: 123
* accuracy: 68.3%
* error: 31.7%
* macro_f1: 71.5%
Evaluate on the client2_test set
  0%|          | 0/2 [00:00<?, ?it/s] 50%|█████     | 1/2 [00:01<00:01,  1.33s/it]100%|██████████| 2/2 [00:01<00:00,  1.32it/s]
=> result
* total: 180
* correct: 149
* accuracy: 82.8%
* error: 17.2%
* macro_f1: 84.4%
Evaluate on the client3_test set
  0%|          | 0/2 [00:00<?, ?it/s] 50%|█████     | 1/2 [00:01<00:01,  1.40s/it]100%|██████████| 2/2 [00:01<00:00,  1.27it/s]
=> result
* total: 180
* correct: 115
* accuracy: 63.9%
* error: 36.1%
* macro_f1: 67.6%
Evaluate on the client4_test set
  0%|          | 0/2 [00:00<?, ?it/s] 50%|█████     | 1/2 [00:01<00:01,  1.42s/it]100%|██████████| 2/2 [00:01<00:00,  1.25it/s]
=> result
* total: 180
* correct: 115
* accuracy: 63.9%
* error: 36.1%
* macro_f1: 65.5%
Evaluate on the client5_test set
  0%|          | 0/2 [00:00<?, ?it/s] 50%|█████     | 1/2 [00:01<00:01,  1.32s/it]100%|██████████| 2/2 [00:01<00:00,  1.34it/s]
=> result
* total: 180
* correct: 164
* accuracy: 91.1%
* error: 8.9%
* macro_f1: 93.2%
Evaluate on the client6_test set
  0%|          | 0/2 [00:00<?, ?it/s] 50%|█████     | 1/2 [00:01<00:01,  1.31s/it]100%|██████████| 2/2 [00:01<00:00,  1.34it/s]
=> result
* total: 180
* correct: 151
* accuracy: 83.9%
* error: 16.1%
* macro_f1: 86.4%
Evaluate on the client7_test set
  0%|          | 0/2 [00:00<?, ?it/s] 50%|█████     | 1/2 [00:01<00:01,  1.38s/it]100%|██████████| 2/2 [00:01<00:00,  1.29it/s]
=> result
* total: 180
* correct: 127
* accuracy: 70.6%
* error: 29.4%
* macro_f1: 69.1%
Evaluate on the client8_test set
  0%|          | 0/2 [00:00<?, ?it/s] 50%|█████     | 1/2 [00:01<00:01,  1.42s/it]100%|██████████| 2/2 [00:01<00:00,  1.25it/s]
=> result
* total: 180
* correct: 99
* accuracy: 55.0%
* error: 45.0%
* macro_f1: 46.6%
Evaluate on the client9_test set
  0%|          | 0/1 [00:00<?, ?it/s]100%|██████████| 1/1 [00:01<00:00,  1.26s/it]100%|██████████| 1/1 [00:01<00:00,  1.35s/it]=> result
* total: 72
* correct: 66
* accuracy: 91.7%
* error: 8.3%
* macro_f1: 94.3%
0 --Local test acc: 77.77777777777777
1 --Local test acc: 68.33333333333333
2 --Local test acc: 82.77777777777777
3 --Local test acc: 63.888888888888886
4 --Local test acc: 63.888888888888886
5 --Local test acc: 91.11111111111111
6 --Local test acc: 83.88888888888889
7 --Local test acc: 70.55555555555556
8 --Local test acc: 55.0
9 --Local test acc: 91.66666666666667
--Global test acc: 74.88888888888889
Epoch:7
------------local test finish-------------
idxs_users [0, 1, 2, 3, 4, 5, 6, 7, 8, 9]
------------local train start epoch: 8 -------------

epoch [1/1] batch [1/2] time 0.734 (0.734) data 0.648 (0.648) loss 0.8384 (0.8384) acc 78.1250 (78.1250) spf_gamma 0.0500 (0.0500) spf_rank 8.0000 (8.0000) spf_shared_loss 0.0003 (0.0003) spf_private_loss 0.0000 (0.0000) spf_private_norm 0.0004 (0.0004) spf_private_orth_ratio 0.0000 (0.0000) lr 1.0000e-03 eta 0:00:00 user 0
epoch [1/1] batch [2/2] time 0.072 (0.403) data 0.000 (0.324) loss 0.9033 (0.8709) acc 81.2500 (79.6875) spf_gamma 0.0500 (0.0500) spf_rank 8.0000 (8.0000) spf_shared_loss 0.0003 (0.0003) spf_private_loss 0.0000 (0.0000) spf_private_norm 0.0004 (0.0004) spf_private_orth_ratio 0.0000 (0.0000) lr 1.0000e-03 eta 0:00:00 user 0
Finish training: 0 user
Deploy the last-epoch model
0 User, Elapsed: 0:00:01
epoch [1/1] batch [1/2] time 0.762 (0.762) data 0.596 (0.596) loss 1.2725 (1.2725) acc 68.7500 (68.7500) spf_gamma 0.0500 (0.0500) spf_rank 8.0000 (8.0000) spf_shared_loss 0.0003 (0.0003) spf_private_loss 0.0000 (0.0000) spf_private_norm 0.0004 (0.0004) spf_private_orth_ratio 0.0000 (0.0000) lr 1.0000e-03 eta 0:00:00 user 1
epoch [1/1] batch [2/2] time 0.073 (0.417) data 0.000 (0.298) loss 1.4805 (1.3765) acc 62.5000 (65.6250) spf_gamma 0.0500 (0.0500) spf_rank 8.0000 (8.0000) spf_shared_loss 0.0003 (0.0003) spf_private_loss 0.0000 (0.0000) spf_private_norm 0.0004 (0.0004) spf_private_orth_ratio 0.0000 (0.0000) lr 1.0000e-03 eta 0:00:00 user 1
Finish training: 1 user
Deploy the last-epoch model
1 User, Elapsed: 0:00:01
epoch [1/1] batch [1/2] time 0.690 (0.690) data 0.607 (0.607) loss 0.6651 (0.6651) acc 81.2500 (81.2500) spf_gamma 0.0500 (0.0500) spf_rank 8.0000 (8.0000) spf_shared_loss 0.0003 (0.0003) spf_private_loss 0.0000 (0.0000) spf_private_norm 0.0004 (0.0004) spf_private_orth_ratio 0.0000 (0.0000) lr 1.0000e-03 eta 0:00:00 user 2
epoch [1/1] batch [2/2] time 0.073 (0.381) data 0.000 (0.304) loss 0.5591 (0.6121) acc 81.2500 (81.2500) spf_gamma 0.0500 (0.0500) spf_rank 8.0000 (8.0000) spf_shared_loss 0.0003 (0.0003) spf_private_loss 0.0000 (0.0000) spf_private_norm 0.0004 (0.0004) spf_private_orth_ratio 0.0000 (0.0000) lr 1.0000e-03 eta 0:00:00 user 2
Finish training: 2 user
Deploy the last-epoch model
2 User, Elapsed: 0:00:01
epoch [1/1] batch [1/2] time 0.692 (0.692) data 0.611 (0.611) loss 1.0352 (1.0352) acc 84.3750 (84.3750) spf_gamma 0.0500 (0.0500) spf_rank 8.0000 (8.0000) spf_shared_loss 0.0003 (0.0003) spf_private_loss 0.0000 (0.0000) spf_private_norm 0.0004 (0.0004) spf_private_orth_ratio 0.0000 (0.0000) lr 1.0000e-03 eta 0:00:00 user 3
epoch [1/1] batch [2/2] time 0.083 (0.387) data 0.000 (0.306) loss 0.6885 (0.8618) acc 87.5000 (85.9375) spf_gamma 0.0500 (0.0500) spf_rank 8.0000 (8.0000) spf_shared_loss 0.0003 (0.0003) spf_private_loss 0.0000 (0.0000) spf_private_norm 0.0004 (0.0004) spf_private_orth_ratio 0.0000 (0.0000) lr 1.0000e-03 eta 0:00:00 user 3
Finish training: 3 user
Deploy the last-epoch model
3 User, Elapsed: 0:00:01
epoch [1/1] batch [1/2] time 0.678 (0.678) data 0.601 (0.601) loss 1.3770 (1.3770) acc 59.3750 (59.3750) spf_gamma 0.0500 (0.0500) spf_rank 8.0000 (8.0000) spf_shared_loss 0.0003 (0.0003) spf_private_loss 0.0000 (0.0000) spf_private_norm 0.0004 (0.0004) spf_private_orth_ratio 0.0000 (0.0000) lr 1.0000e-03 eta 0:00:00 user 4
epoch [1/1] batch [2/2] time 0.073 (0.376) data 0.000 (0.300) loss 0.7447 (1.0608) acc 81.2500 (70.3125) spf_gamma 0.0500 (0.0500) spf_rank 8.0000 (8.0000) spf_shared_loss 0.0003 (0.0003) spf_private_loss 0.0000 (0.0000) spf_private_norm 0.0004 (0.0004) spf_private_orth_ratio 0.0000 (0.0000) lr 1.0000e-03 eta 0:00:00 user 4
Finish training: 4 user
Deploy the last-epoch model
4 User, Elapsed: 0:00:01
epoch [1/1] batch [1/2] time 0.665 (0.665) data 0.590 (0.590) loss 0.1287 (0.1287) acc 100.0000 (100.0000) spf_gamma 0.0500 (0.0500) spf_rank 8.0000 (8.0000) spf_shared_loss 0.0003 (0.0003) spf_private_loss 0.0000 (0.0000) spf_private_norm 0.0004 (0.0004) spf_private_orth_ratio 0.0000 (0.0000) lr 1.0000e-03 eta 0:00:00 user 5
epoch [1/1] batch [2/2] time 0.080 (0.373) data 0.000 (0.295) loss 0.2517 (0.1902) acc 90.6250 (95.3125) spf_gamma 0.0500 (0.0500) spf_rank 8.0000 (8.0000) spf_shared_loss 0.0003 (0.0003) spf_private_loss 0.0000 (0.0000) spf_private_norm 0.0004 (0.0004) spf_private_orth_ratio 0.0000 (0.0000) lr 1.0000e-03 eta 0:00:00 user 5
Finish training: 5 user
Deploy the last-epoch model
5 User, Elapsed: 0:00:01
epoch [1/1] batch [1/2] time 0.660 (0.660) data 0.585 (0.585) loss 1.0176 (1.0176) acc 65.6250 (65.6250) spf_gamma 0.0500 (0.0500) spf_rank 8.0000 (8.0000) spf_shared_loss 0.0003 (0.0003) spf_private_loss 0.0000 (0.0000) spf_private_norm 0.0004 (0.0004) spf_private_orth_ratio 0.0000 (0.0000) lr 1.0000e-03 eta 0:00:00 user 6
epoch [1/1] batch [2/2] time 0.075 (0.368) data 0.000 (0.292) loss 0.4990 (0.7583) acc 93.7500 (79.6875) spf_gamma 0.0500 (0.0500) spf_rank 8.0000 (8.0000) spf_shared_loss 0.0003 (0.0003) spf_private_loss 0.0000 (0.0000) spf_private_norm 0.0004 (0.0004) spf_private_orth_ratio 0.0000 (0.0000) lr 1.0000e-03 eta 0:00:00 user 6
Finish training: 6 user
Deploy the last-epoch model
6 User, Elapsed: 0:00:01
epoch [1/1] batch [1/2] time 0.716 (0.716) data 0.631 (0.631) loss 1.7149 (1.7149) acc 65.6250 (65.6250) spf_gamma 0.0500 (0.0500) spf_rank 8.0000 (8.0000) spf_shared_loss 0.0003 (0.0003) spf_private_loss 0.0000 (0.0000) spf_private_norm 0.0004 (0.0004) spf_private_orth_ratio 0.0000 (0.0000) lr 1.0000e-03 eta 0:00:00 user 7
epoch [1/1] batch [2/2] time 0.078 (0.397) data 0.000 (0.316) loss 1.2676 (1.4912) acc 75.0000 (70.3125) spf_gamma 0.0500 (0.0500) spf_rank 8.0000 (8.0000) spf_shared_loss 0.0003 (0.0003) spf_private_loss 0.0000 (0.0000) spf_private_norm 0.0004 (0.0004) spf_private_orth_ratio 0.0000 (0.0000) lr 1.0000e-03 eta 0:00:00 user 7
Finish training: 7 user
Deploy the last-epoch model
7 User, Elapsed: 0:00:01
epoch [1/1] batch [1/2] time 0.790 (0.790) data 0.600 (0.600) loss 1.6436 (1.6436) acc 65.6250 (65.6250) spf_gamma 0.0500 (0.0500) spf_rank 8.0000 (8.0000) spf_shared_loss 0.0003 (0.0003) spf_private_loss 0.0000 (0.0000) spf_private_norm 0.0004 (0.0004) spf_private_orth_ratio 0.0000 (0.0000) lr 1.0000e-03 eta 0:00:00 user 8
epoch [1/1] batch [2/2] time 0.162 (0.476) data 0.000 (0.300) loss 2.1035 (1.8736) acc 43.7500 (54.6875) spf_gamma 0.0500 (0.0500) spf_rank 8.0000 (8.0000) spf_shared_loss 0.0003 (0.0003) spf_private_loss 0.0000 (0.0000) spf_private_norm 0.0004 (0.0004) spf_private_orth_ratio 0.0000 (0.0000) lr 1.0000e-03 eta 0:00:00 user 8
Finish training: 8 user
Deploy the last-epoch model
8 User, Elapsed: 0:00:01
epoch [1/1] batch [1/1] time 0.710 (0.710) data 0.635 (0.635) loss 0.8521 (0.8521) acc 93.7500 (93.7500) spf_gamma 0.0500 (0.0500) spf_rank 8.0000 (8.0000) spf_shared_loss 0.0003 (0.0003) spf_private_loss 0.0000 (0.0000) spf_private_norm 0.0004 (0.0004) spf_private_orth_ratio 0.0000 (0.0000) lr 1.0000e-03 eta 0:00:00 user 9
Finish training: 9 user
Deploy the last-epoch model
9 User, Elapsed: 0:00:01
------------local train finish epoch: 8 -------------
------------local test start-------------
Evaluate on the client0_test set
  0%|          | 0/2 [00:00<?, ?it/s] 50%|█████     | 1/2 [00:01<00:01,  1.34s/it]100%|██████████| 2/2 [00:01<00:00,  1.32it/s]
=> result
* total: 180
* correct: 126
* accuracy: 70.0%
* error: 30.0%
* macro_f1: 72.2%
Evaluate on the client1_test set
  0%|          | 0/2 [00:00<?, ?it/s] 50%|█████     | 1/2 [00:01<00:01,  1.38s/it]100%|██████████| 2/2 [00:01<00:00,  1.29it/s]
=> result
* total: 180
* correct: 110
* accuracy: 61.1%
* error: 38.9%
* macro_f1: 68.1%
Evaluate on the client2_test set
  0%|          | 0/2 [00:00<?, ?it/s] 50%|█████     | 1/2 [00:01<00:01,  1.38s/it]100%|██████████| 2/2 [00:01<00:00,  1.30it/s]
=> result
* total: 180
* correct: 144
* accuracy: 80.0%
* error: 20.0%
* macro_f1: 80.5%
Evaluate on the client3_test set
  0%|          | 0/2 [00:00<?, ?it/s] 50%|█████     | 1/2 [00:01<00:01,  1.46s/it]100%|██████████| 2/2 [00:01<00:00,  1.24it/s]
=> result
* total: 180
* correct: 150
* accuracy: 83.3%
* error: 16.7%
* macro_f1: 87.0%
Evaluate on the client4_test set
  0%|          | 0/2 [00:00<?, ?it/s] 50%|█████     | 1/2 [00:01<00:01,  1.33s/it]100%|██████████| 2/2 [00:01<00:00,  1.64it/s]100%|██████████| 2/2 [00:01<00:00,  1.31it/s]
=> result
* total: 180
* correct: 138
* accuracy: 76.7%
* error: 23.3%
* macro_f1: 78.0%
Evaluate on the client5_test set
  0%|          | 0/2 [00:00<?, ?it/s] 50%|█████     | 1/2 [00:01<00:01,  1.29s/it]100%|██████████| 2/2 [00:01<00:00,  1.36it/s]
=> result
* total: 180
* correct: 167
* accuracy: 92.8%
* error: 7.2%
* macro_f1: 93.3%
Evaluate on the client6_test set
  0%|          | 0/2 [00:00<?, ?it/s] 50%|█████     | 1/2 [00:01<00:01,  1.38s/it]100%|██████████| 2/2 [00:01<00:00,  1.28it/s]
=> result
* total: 180
* correct: 152
* accuracy: 84.4%
* error: 15.6%
* macro_f1: 86.9%
Evaluate on the client7_test set
  0%|          | 0/2 [00:00<?, ?it/s] 50%|█████     | 1/2 [00:01<00:01,  1.40s/it]100%|██████████| 2/2 [00:01<00:00,  1.27it/s]
=> result
* total: 180
* correct: 132
* accuracy: 73.3%
* error: 26.7%
* macro_f1: 72.8%
Evaluate on the client8_test set
  0%|          | 0/2 [00:00<?, ?it/s] 50%|█████     | 1/2 [00:01<00:01,  1.47s/it]100%|██████████| 2/2 [00:01<00:00,  1.43it/s]100%|██████████| 2/2 [00:01<00:00,  1.15it/s]
=> result
* total: 180
* correct: 105
* accuracy: 58.3%
* error: 41.7%
* macro_f1: 47.5%
Evaluate on the client9_test set
  0%|          | 0/1 [00:00<?, ?it/s]100%|██████████| 1/1 [00:01<00:00,  1.00s/it]100%|██████████| 1/1 [00:01<00:00,  1.09s/it]=> result
* total: 72
* correct: 63
* accuracy: 87.5%
* error: 12.5%
* macro_f1: 91.0%
0 --Local test acc: 70.0
1 --Local test acc: 61.111111111111114
2 --Local test acc: 80.0
3 --Local test acc: 83.33333333333333
4 --Local test acc: 76.66666666666667
5 --Local test acc: 92.77777777777777
6 --Local test acc: 84.44444444444444
7 --Local test acc: 73.33333333333333
8 --Local test acc: 58.333333333333336
9 --Local test acc: 87.5
--Global test acc: 76.75000000000001
Epoch:8
------------local test finish-------------
idxs_users [0, 1, 2, 3, 4, 5, 6, 7, 8, 9]
------------local train start epoch: 9 -------------

epoch [1/1] batch [1/2] time 0.700 (0.700) data 0.611 (0.611) loss 0.5840 (0.5840) acc 87.5000 (87.5000) spf_gamma 0.0500 (0.0500) spf_rank 8.0000 (8.0000) spf_shared_loss 0.0003 (0.0003) spf_private_loss 0.0000 (0.0000) spf_private_norm 0.0004 (0.0004) spf_private_orth_ratio 0.0000 (0.0000) lr 1.0000e-03 eta 0:00:00 user 0
epoch [1/1] batch [2/2] time 0.075 (0.388) data 0.000 (0.306) loss 1.0791 (0.8316) acc 81.2500 (84.3750) spf_gamma 0.0500 (0.0500) spf_rank 8.0000 (8.0000) spf_shared_loss 0.0003 (0.0003) spf_private_loss 0.0000 (0.0000) spf_private_norm 0.0004 (0.0004) spf_private_orth_ratio 0.0000 (0.0000) lr 1.0000e-03 eta 0:00:00 user 0
Finish training: 0 user
Deploy the last-epoch model
0 User, Elapsed: 0:00:01
epoch [1/1] batch [1/2] time 0.777 (0.777) data 0.631 (0.631) loss 1.2774 (1.2774) acc 65.6250 (65.6250) spf_gamma 0.0500 (0.0500) spf_rank 8.0000 (8.0000) spf_shared_loss 0.0003 (0.0003) spf_private_loss 0.0000 (0.0000) spf_private_norm 0.0004 (0.0004) spf_private_orth_ratio 0.0000 (0.0000) lr 1.0000e-03 eta 0:00:00 user 1
epoch [1/1] batch [2/2] time 0.187 (0.482) data 0.000 (0.316) loss 0.9556 (1.1165) acc 78.1250 (71.8750) spf_gamma 0.0500 (0.0500) spf_rank 8.0000 (8.0000) spf_shared_loss 0.0003 (0.0003) spf_private_loss 0.0000 (0.0000) spf_private_norm 0.0004 (0.0004) spf_private_orth_ratio 0.0000 (0.0000) lr 1.0000e-03 eta 0:00:00 user 1
Finish training: 1 user
Deploy the last-epoch model
1 User, Elapsed: 0:00:01
epoch [1/1] batch [1/2] time 0.688 (0.688) data 0.600 (0.600) loss 0.6636 (0.6636) acc 81.2500 (81.2500) spf_gamma 0.0500 (0.0500) spf_rank 8.0000 (8.0000) spf_shared_loss 0.0003 (0.0003) spf_private_loss 0.0000 (0.0000) spf_private_norm 0.0004 (0.0004) spf_private_orth_ratio 0.0000 (0.0000) lr 1.0000e-03 eta 0:00:00 user 2
epoch [1/1] batch [2/2] time 0.076 (0.382) data 0.000 (0.300) loss 0.7022 (0.6829) acc 78.1250 (79.6875) spf_gamma 0.0500 (0.0500) spf_rank 8.0000 (8.0000) spf_shared_loss 0.0003 (0.0003) spf_private_loss 0.0000 (0.0000) spf_private_norm 0.0004 (0.0004) spf_private_orth_ratio 0.0000 (0.0000) lr 1.0000e-03 eta 0:00:00 user 2
Finish training: 2 user
Deploy the last-epoch model
2 User, Elapsed: 0:00:01
epoch [1/1] batch [1/2] time 0.744 (0.744) data 0.662 (0.662) loss 0.3467 (0.3467) acc 87.5000 (87.5000) spf_gamma 0.0500 (0.0500) spf_rank 8.0000 (8.0000) spf_shared_loss 0.0003 (0.0003) spf_private_loss 0.0000 (0.0000) spf_private_norm 0.0004 (0.0004) spf_private_orth_ratio 0.0000 (0.0000) lr 1.0000e-03 eta 0:00:00 user 3
epoch [1/1] batch [2/2] time 0.073 (0.408) data 0.000 (0.331) loss 0.4173 (0.3820) acc 90.6250 (89.0625) spf_gamma 0.0500 (0.0500) spf_rank 8.0000 (8.0000) spf_shared_loss 0.0003 (0.0003) spf_private_loss 0.0000 (0.0000) spf_private_norm 0.0004 (0.0004) spf_private_orth_ratio 0.0000 (0.0000) lr 1.0000e-03 eta 0:00:00 user 3
Finish training: 3 user
Deploy the last-epoch model
3 User, Elapsed: 0:00:01
epoch [1/1] batch [1/2] time 0.672 (0.672) data 0.600 (0.600) loss 0.9580 (0.9580) acc 65.6250 (65.6250) spf_gamma 0.0500 (0.0500) spf_rank 8.0000 (8.0000) spf_shared_loss 0.0003 (0.0003) spf_private_loss 0.0000 (0.0000) spf_private_norm 0.0004 (0.0004) spf_private_orth_ratio 0.0000 (0.0000) lr 1.0000e-03 eta 0:00:00 user 4
epoch [1/1] batch [2/2] time 0.072 (0.372) data 0.000 (0.300) loss 0.6695 (0.8137) acc 75.0000 (70.3125) spf_gamma 0.0500 (0.0500) spf_rank 8.0000 (8.0000) spf_shared_loss 0.0003 (0.0003) spf_private_loss 0.0000 (0.0000) spf_private_norm 0.0004 (0.0004) spf_private_orth_ratio 0.0000 (0.0000) lr 1.0000e-03 eta 0:00:00 user 4
Finish training: 4 user
Deploy the last-epoch model
4 User, Elapsed: 0:00:01
epoch [1/1] batch [1/2] time 0.696 (0.696) data 0.622 (0.622) loss 0.2725 (0.2725) acc 96.8750 (96.8750) spf_gamma 0.0500 (0.0500) spf_rank 8.0000 (8.0000) spf_shared_loss 0.0003 (0.0003) spf_private_loss 0.0000 (0.0000) spf_private_norm 0.0004 (0.0004) spf_private_orth_ratio 0.0000 (0.0000) lr 1.0000e-03 eta 0:00:00 user 5
epoch [1/1] batch [2/2] time 0.072 (0.384) data 0.000 (0.311) loss 0.0899 (0.1812) acc 100.0000 (98.4375) spf_gamma 0.0500 (0.0500) spf_rank 8.0000 (8.0000) spf_shared_loss 0.0003 (0.0003) spf_private_loss 0.0000 (0.0000) spf_private_norm 0.0004 (0.0004) spf_private_orth_ratio 0.0000 (0.0000) lr 1.0000e-03 eta 0:00:00 user 5
Finish training: 5 user
Deploy the last-epoch model
5 User, Elapsed: 0:00:01
epoch [1/1] batch [1/2] time 0.645 (0.645) data 0.569 (0.569) loss 0.6397 (0.6397) acc 78.1250 (78.1250) spf_gamma 0.0500 (0.0500) spf_rank 8.0000 (8.0000) spf_shared_loss 0.0003 (0.0003) spf_private_loss 0.0000 (0.0000) spf_private_norm 0.0004 (0.0004) spf_private_orth_ratio 0.0000 (0.0000) lr 1.0000e-03 eta 0:00:00 user 6
epoch [1/1] batch [2/2] time 0.072 (0.359) data 0.000 (0.284) loss 0.4751 (0.5574) acc 84.3750 (81.2500) spf_gamma 0.0500 (0.0500) spf_rank 8.0000 (8.0000) spf_shared_loss 0.0003 (0.0003) spf_private_loss 0.0000 (0.0000) spf_private_norm 0.0004 (0.0004) spf_private_orth_ratio 0.0000 (0.0000) lr 1.0000e-03 eta 0:00:00 user 6
Finish training: 6 user
Deploy the last-epoch model
6 User, Elapsed: 0:00:01
epoch [1/1] batch [1/2] time 0.687 (0.687) data 0.609 (0.609) loss 1.3008 (1.3008) acc 78.1250 (78.1250) spf_gamma 0.0500 (0.0500) spf_rank 8.0000 (8.0000) spf_shared_loss 0.0003 (0.0003) spf_private_loss 0.0000 (0.0000) spf_private_norm 0.0004 (0.0004) spf_private_orth_ratio 0.0000 (0.0000) lr 1.0000e-03 eta 0:00:00 user 7
epoch [1/1] batch [2/2] time 0.073 (0.380) data 0.000 (0.305) loss 1.3487 (1.3247) acc 68.7500 (73.4375) spf_gamma 0.0500 (0.0500) spf_rank 8.0000 (8.0000) spf_shared_loss 0.0003 (0.0003) spf_private_loss 0.0000 (0.0000) spf_private_norm 0.0004 (0.0004) spf_private_orth_ratio 0.0000 (0.0000) lr 1.0000e-03 eta 0:00:00 user 7
Finish training: 7 user
Deploy the last-epoch model
7 User, Elapsed: 0:00:01
epoch [1/1] batch [1/2] time 0.688 (0.688) data 0.614 (0.614) loss 1.6670 (1.6670) acc 59.3750 (59.3750) spf_gamma 0.0500 (0.0500) spf_rank 8.0000 (8.0000) spf_shared_loss 0.0003 (0.0003) spf_private_loss 0.0000 (0.0000) spf_private_norm 0.0004 (0.0004) spf_private_orth_ratio 0.0000 (0.0000) lr 1.0000e-03 eta 0:00:00 user 8
epoch [1/1] batch [2/2] time 0.072 (0.380) data 0.000 (0.307) loss 1.7403 (1.7036) acc 56.2500 (57.8125) spf_gamma 0.0500 (0.0500) spf_rank 8.0000 (8.0000) spf_shared_loss 0.0003 (0.0003) spf_private_loss 0.0000 (0.0000) spf_private_norm 0.0004 (0.0004) spf_private_orth_ratio 0.0000 (0.0000) lr 1.0000e-03 eta 0:00:00 user 8
Finish training: 8 user
Deploy the last-epoch model
8 User, Elapsed: 0:00:01
epoch [1/1] batch [1/1] time 0.694 (0.694) data 0.621 (0.621) loss 0.5362 (0.5362) acc 93.7500 (93.7500) spf_gamma 0.0500 (0.0500) spf_rank 8.0000 (8.0000) spf_shared_loss 0.0003 (0.0003) spf_private_loss 0.0000 (0.0000) spf_private_norm 0.0004 (0.0004) spf_private_orth_ratio 0.0000 (0.0000) lr 1.0000e-03 eta 0:00:00 user 9
Finish training: 9 user
Deploy the last-epoch model
9 User, Elapsed: 0:00:01
------------local train finish epoch: 9 -------------
------------local test start-------------
Evaluate on the client0_test set
  0%|          | 0/2 [00:00<?, ?it/s] 50%|█████     | 1/2 [00:01<00:01,  1.30s/it]100%|██████████| 2/2 [00:01<00:00,  1.36it/s]
=> result
* total: 180
* correct: 156
* accuracy: 86.7%
* error: 13.3%
* macro_f1: 88.9%
Evaluate on the client1_test set
  0%|          | 0/2 [00:00<?, ?it/s] 50%|█████     | 1/2 [00:01<00:01,  1.29s/it]100%|██████████| 2/2 [00:01<00:00,  1.36it/s]
=> result
* total: 180
* correct: 132
* accuracy: 73.3%
* error: 26.7%
* macro_f1: 76.8%
Evaluate on the client2_test set
  0%|          | 0/2 [00:00<?, ?it/s] 50%|█████     | 1/2 [00:01<00:01,  1.24s/it]100%|██████████| 2/2 [00:01<00:00,  1.42it/s]
=> result
* total: 180
* correct: 148
* accuracy: 82.2%
* error: 17.8%
* macro_f1: 83.3%
Evaluate on the client3_test set
  0%|          | 0/2 [00:00<?, ?it/s] 50%|█████     | 1/2 [00:01<00:01,  1.45s/it]100%|██████████| 2/2 [00:01<00:00,  1.24it/s]
=> result
* total: 180
* correct: 160
* accuracy: 88.9%
* error: 11.1%
* macro_f1: 90.9%
Evaluate on the client4_test set
  0%|          | 0/2 [00:00<?, ?it/s] 50%|█████     | 1/2 [00:01<00:01,  1.41s/it]100%|██████████| 2/2 [00:01<00:00,  1.26it/s]
=> result
* total: 180
* correct: 144
* accuracy: 80.0%
* error: 20.0%
* macro_f1: 80.8%
Evaluate on the client5_test set
  0%|          | 0/2 [00:00<?, ?it/s] 50%|█████     | 1/2 [00:01<00:01,  1.33s/it]100%|██████████| 2/2 [00:01<00:00,  1.32it/s]
=> result
* total: 180
* correct: 161
* accuracy: 89.4%
* error: 10.6%
* macro_f1: 91.6%
Evaluate on the client6_test set
  0%|          | 0/2 [00:00<?, ?it/s] 50%|█████     | 1/2 [00:01<00:01,  1.41s/it]100%|██████████| 2/2 [00:01<00:00,  1.26it/s]
=> result
* total: 180
* correct: 160
* accuracy: 88.9%
* error: 11.1%
* macro_f1: 90.4%
Evaluate on the client7_test set
  0%|          | 0/2 [00:00<?, ?it/s] 50%|█████     | 1/2 [00:01<00:01,  1.44s/it]100%|██████████| 2/2 [00:01<00:00,  1.24it/s]
=> result
* total: 180
* correct: 127
* accuracy: 70.6%
* error: 29.4%
* macro_f1: 69.6%
Evaluate on the client8_test set
  0%|          | 0/2 [00:00<?, ?it/s] 50%|█████     | 1/2 [00:01<00:01,  1.31s/it]100%|██████████| 2/2 [00:01<00:00,  1.34it/s]
=> result
* total: 180
* correct: 108
* accuracy: 60.0%
* error: 40.0%
* macro_f1: 55.5%
Evaluate on the client9_test set
  0%|          | 0/1 [00:00<?, ?it/s]100%|██████████| 1/1 [00:01<00:00,  1.05s/it]100%|██████████| 1/1 [00:01<00:00,  1.15s/it]=> result
* total: 72
* correct: 66
* accuracy: 91.7%
* error: 8.3%
* macro_f1: 92.9%
0 --Local test acc: 86.66666666666667
1 --Local test acc: 73.33333333333333
2 --Local test acc: 82.22222222222223
3 --Local test acc: 88.88888888888889
4 --Local test acc: 80.0
5 --Local test acc: 89.44444444444444
6 --Local test acc: 88.88888888888889
7 --Local test acc: 70.55555555555556
8 --Local test acc: 60.0
9 --Local test acc: 91.66666666666667
--Global test acc: 81.16666666666666
Epoch:9
------------local test finish-------------
idxs_users [0, 1, 2, 3, 4, 5, 6, 7, 8, 9]
------------local train start epoch: 10 -------------

epoch [1/1] batch [1/2] time 0.723 (0.723) data 0.638 (0.638) loss 0.3936 (0.3936) acc 96.8750 (96.8750) spf_gamma 0.0500 (0.0500) spf_rank 8.0000 (8.0000) spf_shared_loss 0.0003 (0.0003) spf_private_loss 0.0000 (0.0000) spf_private_norm 0.0004 (0.0004) spf_private_orth_ratio 0.0000 (0.0000) lr 1.0000e-03 eta 0:00:00 user 0
epoch [1/1] batch [2/2] time 0.081 (0.402) data 0.000 (0.319) loss 0.8365 (0.6150) acc 81.2500 (89.0625) spf_gamma 0.0500 (0.0500) spf_rank 8.0000 (8.0000) spf_shared_loss 0.0003 (0.0003) spf_private_loss 0.0000 (0.0000) spf_private_norm 0.0004 (0.0004) spf_private_orth_ratio 0.0000 (0.0000) lr 1.0000e-03 eta 0:00:00 user 0
Finish training: 0 user
Deploy the last-epoch model
0 User, Elapsed: 0:00:01
epoch [1/1] batch [1/2] time 0.694 (0.694) data 0.618 (0.618) loss 1.1377 (1.1377) acc 78.1250 (78.1250) spf_gamma 0.0500 (0.0500) spf_rank 8.0000 (8.0000) spf_shared_loss 0.0003 (0.0003) spf_private_loss 0.0000 (0.0000) spf_private_norm 0.0004 (0.0004) spf_private_orth_ratio 0.0000 (0.0000) lr 1.0000e-03 eta 0:00:00 user 1
epoch [1/1] batch [2/2] time 0.074 (0.384) data 0.000 (0.309) loss 1.1143 (1.1260) acc 75.0000 (76.5625) spf_gamma 0.0500 (0.0500) spf_rank 8.0000 (8.0000) spf_shared_loss 0.0003 (0.0003) spf_private_loss 0.0000 (0.0000) spf_private_norm 0.0004 (0.0004) spf_private_orth_ratio 0.0000 (0.0000) lr 1.0000e-03 eta 0:00:00 user 1
Finish training: 1 user
Deploy the last-epoch model
1 User, Elapsed: 0:00:01
epoch [1/1] batch [1/2] time 0.741 (0.741) data 0.660 (0.660) loss 0.5254 (0.5254) acc 84.3750 (84.3750) spf_gamma 0.0500 (0.0500) spf_rank 8.0000 (8.0000) spf_shared_loss 0.0003 (0.0003) spf_private_loss 0.0000 (0.0000) spf_private_norm 0.0004 (0.0004) spf_private_orth_ratio 0.0000 (0.0000) lr 1.0000e-03 eta 0:00:00 user 2
epoch [1/1] batch [2/2] time 0.120 (0.430) data 0.041 (0.351) loss 0.5230 (0.5242) acc 81.2500 (82.8125) spf_gamma 0.0500 (0.0500) spf_rank 8.0000 (8.0000) spf_shared_loss 0.0003 (0.0003) spf_private_loss 0.0000 (0.0000) spf_private_norm 0.0004 (0.0004) spf_private_orth_ratio 0.0000 (0.0000) lr 1.0000e-03 eta 0:00:00 user 2
Finish training: 2 user
Deploy the last-epoch model
2 User, Elapsed: 0:00:01
epoch [1/1] batch [1/2] time 0.827 (0.827) data 0.749 (0.749) loss 0.2642 (0.2642) acc 93.7500 (93.7500) spf_gamma 0.0500 (0.0500) spf_rank 8.0000 (8.0000) spf_shared_loss 0.0003 (0.0003) spf_private_loss 0.0000 (0.0000) spf_private_norm 0.0004 (0.0004) spf_private_orth_ratio 0.0000 (0.0000) lr 1.0000e-03 eta 0:00:00 user 3
epoch [1/1] batch [2/2] time 0.073 (0.450) data 0.000 (0.374) loss 0.3172 (0.2907) acc 90.6250 (92.1875) spf_gamma 0.0500 (0.0500) spf_rank 8.0000 (8.0000) spf_shared_loss 0.0003 (0.0003) spf_private_loss 0.0000 (0.0000) spf_private_norm 0.0004 (0.0004) spf_private_orth_ratio 0.0000 (0.0000) lr 1.0000e-03 eta 0:00:00 user 3
Finish training: 3 user
Deploy the last-epoch model
3 User, Elapsed: 0:00:01
epoch [1/1] batch [1/2] time 0.736 (0.736) data 0.659 (0.659) loss 0.5240 (0.5240) acc 90.6250 (90.6250) spf_gamma 0.0500 (0.0500) spf_rank 8.0000 (8.0000) spf_shared_loss 0.0003 (0.0003) spf_private_loss 0.0000 (0.0000) spf_private_norm 0.0004 (0.0004) spf_private_orth_ratio 0.0000 (0.0000) lr 1.0000e-03 eta 0:00:00 user 4
epoch [1/1] batch [2/2] time 0.076 (0.406) data 0.000 (0.330) loss 0.7158 (0.6199) acc 81.2500 (85.9375) spf_gamma 0.0500 (0.0500) spf_rank 8.0000 (8.0000) spf_shared_loss 0.0003 (0.0003) spf_private_loss 0.0000 (0.0000) spf_private_norm 0.0004 (0.0004) spf_private_orth_ratio 0.0000 (0.0000) lr 1.0000e-03 eta 0:00:00 user 4
Finish training: 4 user
Deploy the last-epoch model
4 User, Elapsed: 0:00:01
epoch [1/1] batch [1/2] time 0.729 (0.729) data 0.642 (0.642) loss 0.4287 (0.4287) acc 90.6250 (90.6250) spf_gamma 0.0500 (0.0500) spf_rank 8.0000 (8.0000) spf_shared_loss 0.0003 (0.0003) spf_private_loss 0.0000 (0.0000) spf_private_norm 0.0004 (0.0004) spf_private_orth_ratio 0.0000 (0.0000) lr 1.0000e-03 eta 0:00:00 user 5
epoch [1/1] batch [2/2] time 0.074 (0.401) data 0.000 (0.321) loss 0.0691 (0.2489) acc 100.0000 (95.3125) spf_gamma 0.0500 (0.0500) spf_rank 8.0000 (8.0000) spf_shared_loss 0.0003 (0.0003) spf_private_loss 0.0000 (0.0000) spf_private_norm 0.0004 (0.0004) spf_private_orth_ratio 0.0000 (0.0000) lr 1.0000e-03 eta 0:00:00 user 5
Finish training: 5 user
Deploy the last-epoch model
5 User, Elapsed: 0:00:01
epoch [1/1] batch [1/2] time 0.717 (0.717) data 0.632 (0.632) loss 0.6426 (0.6426) acc 78.1250 (78.1250) spf_gamma 0.0500 (0.0500) spf_rank 8.0000 (8.0000) spf_shared_loss 0.0003 (0.0003) spf_private_loss 0.0000 (0.0000) spf_private_norm 0.0004 (0.0004) spf_private_orth_ratio 0.0000 (0.0000) lr 1.0000e-03 eta 0:00:00 user 6
epoch [1/1] batch [2/2] time 0.168 (0.442) data 0.000 (0.316) loss 0.4505 (0.5465) acc 90.6250 (84.3750) spf_gamma 0.0500 (0.0500) spf_rank 8.0000 (8.0000) spf_shared_loss 0.0003 (0.0003) spf_private_loss 0.0000 (0.0000) spf_private_norm 0.0004 (0.0004) spf_private_orth_ratio 0.0000 (0.0000) lr 1.0000e-03 eta 0:00:00 user 6
Finish training: 6 user
Deploy the last-epoch model
6 User, Elapsed: 0:00:01
epoch [1/1] batch [1/2] time 0.720 (0.720) data 0.647 (0.647) loss 1.2920 (1.2920) acc 75.0000 (75.0000) spf_gamma 0.0500 (0.0500) spf_rank 8.0000 (8.0000) spf_shared_loss 0.0003 (0.0003) spf_private_loss 0.0000 (0.0000) spf_private_norm 0.0004 (0.0004) spf_private_orth_ratio 0.0000 (0.0000) lr 1.0000e-03 eta 0:00:00 user 7
epoch [1/1] batch [2/2] time 0.073 (0.396) data 0.000 (0.323) loss 1.2754 (1.2837) acc 71.8750 (73.4375) spf_gamma 0.0500 (0.0500) spf_rank 8.0000 (8.0000) spf_shared_loss 0.0003 (0.0003) spf_private_loss 0.0000 (0.0000) spf_private_norm 0.0004 (0.0004) spf_private_orth_ratio 0.0000 (0.0000) lr 1.0000e-03 eta 0:00:00 user 7
Finish training: 7 user
Deploy the last-epoch model
7 User, Elapsed: 0:00:01
epoch [1/1] batch [1/2] time 0.759 (0.759) data 0.680 (0.680) loss 1.6162 (1.6162) acc 62.5000 (62.5000) spf_gamma 0.0500 (0.0500) spf_rank 8.0000 (8.0000) spf_shared_loss 0.0003 (0.0003) spf_private_loss 0.0000 (0.0000) spf_private_norm 0.0004 (0.0004) spf_private_orth_ratio 0.0000 (0.0000) lr 1.0000e-03 eta 0:00:00 user 8
epoch [1/1] batch [2/2] time 0.078 (0.419) data 0.000 (0.340) loss 1.5733 (1.5948) acc 53.1250 (57.8125) spf_gamma 0.0500 (0.0500) spf_rank 8.0000 (8.0000) spf_shared_loss 0.0003 (0.0003) spf_private_loss 0.0000 (0.0000) spf_private_norm 0.0004 (0.0004) spf_private_orth_ratio 0.0000 (0.0000) lr 1.0000e-03 eta 0:00:00 user 8
Finish training: 8 user
Deploy the last-epoch model
8 User, Elapsed: 0:00:01
epoch [1/1] batch [1/1] time 0.736 (0.736) data 0.663 (0.663) loss 0.3714 (0.3714) acc 96.8750 (96.8750) spf_gamma 0.0500 (0.0500) spf_rank 8.0000 (8.0000) spf_shared_loss 0.0003 (0.0003) spf_private_loss 0.0000 (0.0000) spf_private_norm 0.0004 (0.0004) spf_private_orth_ratio 0.0000 (0.0000) lr 1.0000e-03 eta 0:00:00 user 9
Finish training: 9 user
Deploy the last-epoch model
9 User, Elapsed: 0:00:01
------------local train finish epoch: 10 -------------
------------local test start-------------
Evaluate on the client0_test set
  0%|          | 0/2 [00:00<?, ?it/s] 50%|█████     | 1/2 [00:01<00:01,  1.38s/it]100%|██████████| 2/2 [00:01<00:00,  1.29it/s]
=> result
* total: 180
* correct: 159
* accuracy: 88.3%
* error: 11.7%
* macro_f1: 91.2%
Evaluate on the client1_test set
  0%|          | 0/2 [00:00<?, ?it/s] 50%|█████     | 1/2 [00:01<00:01,  1.28s/it]100%|██████████| 2/2 [00:01<00:00,  1.38it/s]
=> result
* total: 180
* correct: 148
* accuracy: 82.2%
* error: 17.8%
* macro_f1: 83.5%
Evaluate on the client2_test set
  0%|          | 0/2 [00:00<?, ?it/s] 50%|█████     | 1/2 [00:01<00:01,  1.33s/it]100%|██████████| 2/2 [00:01<00:00,  1.33it/s]
=> result
* total: 180
* correct: 150
* accuracy: 83.3%
* error: 16.7%
* macro_f1: 84.1%
Evaluate on the client3_test set
  0%|          | 0/2 [00:00<?, ?it/s] 50%|█████     | 1/2 [00:01<00:01,  1.38s/it]100%|██████████| 2/2 [00:01<00:00,  1.29it/s]
=> result
* total: 180
* correct: 163
* accuracy: 90.6%
* error: 9.4%
* macro_f1: 91.6%
Evaluate on the client4_test set
  0%|          | 0/2 [00:00<?, ?it/s] 50%|█████     | 1/2 [00:01<00:01,  1.39s/it]100%|██████████| 2/2 [00:01<00:00,  1.50it/s]100%|██████████| 2/2 [00:01<00:00,  1.21it/s]
=> result
* total: 180
* correct: 147
* accuracy: 81.7%
* error: 18.3%
* macro_f1: 82.9%
Evaluate on the client5_test set
  0%|          | 0/2 [00:00<?, ?it/s] 50%|█████     | 1/2 [00:01<00:01,  1.31s/it]100%|██████████| 2/2 [00:01<00:00,  1.34it/s]
=> result
* total: 180
* correct: 163
* accuracy: 90.6%
* error: 9.4%
* macro_f1: 91.3%
Evaluate on the client6_test set
  0%|          | 0/2 [00:00<?, ?it/s] 50%|█████     | 1/2 [00:01<00:01,  1.42s/it]100%|██████████| 2/2 [00:01<00:00,  1.26it/s]
=> result
* total: 180
* correct: 161
* accuracy: 89.4%
* error: 10.6%
* macro_f1: 91.0%
Evaluate on the client7_test set
  0%|          | 0/2 [00:00<?, ?it/s] 50%|█████     | 1/2 [00:01<00:01,  1.35s/it]100%|██████████| 2/2 [00:01<00:00,  1.31it/s]
=> result
* total: 180
* correct: 131
* accuracy: 72.8%
* error: 27.2%
* macro_f1: 70.4%
Evaluate on the client8_test set
  0%|          | 0/2 [00:00<?, ?it/s] 50%|█████     | 1/2 [00:01<00:01,  1.31s/it]100%|██████████| 2/2 [00:01<00:00,  1.36it/s]
=> result
* total: 180
* correct: 126
* accuracy: 70.0%
* error: 30.0%
* macro_f1: 66.5%
Evaluate on the client9_test set
  0%|          | 0/1 [00:00<?, ?it/s]100%|██████████| 1/1 [00:00<00:00,  1.04it/s]100%|██████████| 1/1 [00:01<00:00,  1.04s/it]=> result
* total: 72
* correct: 65
* accuracy: 90.3%
* error: 9.7%
* macro_f1: 91.5%
0 --Local test acc: 88.33333333333333
1 --Local test acc: 82.22222222222223
2 --Local test acc: 83.33333333333333
3 --Local test acc: 90.55555555555556
4 --Local test acc: 81.66666666666667
5 --Local test acc: 90.55555555555556
6 --Local test acc: 89.44444444444444
7 --Local test acc: 72.77777777777777
8 --Local test acc: 70.0
9 --Local test acc: 90.27777777777777
--Global test acc: 83.91666666666667
Epoch:10
------------local test finish-------------
idxs_users [0, 1, 2, 3, 4, 5, 6, 7, 8, 9]
------------local train start epoch: 11 -------------

epoch [1/1] batch [1/2] time 0.662 (0.662) data 0.580 (0.580) loss 0.3645 (0.3645) acc 90.6250 (90.6250) spf_gamma 0.0500 (0.0500) spf_rank 8.0000 (8.0000) spf_shared_loss 0.0003 (0.0003) spf_private_loss 0.0000 (0.0000) spf_private_norm 0.0004 (0.0004) spf_private_orth_ratio 0.0000 (0.0000) lr 1.0000e-03 eta 0:00:00 user 0
epoch [1/1] batch [2/2] time 0.079 (0.370) data 0.000 (0.290) loss 0.3950 (0.3798) acc 90.6250 (90.6250) spf_gamma 0.0500 (0.0500) spf_rank 8.0000 (8.0000) spf_shared_loss 0.0003 (0.0003) spf_private_loss 0.0000 (0.0000) spf_private_norm 0.0004 (0.0004) spf_private_orth_ratio 0.0000 (0.0000) lr 1.0000e-03 eta 0:00:00 user 0
Finish training: 0 user
Deploy the last-epoch model
0 User, Elapsed: 0:00:01
epoch [1/1] batch [1/2] time 0.706 (0.706) data 0.615 (0.615) loss 0.6153 (0.6153) acc 84.3750 (84.3750) spf_gamma 0.0500 (0.0500) spf_rank 8.0000 (8.0000) spf_shared_loss 0.0003 (0.0003) spf_private_loss 0.0000 (0.0000) spf_private_norm 0.0004 (0.0004) spf_private_orth_ratio 0.0000 (0.0000) lr 1.0000e-03 eta 0:00:00 user 1
epoch [1/1] batch [2/2] time 0.077 (0.392) data 0.000 (0.308) loss 0.6988 (0.6570) acc 68.7500 (76.5625) spf_gamma 0.0500 (0.0500) spf_rank 8.0000 (8.0000) spf_shared_loss 0.0003 (0.0003) spf_private_loss 0.0000 (0.0000) spf_private_norm 0.0004 (0.0004) spf_private_orth_ratio 0.0000 (0.0000) lr 1.0000e-03 eta 0:00:00 user 1
Finish training: 1 user
Deploy the last-epoch model
1 User, Elapsed: 0:00:01
epoch [1/1] batch [1/2] time 0.675 (0.675) data 0.590 (0.590) loss 0.6040 (0.6040) acc 78.1250 (78.1250) spf_gamma 0.0500 (0.0500) spf_rank 8.0000 (8.0000) spf_shared_loss 0.0003 (0.0003) spf_private_loss 0.0000 (0.0000) spf_private_norm 0.0004 (0.0004) spf_private_orth_ratio 0.0000 (0.0000) lr 1.0000e-03 eta 0:00:00 user 2
epoch [1/1] batch [2/2] time 0.073 (0.374) data 0.000 (0.295) loss 0.3897 (0.4969) acc 84.3750 (81.2500) spf_gamma 0.0500 (0.0500) spf_rank 8.0000 (8.0000) spf_shared_loss 0.0003 (0.0003) spf_private_loss 0.0000 (0.0000) spf_private_norm 0.0004 (0.0004) spf_private_orth_ratio 0.0000 (0.0000) lr 1.0000e-03 eta 0:00:00 user 2
Finish training: 2 user
Deploy the last-epoch model
2 User, Elapsed: 0:00:01
epoch [1/1] batch [1/2] time 0.655 (0.655) data 0.574 (0.574) loss 0.2493 (0.2493) acc 96.8750 (96.8750) spf_gamma 0.0500 (0.0500) spf_rank 8.0000 (8.0000) spf_shared_loss 0.0003 (0.0003) spf_private_loss 0.0000 (0.0000) spf_private_norm 0.0004 (0.0004) spf_private_orth_ratio 0.0000 (0.0000) lr 1.0000e-03 eta 0:00:00 user 3
epoch [1/1] batch [2/2] time 0.082 (0.368) data 0.000 (0.287) loss 0.2493 (0.2493) acc 96.8750 (96.8750) spf_gamma 0.0500 (0.0500) spf_rank 8.0000 (8.0000) spf_shared_loss 0.0003 (0.0003) spf_private_loss 0.0000 (0.0000) spf_private_norm 0.0004 (0.0004) spf_private_orth_ratio 0.0000 (0.0000) lr 1.0000e-03 eta 0:00:00 user 3
Finish training: 3 user
Deploy the last-epoch model
3 User, Elapsed: 0:00:01
epoch [1/1] batch [1/2] time 0.700 (0.700) data 0.619 (0.619) loss 0.7588 (0.7588) acc 81.2500 (81.2500) spf_gamma 0.0500 (0.0500) spf_rank 8.0000 (8.0000) spf_shared_loss 0.0003 (0.0003) spf_private_loss 0.0000 (0.0000) spf_private_norm 0.0004 (0.0004) spf_private_orth_ratio 0.0000 (0.0000) lr 1.0000e-03 eta 0:00:00 user 4
epoch [1/1] batch [2/2] time 0.191 (0.446) data 0.000 (0.309) loss 0.5557 (0.6573) acc 81.2500 (81.2500) spf_gamma 0.0500 (0.0500) spf_rank 8.0000 (8.0000) spf_shared_loss 0.0003 (0.0003) spf_private_loss 0.0000 (0.0000) spf_private_norm 0.0004 (0.0004) spf_private_orth_ratio 0.0000 (0.0000) lr 1.0000e-03 eta 0:00:00 user 4
Finish training: 4 user
Deploy the last-epoch model
4 User, Elapsed: 0:00:01
epoch [1/1] batch [1/2] time 0.680 (0.680) data 0.604 (0.604) loss 0.3355 (0.3355) acc 93.7500 (93.7500) spf_gamma 0.0500 (0.0500) spf_rank 8.0000 (8.0000) spf_shared_loss 0.0003 (0.0003) spf_private_loss 0.0000 (0.0000) spf_private_norm 0.0004 (0.0004) spf_private_orth_ratio 0.0000 (0.0000) lr 1.0000e-03 eta 0:00:00 user 5
epoch [1/1] batch [2/2] time 0.077 (0.379) data 0.000 (0.302) loss 0.1941 (0.2648) acc 96.8750 (95.3125) spf_gamma 0.0500 (0.0500) spf_rank 8.0000 (8.0000) spf_shared_loss 0.0003 (0.0003) spf_private_loss 0.0000 (0.0000) spf_private_norm 0.0004 (0.0004) spf_private_orth_ratio 0.0000 (0.0000) lr 1.0000e-03 eta 0:00:00 user 5
Finish training: 5 user
Deploy the last-epoch model
5 User, Elapsed: 0:00:01
epoch [1/1] batch [1/2] time 0.875 (0.875) data 0.708 (0.708) loss 0.5840 (0.5840) acc 84.3750 (84.3750) spf_gamma 0.0500 (0.0500) spf_rank 8.0000 (8.0000) spf_shared_loss 0.0003 (0.0003) spf_private_loss 0.0000 (0.0000) spf_private_norm 0.0004 (0.0004) spf_private_orth_ratio 0.0000 (0.0000) lr 1.0000e-03 eta 0:00:00 user 6
epoch [1/1] batch [2/2] time 0.102 (0.488) data 0.000 (0.354) loss 0.7251 (0.6546) acc 75.0000 (79.6875) spf_gamma 0.0500 (0.0500) spf_rank 8.0000 (8.0000) spf_shared_loss 0.0003 (0.0003) spf_private_loss 0.0000 (0.0000) spf_private_norm 0.0004 (0.0004) spf_private_orth_ratio 0.0000 (0.0000) lr 1.0000e-03 eta 0:00:00 user 6
Finish training: 6 user
Deploy the last-epoch model
6 User, Elapsed: 0:00:01
epoch [1/1] batch [1/2] time 0.829 (0.829) data 0.734 (0.734) loss 1.1699 (1.1699) acc 78.1250 (78.1250) spf_gamma 0.0500 (0.0500) spf_rank 8.0000 (8.0000) spf_shared_loss 0.0003 (0.0003) spf_private_loss 0.0000 (0.0000) spf_private_norm 0.0004 (0.0004) spf_private_orth_ratio 0.0000 (0.0000) lr 1.0000e-03 eta 0:00:00 user 7
epoch [1/1] batch [2/2] time 0.077 (0.453) data 0.000 (0.367) loss 1.0117 (1.0908) acc 78.1250 (78.1250) spf_gamma 0.0500 (0.0500) spf_rank 8.0000 (8.0000) spf_shared_loss 0.0003 (0.0003) spf_private_loss 0.0000 (0.0000) spf_private_norm 0.0004 (0.0004) spf_private_orth_ratio 0.0000 (0.0000) lr 1.0000e-03 eta 0:00:00 user 7
Finish training: 7 user
Deploy the last-epoch model
7 User, Elapsed: 0:00:01
epoch [1/1] batch [1/2] time 0.849 (0.849) data 0.767 (0.767) loss 1.3662 (1.3662) acc 65.6250 (65.6250) spf_gamma 0.0500 (0.0500) spf_rank 8.0000 (8.0000) spf_shared_loss 0.0003 (0.0003) spf_private_loss 0.0000 (0.0000) spf_private_norm 0.0004 (0.0004) spf_private_orth_ratio 0.0000 (0.0000) lr 1.0000e-03 eta 0:00:00 user 8
epoch [1/1] batch [2/2] time 0.077 (0.463) data 0.000 (0.384) loss 1.0567 (1.2115) acc 78.1250 (71.8750) spf_gamma 0.0500 (0.0500) spf_rank 8.0000 (8.0000) spf_shared_loss 0.0003 (0.0003) spf_private_loss 0.0000 (0.0000) spf_private_norm 0.0004 (0.0004) spf_private_orth_ratio 0.0000 (0.0000) lr 1.0000e-03 eta 0:00:00 user 8
Finish training: 8 user
Deploy the last-epoch model
8 User, Elapsed: 0:00:01
epoch [1/1] batch [1/1] time 0.917 (0.917) data 0.740 (0.740) loss 0.3523 (0.3523) acc 96.8750 (96.8750) spf_gamma 0.0500 (0.0500) spf_rank 8.0000 (8.0000) spf_shared_loss 0.0003 (0.0003) spf_private_loss 0.0000 (0.0000) spf_private_norm 0.0004 (0.0004) spf_private_orth_ratio 0.0000 (0.0000) lr 1.0000e-03 eta 0:00:00 user 9
Finish training: 9 user
Deploy the last-epoch model
9 User, Elapsed: 0:00:01
------------local train finish epoch: 11 -------------
------------local test start-------------
Evaluate on the client0_test set
  0%|          | 0/2 [00:00<?, ?it/s] 50%|█████     | 1/2 [00:01<00:01,  1.61s/it]100%|██████████| 2/2 [00:01<00:00,  1.36it/s]100%|██████████| 2/2 [00:01<00:00,  1.10it/s]
=> result
* total: 180
* correct: 158
* accuracy: 87.8%
* error: 12.2%
* macro_f1: 88.7%
Evaluate on the client1_test set
  0%|          | 0/2 [00:00<?, ?it/s] 50%|█████     | 1/2 [00:01<00:01,  1.38s/it]100%|██████████| 2/2 [00:01<00:00,  1.30it/s]
=> result
* total: 180
* correct: 156
* accuracy: 86.7%
* error: 13.3%
* macro_f1: 86.9%
Evaluate on the client2_test set
  0%|          | 0/2 [00:00<?, ?it/s] 50%|█████     | 1/2 [00:01<00:01,  1.41s/it]100%|██████████| 2/2 [00:01<00:00,  1.27it/s]
=> result
* total: 180
* correct: 144
* accuracy: 80.0%
* error: 20.0%
* macro_f1: 80.4%
Evaluate on the client3_test set
  0%|          | 0/2 [00:00<?, ?it/s] 50%|█████     | 1/2 [00:01<00:01,  1.56s/it]100%|██████████| 2/2 [00:01<00:00,  1.37it/s]100%|██████████| 2/2 [00:01<00:00,  1.12it/s]
=> result
* total: 180
* correct: 164
* accuracy: 91.1%
* error: 8.9%
* macro_f1: 92.1%
Evaluate on the client4_test set
  0%|          | 0/2 [00:00<?, ?it/s] 50%|█████     | 1/2 [00:01<00:01,  1.38s/it]100%|██████████| 2/2 [00:01<00:00,  1.28it/s]
=> result
* total: 180
* correct: 145
* accuracy: 80.6%
* error: 19.4%
* macro_f1: 80.6%
Evaluate on the client5_test set
  0%|          | 0/2 [00:00<?, ?it/s] 50%|█████     | 1/2 [00:01<00:01,  1.43s/it]100%|██████████| 2/2 [00:01<00:00,  1.23it/s]
=> result
* total: 180
* correct: 166
* accuracy: 92.2%
* error: 7.8%
* macro_f1: 93.7%
Evaluate on the client6_test set
  0%|          | 0/2 [00:00<?, ?it/s] 50%|█████     | 1/2 [00:01<00:01,  1.51s/it]100%|██████████| 2/2 [00:01<00:00,  1.19it/s]
=> result
* total: 180
* correct: 161
* accuracy: 89.4%
* error: 10.6%
* macro_f1: 90.2%
Evaluate on the client7_test set
  0%|          | 0/2 [00:00<?, ?it/s] 50%|█████     | 1/2 [00:01<00:01,  1.46s/it]100%|██████████| 2/2 [00:01<00:00,  1.23it/s]
=> result
* total: 180
* correct: 137
* accuracy: 76.1%
* error: 23.9%
* macro_f1: 75.3%
Evaluate on the client8_test set
  0%|          | 0/2 [00:00<?, ?it/s] 50%|█████     | 1/2 [00:01<00:01,  1.42s/it]100%|██████████| 2/2 [00:01<00:00,  1.53it/s]100%|██████████| 2/2 [00:01<00:00,  1.23it/s]
=> result
* total: 180
* correct: 119
* accuracy: 66.1%
* error: 33.9%
* macro_f1: 65.3%
Evaluate on the client9_test set
  0%|          | 0/1 [00:00<?, ?it/s]100%|██████████| 1/1 [00:01<00:00,  1.08s/it]100%|██████████| 1/1 [00:01<00:00,  1.16s/it]=> result
* total: 72
* correct: 69
* accuracy: 95.8%
* error: 4.2%
* macro_f1: 95.8%
0 --Local test acc: 87.77777777777777
1 --Local test acc: 86.66666666666667
2 --Local test acc: 80.0
3 --Local test acc: 91.11111111111111
4 --Local test acc: 80.55555555555556
5 --Local test acc: 92.22222222222223
6 --Local test acc: 89.44444444444444
7 --Local test acc: 76.11111111111111
8 --Local test acc: 66.11111111111111
9 --Local test acc: 95.83333333333333
--Global test acc: 84.58333333333333
Epoch:11
------------local test finish-------------
idxs_users [0, 1, 2, 3, 4, 5, 6, 7, 8, 9]
------------local train start epoch: 12 -------------

epoch [1/1] batch [1/2] time 0.793 (0.793) data 0.708 (0.708) loss 0.5576 (0.5576) acc 87.5000 (87.5000) spf_gamma 0.0500 (0.0500) spf_rank 8.0000 (8.0000) spf_shared_loss 0.0003 (0.0003) spf_private_loss 0.0000 (0.0000) spf_private_norm 0.0004 (0.0004) spf_private_orth_ratio 0.0000 (0.0000) lr 1.0000e-03 eta 0:00:00 user 0
epoch [1/1] batch [2/2] time 0.073 (0.433) data 0.000 (0.354) loss 0.2467 (0.4022) acc 96.8750 (92.1875) spf_gamma 0.0500 (0.0500) spf_rank 8.0000 (8.0000) spf_shared_loss 0.0003 (0.0003) spf_private_loss 0.0000 (0.0000) spf_private_norm 0.0004 (0.0004) spf_private_orth_ratio 0.0000 (0.0000) lr 1.0000e-03 eta 0:00:00 user 0
Finish training: 0 user
Deploy the last-epoch model
0 User, Elapsed: 0:00:01
epoch [1/1] batch [1/2] time 0.796 (0.796) data 0.722 (0.722) loss 0.3406 (0.3406) acc 90.6250 (90.6250) spf_gamma 0.0500 (0.0500) spf_rank 8.0000 (8.0000) spf_shared_loss 0.0003 (0.0003) spf_private_loss 0.0000 (0.0000) spf_private_norm 0.0004 (0.0004) spf_private_orth_ratio 0.0000 (0.0000) lr 1.0000e-03 eta 0:00:00 user 1
epoch [1/1] batch [2/2] time 0.072 (0.434) data 0.000 (0.361) loss 0.9824 (0.6615) acc 62.5000 (76.5625) spf_gamma 0.0500 (0.0500) spf_rank 8.0000 (8.0000) spf_shared_loss 0.0002 (0.0003) spf_private_loss 0.0000 (0.0000) spf_private_norm 0.0004 (0.0004) spf_private_orth_ratio 0.0000 (0.0000) lr 1.0000e-03 eta 0:00:00 user 1
Finish training: 1 user
Deploy the last-epoch model
1 User, Elapsed: 0:00:01
epoch [1/1] batch [1/2] time 0.815 (0.815) data 0.732 (0.732) loss 0.4380 (0.4380) acc 87.5000 (87.5000) spf_gamma 0.0500 (0.0500) spf_rank 8.0000 (8.0000) spf_shared_loss 0.0003 (0.0003) spf_private_loss 0.0000 (0.0000) spf_private_norm 0.0004 (0.0004) spf_private_orth_ratio 0.0000 (0.0000) lr 1.0000e-03 eta 0:00:00 user 2
epoch [1/1] batch [2/2] time 0.077 (0.446) data 0.000 (0.366) loss 0.4561 (0.4470) acc 84.3750 (85.9375) spf_gamma 0.0500 (0.0500) spf_rank 8.0000 (8.0000) spf_shared_loss 0.0003 (0.0003) spf_private_loss 0.0000 (0.0000) spf_private_norm 0.0004 (0.0004) spf_private_orth_ratio 0.0000 (0.0000) lr 1.0000e-03 eta 0:00:00 user 2
Finish training: 2 user
Deploy the last-epoch model
2 User, Elapsed: 0:00:01
epoch [1/1] batch [1/2] time 0.827 (0.827) data 0.723 (0.723) loss 0.1089 (0.1089) acc 100.0000 (100.0000) spf_gamma 0.0500 (0.0500) spf_rank 8.0000 (8.0000) spf_shared_loss 0.0003 (0.0003) spf_private_loss 0.0000 (0.0000) spf_private_norm 0.0004 (0.0004) spf_private_orth_ratio 0.0000 (0.0000) lr 1.0000e-03 eta 0:00:00 user 3
epoch [1/1] batch [2/2] time 0.074 (0.450) data 0.000 (0.361) loss 0.1629 (0.1359) acc 100.0000 (100.0000) spf_gamma 0.0500 (0.0500) spf_rank 8.0000 (8.0000) spf_shared_loss 0.0003 (0.0003) spf_private_loss 0.0000 (0.0000) spf_private_norm 0.0004 (0.0004) spf_private_orth_ratio 0.0000 (0.0000) lr 1.0000e-03 eta 0:00:00 user 3
Finish training: 3 user
Deploy the last-epoch model
3 User, Elapsed: 0:00:01
epoch [1/1] batch [1/2] time 0.801 (0.801) data 0.723 (0.723) loss 0.7075 (0.7075) acc 81.2500 (81.2500) spf_gamma 0.0500 (0.0500) spf_rank 8.0000 (8.0000) spf_shared_loss 0.0003 (0.0003) spf_private_loss 0.0000 (0.0000) spf_private_norm 0.0004 (0.0004) spf_private_orth_ratio 0.0000 (0.0000) lr 1.0000e-03 eta 0:00:00 user 4
epoch [1/1] batch [2/2] time 0.080 (0.440) data 0.000 (0.362) loss 0.6206 (0.6641) acc 71.8750 (76.5625) spf_gamma 0.0500 (0.0500) spf_rank 8.0000 (8.0000) spf_shared_loss 0.0003 (0.0003) spf_private_loss 0.0000 (0.0000) spf_private_norm 0.0004 (0.0004) spf_private_orth_ratio 0.0000 (0.0000) lr 1.0000e-03 eta 0:00:00 user 4
Finish training: 4 user
Deploy the last-epoch model
4 User, Elapsed: 0:00:01
epoch [1/1] batch [1/2] time 0.834 (0.834) data 0.748 (0.748) loss 0.0669 (0.0669) acc 100.0000 (100.0000) spf_gamma 0.0500 (0.0500) spf_rank 8.0000 (8.0000) spf_shared_loss 0.0003 (0.0003) spf_private_loss 0.0000 (0.0000) spf_private_norm 0.0004 (0.0004) spf_private_orth_ratio 0.0000 (0.0000) lr 1.0000e-03 eta 0:00:00 user 5
epoch [1/1] batch [2/2] time 0.086 (0.460) data 0.000 (0.374) loss 0.2561 (0.1615) acc 93.7500 (96.8750) spf_gamma 0.0500 (0.0500) spf_rank 8.0000 (8.0000) spf_shared_loss 0.0003 (0.0003) spf_private_loss 0.0000 (0.0000) spf_private_norm 0.0004 (0.0004) spf_private_orth_ratio 0.0000 (0.0000) lr 1.0000e-03 eta 0:00:00 user 5
Finish training: 5 user
Deploy the last-epoch model
5 User, Elapsed: 0:00:01
epoch [1/1] batch [1/2] time 0.878 (0.878) data 0.752 (0.752) loss 0.4409 (0.4409) acc 87.5000 (87.5000) spf_gamma 0.0500 (0.0500) spf_rank 8.0000 (8.0000) spf_shared_loss 0.0003 (0.0003) spf_private_loss 0.0000 (0.0000) spf_private_norm 0.0004 (0.0004) spf_private_orth_ratio 0.0000 (0.0000) lr 1.0000e-03 eta 0:00:00 user 6
epoch [1/1] batch [2/2] time 0.074 (0.476) data 0.000 (0.376) loss 0.5747 (0.5078) acc 84.3750 (85.9375) spf_gamma 0.0500 (0.0500) spf_rank 8.0000 (8.0000) spf_shared_loss 0.0003 (0.0003) spf_private_loss 0.0000 (0.0000) spf_private_norm 0.0004 (0.0004) spf_private_orth_ratio 0.0000 (0.0000) lr 1.0000e-03 eta 0:00:00 user 6
Finish training: 6 user
Deploy the last-epoch model
6 User, Elapsed: 0:00:01
epoch [1/1] batch [1/2] time 0.857 (0.857) data 0.785 (0.785) loss 0.9317 (0.9317) acc 81.2500 (81.2500) spf_gamma 0.0500 (0.0500) spf_rank 8.0000 (8.0000) spf_shared_loss 0.0003 (0.0003) spf_private_loss 0.0000 (0.0000) spf_private_norm 0.0004 (0.0004) spf_private_orth_ratio 0.0000 (0.0000) lr 1.0000e-03 eta 0:00:00 user 7
epoch [1/1] batch [2/2] time 0.072 (0.464) data 0.000 (0.393) loss 1.2959 (1.1138) acc 75.0000 (78.1250) spf_gamma 0.0500 (0.0500) spf_rank 8.0000 (8.0000) spf_shared_loss 0.0003 (0.0003) spf_private_loss 0.0000 (0.0000) spf_private_norm 0.0004 (0.0004) spf_private_orth_ratio 0.0000 (0.0000) lr 1.0000e-03 eta 0:00:00 user 7
Finish training: 7 user
Deploy the last-epoch model
7 User, Elapsed: 0:00:01
epoch [1/1] batch [1/2] time 0.782 (0.782) data 0.699 (0.699) loss 0.8418 (0.8418) acc 68.7500 (68.7500) spf_gamma 0.0500 (0.0500) spf_rank 8.0000 (8.0000) spf_shared_loss 0.0003 (0.0003) spf_private_loss 0.0000 (0.0000) spf_private_norm 0.0004 (0.0004) spf_private_orth_ratio 0.0000 (0.0000) lr 1.0000e-03 eta 0:00:00 user 8
epoch [1/1] batch [2/2] time 0.072 (0.427) data 0.000 (0.350) loss 0.8848 (0.8633) acc 65.6250 (67.1875) spf_gamma 0.0500 (0.0500) spf_rank 8.0000 (8.0000) spf_shared_loss 0.0003 (0.0003) spf_private_loss 0.0000 (0.0000) spf_private_norm 0.0004 (0.0004) spf_private_orth_ratio 0.0000 (0.0000) lr 1.0000e-03 eta 0:00:00 user 8
Finish training: 8 user
Deploy the last-epoch model
8 User, Elapsed: 0:00:01
epoch [1/1] batch [1/1] time 0.940 (0.940) data 0.744 (0.744) loss 0.3135 (0.3135) acc 96.8750 (96.8750) spf_gamma 0.0500 (0.0500) spf_rank 8.0000 (8.0000) spf_shared_loss 0.0003 (0.0003) spf_private_loss 0.0000 (0.0000) spf_private_norm 0.0004 (0.0004) spf_private_orth_ratio 0.0000 (0.0000) lr 1.0000e-03 eta 0:00:00 user 9
Finish training: 9 user
Deploy the last-epoch model
9 User, Elapsed: 0:00:01
------------local train finish epoch: 12 -------------
------------local test start-------------
Evaluate on the client0_test set
  0%|          | 0/2 [00:00<?, ?it/s] 50%|█████     | 1/2 [00:01<00:01,  1.37s/it]100%|██████████| 2/2 [00:01<00:00,  1.30it/s]
=> result
* total: 180
* correct: 160
* accuracy: 88.9%
* error: 11.1%
* macro_f1: 89.2%
Evaluate on the client1_test set
  0%|          | 0/2 [00:00<?, ?it/s] 50%|█████     | 1/2 [00:01<00:01,  1.47s/it]100%|██████████| 2/2 [00:01<00:00,  1.22it/s]
=> result
* total: 180
* correct: 129
* accuracy: 71.7%
* error: 28.3%
* macro_f1: 64.7%
Evaluate on the client2_test set
  0%|          | 0/2 [00:00<?, ?it/s] 50%|█████     | 1/2 [00:01<00:01,  1.48s/it]100%|██████████| 2/2 [00:01<00:00,  1.22it/s]
=> result
* total: 180
* correct: 149
* accuracy: 82.8%
* error: 17.2%
* macro_f1: 83.6%
Evaluate on the client3_test set
  0%|          | 0/2 [00:00<?, ?it/s] 50%|█████     | 1/2 [00:01<00:01,  1.58s/it]100%|██████████| 2/2 [00:01<00:00,  1.13it/s]
=> result
* total: 180
* correct: 167
* accuracy: 92.8%
* error: 7.2%
* macro_f1: 93.0%
Evaluate on the client4_test set
  0%|          | 0/2 [00:00<?, ?it/s] 50%|█████     | 1/2 [00:01<00:01,  1.50s/it]100%|██████████| 2/2 [00:01<00:00,  1.40it/s]100%|██████████| 2/2 [00:01<00:00,  1.13it/s]
=> result
* total: 180
* correct: 146
* accuracy: 81.1%
* error: 18.9%
* macro_f1: 81.9%
Evaluate on the client5_test set
  0%|          | 0/2 [00:00<?, ?it/s] 50%|█████     | 1/2 [00:01<00:01,  1.55s/it]100%|██████████| 2/2 [00:01<00:00,  1.17it/s]
=> result
* total: 180
* correct: 170
* accuracy: 94.4%
* error: 5.6%
* macro_f1: 95.0%
Evaluate on the client6_test set
  0%|          | 0/2 [00:00<?, ?it/s] 50%|█████     | 1/2 [00:01<00:01,  1.56s/it]100%|██████████| 2/2 [00:01<00:00,  1.32it/s]100%|██████████| 2/2 [00:01<00:00,  1.09it/s]
=> result
* total: 180
* correct: 160
* accuracy: 88.9%
* error: 11.1%
* macro_f1: 90.2%
Evaluate on the client7_test set
  0%|          | 0/2 [00:00<?, ?it/s] 50%|█████     | 1/2 [00:01<00:01,  1.45s/it]100%|██████████| 2/2 [00:01<00:00,  1.23it/s]
=> result
* total: 180
* correct: 152
* accuracy: 84.4%
* error: 15.6%
* macro_f1: 85.2%
Evaluate on the client8_test set
  0%|          | 0/2 [00:00<?, ?it/s] 50%|█████     | 1/2 [00:01<00:01,  1.40s/it]100%|██████████| 2/2 [00:01<00:00,  1.27it/s]
=> result
* total: 180
* correct: 136
* accuracy: 75.6%
* error: 24.4%
* macro_f1: 74.6%
Evaluate on the client9_test set
  0%|          | 0/1 [00:00<?, ?it/s]100%|██████████| 1/1 [00:01<00:00,  1.11s/it]100%|██████████| 1/1 [00:01<00:00,  1.19s/it]=> result
* total: 72
* correct: 70
* accuracy: 97.2%
* error: 2.8%
* macro_f1: 97.2%
0 --Local test acc: 88.88888888888889
1 --Local test acc: 71.66666666666667
2 --Local test acc: 82.77777777777777
3 --Local test acc: 92.77777777777777
4 --Local test acc: 81.11111111111111
5 --Local test acc: 94.44444444444444
6 --Local test acc: 88.88888888888889
7 --Local test acc: 84.44444444444444
8 --Local test acc: 75.55555555555556
9 --Local test acc: 97.22222222222223
--Global test acc: 85.77777777777779
Epoch:12
------------local test finish-------------
idxs_users [0, 1, 2, 3, 4, 5, 6, 7, 8, 9]
------------local train start epoch: 13 -------------

epoch [1/1] batch [1/2] time 0.777 (0.777) data 0.697 (0.697) loss 0.6514 (0.6514) acc 81.2500 (81.2500) spf_gamma 0.0500 (0.0500) spf_rank 8.0000 (8.0000) spf_shared_loss 0.0003 (0.0003) spf_private_loss 0.0000 (0.0000) spf_private_norm 0.0004 (0.0004) spf_private_orth_ratio 0.0000 (0.0000) lr 1.0000e-03 eta 0:00:00 user 0
epoch [1/1] batch [2/2] time 0.071 (0.424) data 0.000 (0.349) loss 0.1897 (0.4206) acc 96.8750 (89.0625) spf_gamma 0.0500 (0.0500) spf_rank 8.0000 (8.0000) spf_shared_loss 0.0003 (0.0003) spf_private_loss 0.0000 (0.0000) spf_private_norm 0.0004 (0.0004) spf_private_orth_ratio 0.0000 (0.0000) lr 1.0000e-03 eta 0:00:00 user 0
Finish training: 0 user
Deploy the last-epoch model
0 User, Elapsed: 0:00:01
epoch [1/1] batch [1/2] time 0.796 (0.796) data 0.723 (0.723) loss 2.0684 (2.0684) acc 65.6250 (65.6250) spf_gamma 0.0500 (0.0500) spf_rank 8.0000 (8.0000) spf_shared_loss 0.0002 (0.0002) spf_private_loss 0.0000 (0.0000) spf_private_norm 0.0004 (0.0004) spf_private_orth_ratio 0.0000 (0.0000) lr 1.0000e-03 eta 0:00:00 user 1
epoch [1/1] batch [2/2] time 0.172 (0.484) data 0.000 (0.362) loss 1.4014 (1.7349) acc 75.0000 (70.3125) spf_gamma 0.0500 (0.0500) spf_rank 8.0000 (8.0000) spf_shared_loss 0.0003 (0.0003) spf_private_loss 0.0000 (0.0000) spf_private_norm 0.0004 (0.0004) spf_private_orth_ratio 0.0000 (0.0000) lr 1.0000e-03 eta 0:00:00 user 1
Finish training: 1 user
Deploy the last-epoch model
1 User, Elapsed: 0:00:01
epoch [1/1] batch [1/2] time 0.664 (0.664) data 0.588 (0.588) loss 0.3513 (0.3513) acc 90.6250 (90.6250) spf_gamma 0.0500 (0.0500) spf_rank 8.0000 (8.0000) spf_shared_loss 0.0003 (0.0003) spf_private_loss 0.0000 (0.0000) spf_private_norm 0.0004 (0.0004) spf_private_orth_ratio 0.0000 (0.0000) lr 1.0000e-03 eta 0:00:00 user 2
epoch [1/1] batch [2/2] time 0.072 (0.368) data 0.000 (0.294) loss 0.4873 (0.4193) acc 78.1250 (84.3750) spf_gamma 0.0500 (0.0500) spf_rank 8.0000 (8.0000) spf_shared_loss 0.0003 (0.0003) spf_private_loss 0.0000 (0.0000) spf_private_norm 0.0004 (0.0004) spf_private_orth_ratio 0.0000 (0.0000) lr 1.0000e-03 eta 0:00:00 user 2
Finish training: 2 user
Deploy the last-epoch model
2 User, Elapsed: 0:00:01
epoch [1/1] batch [1/2] time 0.674 (0.674) data 0.591 (0.591) loss 0.2664 (0.2664) acc 90.6250 (90.6250) spf_gamma 0.0500 (0.0500) spf_rank 8.0000 (8.0000) spf_shared_loss 0.0003 (0.0003) spf_private_loss 0.0000 (0.0000) spf_private_norm 0.0004 (0.0004) spf_private_orth_ratio 0.0000 (0.0000) lr 1.0000e-03 eta 0:00:00 user 3
epoch [1/1] batch [2/2] time 0.080 (0.377) data 0.000 (0.296) loss 0.1010 (0.1837) acc 100.0000 (95.3125) spf_gamma 0.0500 (0.0500) spf_rank 8.0000 (8.0000) spf_shared_loss 0.0003 (0.0003) spf_private_loss 0.0000 (0.0000) spf_private_norm 0.0004 (0.0004) spf_private_orth_ratio 0.0000 (0.0000) lr 1.0000e-03 eta 0:00:00 user 3
Finish training: 3 user
Deploy the last-epoch model
3 User, Elapsed: 0:00:01
epoch [1/1] batch [1/2] time 0.670 (0.670) data 0.593 (0.593) loss 0.6328 (0.6328) acc 78.1250 (78.1250) spf_gamma 0.0500 (0.0500) spf_rank 8.0000 (8.0000) spf_shared_loss 0.0003 (0.0003) spf_private_loss 0.0000 (0.0000) spf_private_norm 0.0004 (0.0004) spf_private_orth_ratio 0.0000 (0.0000) lr 1.0000e-03 eta 0:00:00 user 4
epoch [1/1] batch [2/2] time 0.076 (0.373) data 0.000 (0.297) loss 0.5259 (0.5794) acc 81.2500 (79.6875) spf_gamma 0.0500 (0.0500) spf_rank 8.0000 (8.0000) spf_shared_loss 0.0003 (0.0003) spf_private_loss 0.0000 (0.0000) spf_private_norm 0.0004 (0.0004) spf_private_orth_ratio 0.0000 (0.0000) lr 1.0000e-03 eta 0:00:00 user 4
Finish training: 4 user
Deploy the last-epoch model
4 User, Elapsed: 0:00:01
epoch [1/1] batch [1/2] time 0.684 (0.684) data 0.606 (0.606) loss 0.1199 (0.1199) acc 96.8750 (96.8750) spf_gamma 0.0500 (0.0500) spf_rank 8.0000 (8.0000) spf_shared_loss 0.0003 (0.0003) spf_private_loss 0.0000 (0.0000) spf_private_norm 0.0004 (0.0004) spf_private_orth_ratio 0.0000 (0.0000) lr 1.0000e-03 eta 0:00:00 user 5
epoch [1/1] batch [2/2] time 0.140 (0.412) data 0.000 (0.303) loss 0.2215 (0.1707) acc 96.8750 (96.8750) spf_gamma 0.0500 (0.0500) spf_rank 8.0000 (8.0000) spf_shared_loss 0.0003 (0.0003) spf_private_loss 0.0000 (0.0000) spf_private_norm 0.0004 (0.0004) spf_private_orth_ratio 0.0000 (0.0000) lr 1.0000e-03 eta 0:00:00 user 5
Finish training: 5 user
Deploy the last-epoch model
5 User, Elapsed: 0:00:01
epoch [1/1] batch [1/2] time 0.651 (0.651) data 0.578 (0.578) loss 0.4258 (0.4258) acc 87.5000 (87.5000) spf_gamma 0.0500 (0.0500) spf_rank 8.0000 (8.0000) spf_shared_loss 0.0003 (0.0003) spf_private_loss 0.0000 (0.0000) spf_private_norm 0.0004 (0.0004) spf_private_orth_ratio 0.0000 (0.0000) lr 1.0000e-03 eta 0:00:00 user 6
epoch [1/1] batch [2/2] time 0.072 (0.362) data 0.000 (0.289) loss 0.5215 (0.4737) acc 84.3750 (85.9375) spf_gamma 0.0500 (0.0500) spf_rank 8.0000 (8.0000) spf_shared_loss 0.0003 (0.0003) spf_private_loss 0.0000 (0.0000) spf_private_norm 0.0004 (0.0004) spf_private_orth_ratio 0.0000 (0.0000) lr 1.0000e-03 eta 0:00:00 user 6
Finish training: 6 user
Deploy the last-epoch model
6 User, Elapsed: 0:00:01
epoch [1/1] batch [1/2] time 0.700 (0.700) data 0.621 (0.621) loss 0.7808 (0.7808) acc 87.5000 (87.5000) spf_gamma 0.0500 (0.0500) spf_rank 8.0000 (8.0000) spf_shared_loss 0.0003 (0.0003) spf_private_loss 0.0000 (0.0000) spf_private_norm 0.0004 (0.0004) spf_private_orth_ratio 0.0000 (0.0000) lr 1.0000e-03 eta 0:00:00 user 7
epoch [1/1] batch [2/2] time 0.101 (0.400) data 0.000 (0.310) loss 0.7290 (0.7549) acc 87.5000 (87.5000) spf_gamma 0.0500 (0.0500) spf_rank 8.0000 (8.0000) spf_shared_loss 0.0003 (0.0003) spf_private_loss 0.0000 (0.0000) spf_private_norm 0.0004 (0.0004) spf_private_orth_ratio 0.0000 (0.0000) lr 1.0000e-03 eta 0:00:00 user 7
Finish training: 7 user
Deploy the last-epoch model
7 User, Elapsed: 0:00:01
epoch [1/1] batch [1/2] time 0.719 (0.719) data 0.646 (0.646) loss 0.8799 (0.8799) acc 81.2500 (81.2500) spf_gamma 0.0500 (0.0500) spf_rank 8.0000 (8.0000) spf_shared_loss 0.0003 (0.0003) spf_private_loss 0.0000 (0.0000) spf_private_norm 0.0004 (0.0004) spf_private_orth_ratio 0.0000 (0.0000) lr 1.0000e-03 eta 0:00:00 user 8
epoch [1/1] batch [2/2] time 0.072 (0.395) data 0.000 (0.323) loss 0.7886 (0.8343) acc 84.3750 (82.8125) spf_gamma 0.0500 (0.0500) spf_rank 8.0000 (8.0000) spf_shared_loss 0.0003 (0.0003) spf_private_loss 0.0000 (0.0000) spf_private_norm 0.0004 (0.0004) spf_private_orth_ratio 0.0000 (0.0000) lr 1.0000e-03 eta 0:00:00 user 8
Finish training: 8 user
Deploy the last-epoch model
8 User, Elapsed: 0:00:01
epoch [1/1] batch [1/1] time 0.835 (0.835) data 0.663 (0.663) loss 0.1621 (0.1621) acc 100.0000 (100.0000) spf_gamma 0.0500 (0.0500) spf_rank 8.0000 (8.0000) spf_shared_loss 0.0003 (0.0003) spf_private_loss 0.0000 (0.0000) spf_private_norm 0.0004 (0.0004) spf_private_orth_ratio 0.0000 (0.0000) lr 1.0000e-03 eta 0:00:00 user 9
Finish training: 9 user
Deploy the last-epoch model
9 User, Elapsed: 0:00:01
------------local train finish epoch: 13 -------------
------------local test start-------------
Evaluate on the client0_test set
  0%|          | 0/2 [00:00<?, ?it/s] 50%|█████     | 1/2 [00:01<00:01,  1.33s/it]100%|██████████| 2/2 [00:01<00:00,  1.33it/s]
=> result
* total: 180
* correct: 161
* accuracy: 89.4%
* error: 10.6%
* macro_f1: 90.7%
Evaluate on the client1_test set
  0%|          | 0/2 [00:00<?, ?it/s] 50%|█████     | 1/2 [00:01<00:01,  1.27s/it]100%|██████████| 2/2 [00:01<00:00,  1.38it/s]
=> result
* total: 180
* correct: 135
* accuracy: 75.0%
* error: 25.0%
* macro_f1: 71.5%
Evaluate on the client2_test set
  0%|          | 0/2 [00:00<?, ?it/s] 50%|█████     | 1/2 [00:01<00:01,  1.33s/it]100%|██████████| 2/2 [00:01<00:00,  1.34it/s]
=> result
* total: 180
* correct: 147
* accuracy: 81.7%
* error: 18.3%
* macro_f1: 82.6%
Evaluate on the client3_test set
  0%|          | 0/2 [00:00<?, ?it/s] 50%|█████     | 1/2 [00:01<00:01,  1.33s/it]100%|██████████| 2/2 [00:01<00:00,  1.33it/s]
=> result
* total: 180
* correct: 165
* accuracy: 91.7%
* error: 8.3%
* macro_f1: 92.7%
Evaluate on the client4_test set
  0%|          | 0/2 [00:00<?, ?it/s] 50%|█████     | 1/2 [00:01<00:01,  1.30s/it]100%|██████████| 2/2 [00:01<00:00,  1.35it/s]
=> result
* total: 180
* correct: 153
* accuracy: 85.0%
* error: 15.0%
* macro_f1: 85.2%
Evaluate on the client5_test set
  0%|          | 0/2 [00:00<?, ?it/s] 50%|█████     | 1/2 [00:01<00:01,  1.28s/it]100%|██████████| 2/2 [00:01<00:00,  1.37it/s]
=> result
* total: 180
* correct: 169
* accuracy: 93.9%
* error: 6.1%
* macro_f1: 94.9%
Evaluate on the client6_test set
  0%|          | 0/2 [00:00<?, ?it/s] 50%|█████     | 1/2 [00:01<00:01,  1.33s/it]100%|██████████| 2/2 [00:01<00:00,  1.34it/s]
=> result
* total: 180
* correct: 165
* accuracy: 91.7%
* error: 8.3%
* macro_f1: 92.5%
Evaluate on the client7_test set
  0%|          | 0/2 [00:00<?, ?it/s] 50%|█████     | 1/2 [00:01<00:01,  1.39s/it]100%|██████████| 2/2 [00:01<00:00,  1.27it/s]
=> result
* total: 180
* correct: 153
* accuracy: 85.0%
* error: 15.0%
* macro_f1: 85.8%
Evaluate on the client8_test set
  0%|          | 0/2 [00:00<?, ?it/s] 50%|█████     | 1/2 [00:01<00:01,  1.30s/it]100%|██████████| 2/2 [00:01<00:00,  1.36it/s]
=> result
* total: 180
* correct: 118
* accuracy: 65.6%
* error: 34.4%
* macro_f1: 59.2%
Evaluate on the client9_test set
  0%|          | 0/1 [00:00<?, ?it/s]100%|██████████| 1/1 [00:01<00:00,  1.00s/it]100%|██████████| 1/1 [00:01<00:00,  1.11s/it]=> result
* total: 72
* correct: 70
* accuracy: 97.2%
* error: 2.8%
* macro_f1: 97.2%
0 --Local test acc: 89.44444444444444
1 --Local test acc: 75.0
2 --Local test acc: 81.66666666666667
3 --Local test acc: 91.66666666666667
4 --Local test acc: 85.0
5 --Local test acc: 93.88888888888889
6 --Local test acc: 91.66666666666667
7 --Local test acc: 85.0
8 --Local test acc: 65.55555555555556
9 --Local test acc: 97.22222222222223
--Global test acc: 85.61111111111111
Epoch:13
------------local test finish-------------
idxs_users [0, 1, 2, 3, 4, 5, 6, 7, 8, 9]
------------local train start epoch: 14 -------------

epoch [1/1] batch [1/2] time 0.699 (0.699) data 0.605 (0.605) loss 0.3789 (0.3789) acc 93.7500 (93.7500) spf_gamma 0.0500 (0.0500) spf_rank 8.0000 (8.0000) spf_shared_loss 0.0003 (0.0003) spf_private_loss 0.0000 (0.0000) spf_private_norm 0.0004 (0.0004) spf_private_orth_ratio 0.0000 (0.0000) lr 1.0000e-03 eta 0:00:00 user 0
epoch [1/1] batch [2/2] time 0.075 (0.387) data 0.000 (0.302) loss 0.3469 (0.3629) acc 87.5000 (90.6250) spf_gamma 0.0500 (0.0500) spf_rank 8.0000 (8.0000) spf_shared_loss 0.0003 (0.0003) spf_private_loss 0.0000 (0.0000) spf_private_norm 0.0004 (0.0004) spf_private_orth_ratio 0.0000 (0.0000) lr 1.0000e-03 eta 0:00:00 user 0
Finish training: 0 user
Deploy the last-epoch model
0 User, Elapsed: 0:00:01
epoch [1/1] batch [1/2] time 0.706 (0.706) data 0.618 (0.618) loss 0.9209 (0.9209) acc 81.2500 (81.2500) spf_gamma 0.0500 (0.0500) spf_rank 8.0000 (8.0000) spf_shared_loss 0.0003 (0.0003) spf_private_loss 0.0000 (0.0000) spf_private_norm 0.0004 (0.0004) spf_private_orth_ratio 0.0000 (0.0000) lr 1.0000e-03 eta 0:00:00 user 1
epoch [1/1] batch [2/2] time 0.072 (0.389) data 0.000 (0.309) loss 0.7149 (0.8179) acc 84.3750 (82.8125) spf_gamma 0.0500 (0.0500) spf_rank 8.0000 (8.0000) spf_shared_loss 0.0002 (0.0002) spf_private_loss 0.0000 (0.0000) spf_private_norm 0.0004 (0.0004) spf_private_orth_ratio 0.0000 (0.0000) lr 1.0000e-03 eta 0:00:00 user 1
Finish training: 1 user
Deploy the last-epoch model
1 User, Elapsed: 0:00:01
epoch [1/1] batch [1/2] time 0.686 (0.686) data 0.613 (0.613) loss 0.2759 (0.2759) acc 87.5000 (87.5000) spf_gamma 0.0500 (0.0500) spf_rank 8.0000 (8.0000) spf_shared_loss 0.0003 (0.0003) spf_private_loss 0.0000 (0.0000) spf_private_norm 0.0004 (0.0004) spf_private_orth_ratio 0.0000 (0.0000) lr 1.0000e-03 eta 0:00:00 user 2
epoch [1/1] batch [2/2] time 0.072 (0.379) data 0.000 (0.306) loss 0.4363 (0.3561) acc 90.6250 (89.0625) spf_gamma 0.0500 (0.0500) spf_rank 8.0000 (8.0000) spf_shared_loss 0.0003 (0.0003) spf_private_loss 0.0000 (0.0000) spf_private_norm 0.0004 (0.0004) spf_private_orth_ratio 0.0000 (0.0000) lr 1.0000e-03 eta 0:00:00 user 2
Finish training: 2 user
Deploy the last-epoch model
2 User, Elapsed: 0:00:01
epoch [1/1] batch [1/2] time 0.677 (0.677) data 0.603 (0.603) loss 0.1741 (0.1741) acc 93.7500 (93.7500) spf_gamma 0.0500 (0.0500) spf_rank 8.0000 (8.0000) spf_shared_loss 0.0003 (0.0003) spf_private_loss 0.0000 (0.0000) spf_private_norm 0.0004 (0.0004) spf_private_orth_ratio 0.0000 (0.0000) lr 1.0000e-03 eta 0:00:00 user 3
epoch [1/1] batch [2/2] time 0.072 (0.374) data 0.000 (0.302) loss 0.1159 (0.1450) acc 96.8750 (95.3125) spf_gamma 0.0500 (0.0500) spf_rank 8.0000 (8.0000) spf_shared_loss 0.0003 (0.0003) spf_private_loss 0.0000 (0.0000) spf_private_norm 0.0004 (0.0004) spf_private_orth_ratio 0.0000 (0.0000) lr 1.0000e-03 eta 0:00:00 user 3
Finish training: 3 user
Deploy the last-epoch model
3 User, Elapsed: 0:00:01
epoch [1/1] batch [1/2] time 0.752 (0.752) data 0.674 (0.674) loss 0.5825 (0.5825) acc 75.0000 (75.0000) spf_gamma 0.0500 (0.0500) spf_rank 8.0000 (8.0000) spf_shared_loss 0.0003 (0.0003) spf_private_loss 0.0000 (0.0000) spf_private_norm 0.0004 (0.0004) spf_private_orth_ratio 0.0000 (0.0000) lr 1.0000e-03 eta 0:00:00 user 4
epoch [1/1] batch [2/2] time 0.081 (0.416) data 0.000 (0.337) loss 0.4290 (0.5058) acc 81.2500 (78.1250) spf_gamma 0.0500 (0.0500) spf_rank 8.0000 (8.0000) spf_shared_loss 0.0003 (0.0003) spf_private_loss 0.0000 (0.0000) spf_private_norm 0.0004 (0.0004) spf_private_orth_ratio 0.0000 (0.0000) lr 1.0000e-03 eta 0:00:00 user 4
Finish training: 4 user
Deploy the last-epoch model
4 User, Elapsed: 0:00:01
epoch [1/1] batch [1/2] time 0.801 (0.801) data 0.642 (0.642) loss 0.2133 (0.2133) acc 90.6250 (90.6250) spf_gamma 0.0500 (0.0500) spf_rank 8.0000 (8.0000) spf_shared_loss 0.0003 (0.0003) spf_private_loss 0.0000 (0.0000) spf_private_norm 0.0004 (0.0004) spf_private_orth_ratio 0.0000 (0.0000) lr 1.0000e-03 eta 0:00:00 user 5
epoch [1/1] batch [2/2] time 0.137 (0.469) data 0.000 (0.321) loss 0.1048 (0.1591) acc 96.8750 (93.7500) spf_gamma 0.0500 (0.0500) spf_rank 8.0000 (8.0000) spf_shared_loss 0.0003 (0.0003) spf_private_loss 0.0000 (0.0000) spf_private_norm 0.0004 (0.0004) spf_private_orth_ratio 0.0000 (0.0000) lr 1.0000e-03 eta 0:00:00 user 5
Finish training: 5 user
Deploy the last-epoch model
5 User, Elapsed: 0:00:01
epoch [1/1] batch [1/2] time 0.840 (0.840) data 0.764 (0.764) loss 0.3352 (0.3352) acc 90.6250 (90.6250) spf_gamma 0.0500 (0.0500) spf_rank 8.0000 (8.0000) spf_shared_loss 0.0003 (0.0003) spf_private_loss 0.0000 (0.0000) spf_private_norm 0.0004 (0.0004) spf_private_orth_ratio 0.0000 (0.0000) lr 1.0000e-03 eta 0:00:00 user 6
epoch [1/1] batch [2/2] time 0.078 (0.459) data 0.000 (0.382) loss 0.6865 (0.5109) acc 81.2500 (85.9375) spf_gamma 0.0500 (0.0500) spf_rank 8.0000 (8.0000) spf_shared_loss 0.0003 (0.0003) spf_private_loss 0.0000 (0.0000) spf_private_norm 0.0004 (0.0004) spf_private_orth_ratio 0.0000 (0.0000) lr 1.0000e-03 eta 0:00:00 user 6
Finish training: 6 user
Deploy the last-epoch model
6 User, Elapsed: 0:00:01
epoch [1/1] batch [1/2] time 0.764 (0.764) data 0.603 (0.603) loss 0.5542 (0.5542) acc 93.7500 (93.7500) spf_gamma 0.0500 (0.0500) spf_rank 8.0000 (8.0000) spf_shared_loss 0.0003 (0.0003) spf_private_loss 0.0000 (0.0000) spf_private_norm 0.0004 (0.0004) spf_private_orth_ratio 0.0000 (0.0000) lr 1.0000e-03 eta 0:00:00 user 7
epoch [1/1] batch [2/2] time 0.073 (0.419) data 0.000 (0.302) loss 0.6206 (0.5874) acc 87.5000 (90.6250) spf_gamma 0.0500 (0.0500) spf_rank 8.0000 (8.0000) spf_shared_loss 0.0002 (0.0003) spf_private_loss 0.0000 (0.0000) spf_private_norm 0.0004 (0.0004) spf_private_orth_ratio 0.0000 (0.0000) lr 1.0000e-03 eta 0:00:00 user 7
Finish training: 7 user
Deploy the last-epoch model
7 User, Elapsed: 0:00:01
epoch [1/1] batch [1/2] time 0.695 (0.695) data 0.617 (0.617) loss 1.1446 (1.1446) acc 78.1250 (78.1250) spf_gamma 0.0500 (0.0500) spf_rank 8.0000 (8.0000) spf_shared_loss 0.0003 (0.0003) spf_private_loss 0.0000 (0.0000) spf_private_norm 0.0004 (0.0004) spf_private_orth_ratio 0.0000 (0.0000) lr 1.0000e-03 eta 0:00:00 user 8
epoch [1/1] batch [2/2] time 0.077 (0.386) data 0.000 (0.308) loss 1.0449 (1.0948) acc 53.1250 (65.6250) spf_gamma 0.0500 (0.0500) spf_rank 8.0000 (8.0000) spf_shared_loss 0.0003 (0.0003) spf_private_loss 0.0000 (0.0000) spf_private_norm 0.0004 (0.0004) spf_private_orth_ratio 0.0000 (0.0000) lr 1.0000e-03 eta 0:00:00 user 8
Finish training: 8 user
Deploy the last-epoch model
8 User, Elapsed: 0:00:01
epoch [1/1] batch [1/1] time 0.668 (0.668) data 0.593 (0.593) loss 0.1718 (0.1718) acc 100.0000 (100.0000) spf_gamma 0.0500 (0.0500) spf_rank 8.0000 (8.0000) spf_shared_loss 0.0003 (0.0003) spf_private_loss 0.0000 (0.0000) spf_private_norm 0.0004 (0.0004) spf_private_orth_ratio 0.0000 (0.0000) lr 1.0000e-03 eta 0:00:00 user 9
Finish training: 9 user
Deploy the last-epoch model
9 User, Elapsed: 0:00:01
------------local train finish epoch: 14 -------------
------------local test start-------------
Evaluate on the client0_test set
  0%|          | 0/2 [00:00<?, ?it/s] 50%|█████     | 1/2 [00:01<00:01,  1.48s/it]100%|██████████| 2/2 [00:01<00:00,  1.41it/s]100%|██████████| 2/2 [00:01<00:00,  1.14it/s]
=> result
* total: 180
* correct: 163
* accuracy: 90.6%
* error: 9.4%
* macro_f1: 91.0%
Evaluate on the client1_test set
  0%|          | 0/2 [00:00<?, ?it/s] 50%|█████     | 1/2 [00:01<00:01,  1.28s/it]100%|██████████| 2/2 [00:01<00:00,  1.39it/s]
=> result
* total: 180
* correct: 133
* accuracy: 73.9%
* error: 26.1%
* macro_f1: 71.3%
Evaluate on the client2_test set
  0%|          | 0/2 [00:00<?, ?it/s] 50%|█████     | 1/2 [00:01<00:01,  1.37s/it]100%|██████████| 2/2 [00:01<00:00,  1.53it/s]100%|██████████| 2/2 [00:01<00:00,  1.25it/s]
=> result
* total: 180
* correct: 152
* accuracy: 84.4%
* error: 15.6%
* macro_f1: 85.1%
Evaluate on the client3_test set
  0%|          | 0/2 [00:00<?, ?it/s] 50%|█████     | 1/2 [00:01<00:01,  1.38s/it]100%|██████████| 2/2 [00:01<00:00,  1.28it/s]
=> result
* total: 180
* correct: 165
* accuracy: 91.7%
* error: 8.3%
* macro_f1: 91.9%
Evaluate on the client4_test set
  0%|          | 0/2 [00:00<?, ?it/s] 50%|█████     | 1/2 [00:01<00:01,  1.30s/it]100%|██████████| 2/2 [00:01<00:00,  1.37it/s]
=> result
* total: 180
* correct: 154
* accuracy: 85.6%
* error: 14.4%
* macro_f1: 86.1%
Evaluate on the client5_test set
  0%|          | 0/2 [00:00<?, ?it/s] 50%|█████     | 1/2 [00:01<00:01,  1.34s/it]100%|██████████| 2/2 [00:01<00:00,  1.33it/s]
=> result
* total: 180
* correct: 166
* accuracy: 92.2%
* error: 7.8%
* macro_f1: 93.1%
Evaluate on the client6_test set
  0%|          | 0/2 [00:00<?, ?it/s] 50%|█████     | 1/2 [00:01<00:01,  1.32s/it]100%|██████████| 2/2 [00:01<00:00,  1.32it/s]
=> result
* total: 180
* correct: 162
* accuracy: 90.0%
* error: 10.0%
* macro_f1: 90.6%
Evaluate on the client7_test set
  0%|          | 0/2 [00:00<?, ?it/s] 50%|█████     | 1/2 [00:01<00:01,  1.32s/it]100%|██████████| 2/2 [00:01<00:00,  1.34it/s]
=> result
* total: 180
* correct: 160
* accuracy: 88.9%
* error: 11.1%
* macro_f1: 89.0%
Evaluate on the client8_test set
  0%|          | 0/2 [00:00<?, ?it/s] 50%|█████     | 1/2 [00:01<00:01,  1.34s/it]100%|██████████| 2/2 [00:01<00:00,  1.32it/s]
=> result
* total: 180
* correct: 125
* accuracy: 69.4%
* error: 30.6%
* macro_f1: 65.3%
Evaluate on the client9_test set
  0%|          | 0/1 [00:00<?, ?it/s]100%|██████████| 1/1 [00:00<00:00,  1.03it/s]100%|██████████| 1/1 [00:01<00:00,  1.05s/it]=> result
* total: 72
* correct: 70
* accuracy: 97.2%
* error: 2.8%
* macro_f1: 97.2%
0 --Local test acc: 90.55555555555556
1 --Local test acc: 73.88888888888889
2 --Local test acc: 84.44444444444444
3 --Local test acc: 91.66666666666667
4 --Local test acc: 85.55555555555556
5 --Local test acc: 92.22222222222223
6 --Local test acc: 90.0
7 --Local test acc: 88.88888888888889
8 --Local test acc: 69.44444444444444
9 --Local test acc: 97.22222222222223
--Global test acc: 86.38888888888889
Epoch:14
------------local test finish-------------
idxs_users [0, 1, 2, 3, 4, 5, 6, 7, 8, 9]
------------local train start epoch: 15 -------------

epoch [1/1] batch [1/2] time 0.657 (0.657) data 0.585 (0.585) loss 0.3277 (0.3277) acc 93.7500 (93.7500) spf_gamma 0.0500 (0.0500) spf_rank 8.0000 (8.0000) spf_shared_loss 0.0003 (0.0003) spf_private_loss 0.0000 (0.0000) spf_private_norm 0.0004 (0.0004) spf_private_orth_ratio 0.0000 (0.0000) lr 1.0000e-03 eta 0:00:00 user 0
epoch [1/1] batch [2/2] time 0.072 (0.364) data 0.000 (0.293) loss 0.2340 (0.2808) acc 96.8750 (95.3125) spf_gamma 0.0500 (0.0500) spf_rank 8.0000 (8.0000) spf_shared_loss 0.0003 (0.0003) spf_private_loss 0.0000 (0.0000) spf_private_norm 0.0004 (0.0004) spf_private_orth_ratio 0.0000 (0.0000) lr 1.0000e-03 eta 0:00:00 user 0
Finish training: 0 user
Deploy the last-epoch model
0 User, Elapsed: 0:00:01
epoch [1/1] batch [1/2] time 0.657 (0.657) data 0.571 (0.571) loss 0.9268 (0.9268) acc 71.8750 (71.8750) spf_gamma 0.0500 (0.0500) spf_rank 8.0000 (8.0000) spf_shared_loss 0.0003 (0.0003) spf_private_loss 0.0000 (0.0000) spf_private_norm 0.0004 (0.0004) spf_private_orth_ratio 0.0000 (0.0000) lr 1.0000e-03 eta 0:00:00 user 1
epoch [1/1] batch [2/2] time 0.072 (0.365) data 0.000 (0.286) loss 1.2901 (1.1084) acc 71.8750 (71.8750) spf_gamma 0.0500 (0.0500) spf_rank 8.0000 (8.0000) spf_shared_loss 0.0003 (0.0003) spf_private_loss 0.0000 (0.0000) spf_private_norm 0.0004 (0.0004) spf_private_orth_ratio 0.0000 (0.0000) lr 1.0000e-03 eta 0:00:00 user 1
Finish training: 1 user
Deploy the last-epoch model
1 User, Elapsed: 0:00:01
epoch [1/1] batch [1/2] time 0.665 (0.665) data 0.577 (0.577) loss 0.3433 (0.3433) acc 90.6250 (90.6250) spf_gamma 0.0500 (0.0500) spf_rank 8.0000 (8.0000) spf_shared_loss 0.0003 (0.0003) spf_private_loss 0.0000 (0.0000) spf_private_norm 0.0004 (0.0004) spf_private_orth_ratio 0.0000 (0.0000) lr 1.0000e-03 eta 0:00:00 user 2
epoch [1/1] batch [2/2] time 0.073 (0.369) data 0.000 (0.289) loss 0.3313 (0.3373) acc 87.5000 (89.0625) spf_gamma 0.0500 (0.0500) spf_rank 8.0000 (8.0000) spf_shared_loss 0.0003 (0.0003) spf_private_loss 0.0000 (0.0000) spf_private_norm 0.0004 (0.0004) spf_private_orth_ratio 0.0000 (0.0000) lr 1.0000e-03 eta 0:00:00 user 2
Finish training: 2 user
Deploy the last-epoch model
2 User, Elapsed: 0:00:01
epoch [1/1] batch [1/2] time 0.658 (0.658) data 0.582 (0.582) loss 0.1107 (0.1107) acc 100.0000 (100.0000) spf_gamma 0.0500 (0.0500) spf_rank 8.0000 (8.0000) spf_shared_loss 0.0003 (0.0003) spf_private_loss 0.0000 (0.0000) spf_private_norm 0.0004 (0.0004) spf_private_orth_ratio 0.0000 (0.0000) lr 1.0000e-03 eta 0:00:00 user 3
epoch [1/1] batch [2/2] time 0.072 (0.365) data 0.000 (0.291) loss 0.1914 (0.1511) acc 93.7500 (96.8750) spf_gamma 0.0500 (0.0500) spf_rank 8.0000 (8.0000) spf_shared_loss 0.0003 (0.0003) spf_private_loss 0.0000 (0.0000) spf_private_norm 0.0004 (0.0004) spf_private_orth_ratio 0.0000 (0.0000) lr 1.0000e-03 eta 0:00:00 user 3
Finish training: 3 user
Deploy the last-epoch model
3 User, Elapsed: 0:00:01
epoch [1/1] batch [1/2] time 0.669 (0.669) data 0.580 (0.580) loss 0.6280 (0.6280) acc 78.1250 (78.1250) spf_gamma 0.0500 (0.0500) spf_rank 8.0000 (8.0000) spf_shared_loss 0.0003 (0.0003) spf_private_loss 0.0000 (0.0000) spf_private_norm 0.0004 (0.0004) spf_private_orth_ratio 0.0000 (0.0000) lr 1.0000e-03 eta 0:00:00 user 4
epoch [1/1] batch [2/2] time 0.077 (0.373) data 0.000 (0.290) loss 0.3941 (0.5110) acc 84.3750 (81.2500) spf_gamma 0.0500 (0.0500) spf_rank 8.0000 (8.0000) spf_shared_loss 0.0003 (0.0003) spf_private_loss 0.0000 (0.0000) spf_private_norm 0.0004 (0.0004) spf_private_orth_ratio 0.0000 (0.0000) lr 1.0000e-03 eta 0:00:00 user 4
Finish training: 4 user
Deploy the last-epoch model
4 User, Elapsed: 0:00:01
epoch [1/1] batch [1/2] time 0.723 (0.723) data 0.632 (0.632) loss 0.1966 (0.1966) acc 96.8750 (96.8750) spf_gamma 0.0500 (0.0500) spf_rank 8.0000 (8.0000) spf_shared_loss 0.0003 (0.0003) spf_private_loss 0.0000 (0.0000) spf_private_norm 0.0004 (0.0004) spf_private_orth_ratio 0.0000 (0.0000) lr 1.0000e-03 eta 0:00:00 user 5
epoch [1/1] batch [2/2] time 0.083 (0.403) data 0.000 (0.316) loss 0.1139 (0.1552) acc 100.0000 (98.4375) spf_gamma 0.0500 (0.0500) spf_rank 8.0000 (8.0000) spf_shared_loss 0.0003 (0.0003) spf_private_loss 0.0000 (0.0000) spf_private_norm 0.0004 (0.0004) spf_private_orth_ratio 0.0000 (0.0000) lr 1.0000e-03 eta 0:00:00 user 5
Finish training: 5 user
Deploy the last-epoch model
5 User, Elapsed: 0:00:01
epoch [1/1] batch [1/2] time 0.774 (0.774) data 0.581 (0.581) loss 0.4358 (0.4358) acc 90.6250 (90.6250) spf_gamma 0.0500 (0.0500) spf_rank 8.0000 (8.0000) spf_shared_loss 0.0003 (0.0003) spf_private_loss 0.0000 (0.0000) spf_private_norm 0.0004 (0.0004) spf_private_orth_ratio 0.0000 (0.0000) lr 1.0000e-03 eta 0:00:00 user 6
epoch [1/1] batch [2/2] time 0.162 (0.468) data 0.000 (0.291) loss 0.2627 (0.3493) acc 96.8750 (93.7500) spf_gamma 0.0500 (0.0500) spf_rank 8.0000 (8.0000) spf_shared_loss 0.0003 (0.0003) spf_private_loss 0.0000 (0.0000) spf_private_norm 0.0004 (0.0004) spf_private_orth_ratio 0.0000 (0.0000) lr 1.0000e-03 eta 0:00:00 user 6
Finish training: 6 user
Deploy the last-epoch model
6 User, Elapsed: 0:00:01
epoch [1/1] batch [1/2] time 0.714 (0.714) data 0.633 (0.633) loss 0.3675 (0.3675) acc 93.7500 (93.7500) spf_gamma 0.0500 (0.0500) spf_rank 8.0000 (8.0000) spf_shared_loss 0.0003 (0.0003) spf_private_loss 0.0000 (0.0000) spf_private_norm 0.0004 (0.0004) spf_private_orth_ratio 0.0000 (0.0000) lr 1.0000e-03 eta 0:00:00 user 7
epoch [1/1] batch [2/2] time 0.076 (0.395) data 0.000 (0.316) loss 0.5811 (0.4743) acc 81.2500 (87.5000) spf_gamma 0.0500 (0.0500) spf_rank 8.0000 (8.0000) spf_shared_loss 0.0003 (0.0003) spf_private_loss 0.0000 (0.0000) spf_private_norm 0.0004 (0.0004) spf_private_orth_ratio 0.0000 (0.0000) lr 1.0000e-03 eta 0:00:00 user 7
Finish training: 7 user
Deploy the last-epoch model
7 User, Elapsed: 0:00:01
epoch [1/1] batch [1/2] time 0.641 (0.641) data 0.567 (0.567) loss 0.9707 (0.9707) acc 71.8750 (71.8750) spf_gamma 0.0500 (0.0500) spf_rank 8.0000 (8.0000) spf_shared_loss 0.0003 (0.0003) spf_private_loss 0.0000 (0.0000) spf_private_norm 0.0004 (0.0004) spf_private_orth_ratio 0.0000 (0.0000) lr 1.0000e-03 eta 0:00:00 user 8
epoch [1/1] batch [2/2] time 0.075 (0.358) data 0.000 (0.284) loss 0.7261 (0.8484) acc 84.3750 (78.1250) spf_gamma 0.0500 (0.0500) spf_rank 8.0000 (8.0000) spf_shared_loss 0.0003 (0.0003) spf_private_loss 0.0000 (0.0000) spf_private_norm 0.0004 (0.0004) spf_private_orth_ratio 0.0000 (0.0000) lr 1.0000e-03 eta 0:00:00 user 8
Finish training: 8 user
Deploy the last-epoch model
8 User, Elapsed: 0:00:01
epoch [1/1] batch [1/1] time 0.682 (0.682) data 0.603 (0.603) loss 0.1591 (0.1591) acc 96.8750 (96.8750) spf_gamma 0.0500 (0.0500) spf_rank 8.0000 (8.0000) spf_shared_loss 0.0003 (0.0003) spf_private_loss 0.0000 (0.0000) spf_private_norm 0.0004 (0.0004) spf_private_orth_ratio 0.0000 (0.0000) lr 1.0000e-03 eta 0:00:00 user 9
Finish training: 9 user
Deploy the last-epoch model
9 User, Elapsed: 0:00:01
------------local train finish epoch: 15 -------------
------------local test start-------------
Evaluate on the client0_test set
  0%|          | 0/2 [00:00<?, ?it/s] 50%|█████     | 1/2 [00:01<00:01,  1.36s/it]100%|██████████| 2/2 [00:01<00:00,  1.31it/s]
=> result
* total: 180
* correct: 161
* accuracy: 89.4%
* error: 10.6%
* macro_f1: 90.1%
Evaluate on the client1_test set
  0%|          | 0/2 [00:00<?, ?it/s] 50%|█████     | 1/2 [00:01<00:01,  1.35s/it]100%|██████████| 2/2 [00:01<00:00,  1.33it/s]
=> result
* total: 180
* correct: 113
* accuracy: 62.8%
* error: 37.2%
* macro_f1: 66.4%
Evaluate on the client2_test set
  0%|          | 0/2 [00:00<?, ?it/s] 50%|█████     | 1/2 [00:01<00:01,  1.32s/it]100%|██████████| 2/2 [00:01<00:00,  1.35it/s]
=> result
* total: 180
* correct: 144
* accuracy: 80.0%
* error: 20.0%
* macro_f1: 79.6%
Evaluate on the client3_test set
  0%|          | 0/2 [00:00<?, ?it/s] 50%|█████     | 1/2 [00:01<00:01,  1.34s/it]100%|██████████| 2/2 [00:01<00:00,  1.32it/s]
=> result
* total: 180
* correct: 161
* accuracy: 89.4%
* error: 10.6%
* macro_f1: 91.2%
Evaluate on the client4_test set
  0%|          | 0/2 [00:00<?, ?it/s] 50%|█████     | 1/2 [00:01<00:01,  1.29s/it]100%|██████████| 2/2 [00:01<00:00,  1.60it/s]100%|██████████| 2/2 [00:01<00:00,  1.29it/s]
=> result
* total: 180
* correct: 147
* accuracy: 81.7%
* error: 18.3%
* macro_f1: 82.3%
Evaluate on the client5_test set
  0%|          | 0/2 [00:00<?, ?it/s] 50%|█████     | 1/2 [00:01<00:01,  1.34s/it]100%|██████████| 2/2 [00:01<00:00,  1.33it/s]
=> result
* total: 180
* correct: 168
* accuracy: 93.3%
* error: 6.7%
* macro_f1: 94.3%
Evaluate on the client6_test set
  0%|          | 0/2 [00:00<?, ?it/s] 50%|█████     | 1/2 [00:01<00:01,  1.32s/it]100%|██████████| 2/2 [00:01<00:00,  1.34it/s]
=> result
* total: 180
* correct: 167
* accuracy: 92.8%
* error: 7.2%
* macro_f1: 93.1%
Evaluate on the client7_test set
  0%|          | 0/2 [00:00<?, ?it/s] 50%|█████     | 1/2 [00:01<00:01,  1.41s/it]100%|██████████| 2/2 [00:01<00:00,  1.56it/s]100%|██████████| 2/2 [00:01<00:00,  1.25it/s]
=> result
* total: 180
* correct: 164
* accuracy: 91.1%
* error: 8.9%
* macro_f1: 92.2%
Evaluate on the client8_test set
  0%|          | 0/2 [00:00<?, ?it/s] 50%|█████     | 1/2 [00:01<00:01,  1.51s/it]100%|██████████| 2/2 [00:01<00:00,  1.20it/s]
=> result
* total: 180
* correct: 140
* accuracy: 77.8%
* error: 22.2%
* macro_f1: 77.0%
Evaluate on the client9_test set
  0%|          | 0/1 [00:00<?, ?it/s]100%|██████████| 1/1 [00:00<00:00,  1.06it/s]100%|██████████| 1/1 [00:01<00:00,  1.03s/it]=> result
* total: 72
* correct: 70
* accuracy: 97.2%
* error: 2.8%
* macro_f1: 97.2%
0 --Local test acc: 89.44444444444444
1 --Local test acc: 62.77777777777778
2 --Local test acc: 80.0
3 --Local test acc: 89.44444444444444
4 --Local test acc: 81.66666666666667
5 --Local test acc: 93.33333333333333
6 --Local test acc: 92.77777777777777
7 --Local test acc: 91.11111111111111
8 --Local test acc: 77.77777777777777
9 --Local test acc: 97.22222222222223
--Global test acc: 85.55555555555554
Epoch:15
------------local test finish-------------
idxs_users [0, 1, 2, 3, 4, 5, 6, 7, 8, 9]
------------local train start epoch: 16 -------------

epoch [1/1] batch [1/2] time 0.700 (0.700) data 0.626 (0.626) loss 0.1773 (0.1773) acc 100.0000 (100.0000) spf_gamma 0.0500 (0.0500) spf_rank 8.0000 (8.0000) spf_shared_loss 0.0003 (0.0003) spf_private_loss 0.0000 (0.0000) spf_private_norm 0.0004 (0.0004) spf_private_orth_ratio 0.0000 (0.0000) lr 1.0000e-03 eta 0:00:00 user 0
epoch [1/1] batch [2/2] time 0.074 (0.387) data 0.000 (0.313) loss 0.3323 (0.2548) acc 87.5000 (93.7500) spf_gamma 0.0500 (0.0500) spf_rank 8.0000 (8.0000) spf_shared_loss 0.0003 (0.0003) spf_private_loss 0.0000 (0.0000) spf_private_norm 0.0004 (0.0004) spf_private_orth_ratio 0.0000 (0.0000) lr 1.0000e-03 eta 0:00:00 user 0
Finish training: 0 user
Deploy the last-epoch model
0 User, Elapsed: 0:00:01
epoch [1/1] batch [1/2] time 0.685 (0.685) data 0.599 (0.599) loss 1.5498 (1.5498) acc 56.2500 (56.2500) spf_gamma 0.0500 (0.0500) spf_rank 8.0000 (8.0000) spf_shared_loss 0.0003 (0.0003) spf_private_loss 0.0000 (0.0000) spf_private_norm 0.0004 (0.0004) spf_private_orth_ratio 0.0000 (0.0000) lr 1.0000e-03 eta 0:00:00 user 1
epoch [1/1] batch [2/2] time 0.190 (0.438) data 0.000 (0.299) loss 0.8267 (1.1883) acc 87.5000 (71.8750) spf_gamma 0.0500 (0.0500) spf_rank 8.0000 (8.0000) spf_shared_loss 0.0002 (0.0003) spf_private_loss 0.0000 (0.0000) spf_private_norm 0.0004 (0.0004) spf_private_orth_ratio 0.0000 (0.0000) lr 1.0000e-03 eta 0:00:00 user 1
Finish training: 1 user
Deploy the last-epoch model
1 User, Elapsed: 0:00:01
epoch [1/1] batch [1/2] time 0.672 (0.672) data 0.596 (0.596) loss 0.2654 (0.2654) acc 90.6250 (90.6250) spf_gamma 0.0500 (0.0500) spf_rank 8.0000 (8.0000) spf_shared_loss 0.0003 (0.0003) spf_private_loss 0.0000 (0.0000) spf_private_norm 0.0004 (0.0004) spf_private_orth_ratio 0.0000 (0.0000) lr 1.0000e-03 eta 0:00:00 user 2
epoch [1/1] batch [2/2] time 0.073 (0.372) data 0.000 (0.298) loss 0.3196 (0.2925) acc 84.3750 (87.5000) spf_gamma 0.0500 (0.0500) spf_rank 8.0000 (8.0000) spf_shared_loss 0.0003 (0.0003) spf_private_loss 0.0000 (0.0000) spf_private_norm 0.0004 (0.0004) spf_private_orth_ratio 0.0000 (0.0000) lr 1.0000e-03 eta 0:00:00 user 2
Finish training: 2 user
Deploy the last-epoch model
2 User, Elapsed: 0:00:01
epoch [1/1] batch [1/2] time 0.784 (0.784) data 0.612 (0.612) loss 0.3596 (0.3596) acc 90.6250 (90.6250) spf_gamma 0.0500 (0.0500) spf_rank 8.0000 (8.0000) spf_shared_loss 0.0003 (0.0003) spf_private_loss 0.0000 (0.0000) spf_private_norm 0.0004 (0.0004) spf_private_orth_ratio 0.0000 (0.0000) lr 1.0000e-03 eta 0:00:00 user 3
epoch [1/1] batch [2/2] time 0.135 (0.459) data 0.000 (0.306) loss 0.3911 (0.3754) acc 87.5000 (89.0625) spf_gamma 0.0500 (0.0500) spf_rank 8.0000 (8.0000) spf_shared_loss 0.0003 (0.0003) spf_private_loss 0.0000 (0.0000) spf_private_norm 0.0004 (0.0004) spf_private_orth_ratio 0.0000 (0.0000) lr 1.0000e-03 eta 0:00:00 user 3
Finish training: 3 user
Deploy the last-epoch model
3 User, Elapsed: 0:00:01
epoch [1/1] batch [1/2] time 0.697 (0.697) data 0.623 (0.623) loss 0.5010 (0.5010) acc 81.2500 (81.2500) spf_gamma 0.0500 (0.0500) spf_rank 8.0000 (8.0000) spf_shared_loss 0.0003 (0.0003) spf_private_loss 0.0000 (0.0000) spf_private_norm 0.0004 (0.0004) spf_private_orth_ratio 0.0000 (0.0000) lr 1.0000e-03 eta 0:00:00 user 4
epoch [1/1] batch [2/2] time 0.077 (0.387) data 0.000 (0.311) loss 0.6367 (0.5689) acc 78.1250 (79.6875) spf_gamma 0.0500 (0.0500) spf_rank 8.0000 (8.0000) spf_shared_loss 0.0003 (0.0003) spf_private_loss 0.0000 (0.0000) spf_private_norm 0.0004 (0.0004) spf_private_orth_ratio 0.0000 (0.0000) lr 1.0000e-03 eta 0:00:00 user 4
Finish training: 4 user
Deploy the last-epoch model
4 User, Elapsed: 0:00:01
epoch [1/1] batch [1/2] time 0.778 (0.778) data 0.700 (0.700) loss 0.0814 (0.0814) acc 100.0000 (100.0000) spf_gamma 0.0500 (0.0500) spf_rank 8.0000 (8.0000) spf_shared_loss 0.0003 (0.0003) spf_private_loss 0.0000 (0.0000) spf_private_norm 0.0004 (0.0004) spf_private_orth_ratio 0.0000 (0.0000) lr 1.0000e-03 eta 0:00:00 user 5
epoch [1/1] batch [2/2] time 0.081 (0.429) data 0.000 (0.350) loss 0.1607 (0.1211) acc 96.8750 (98.4375) spf_gamma 0.0500 (0.0500) spf_rank 8.0000 (8.0000) spf_shared_loss 0.0003 (0.0003) spf_private_loss 0.0000 (0.0000) spf_private_norm 0.0004 (0.0004) spf_private_orth_ratio 0.0000 (0.0000) lr 1.0000e-03 eta 0:00:00 user 5
Finish training: 5 user
Deploy the last-epoch model
5 User, Elapsed: 0:00:01
epoch [1/1] batch [1/2] time 0.694 (0.694) data 0.613 (0.613) loss 0.3877 (0.3877) acc 87.5000 (87.5000) spf_gamma 0.0500 (0.0500) spf_rank 8.0000 (8.0000) spf_shared_loss 0.0003 (0.0003) spf_private_loss 0.0000 (0.0000) spf_private_norm 0.0004 (0.0004) spf_private_orth_ratio 0.0000 (0.0000) lr 1.0000e-03 eta 0:00:00 user 6
epoch [1/1] batch [2/2] time 0.078 (0.386) data 0.000 (0.307) loss 0.3072 (0.3474) acc 90.6250 (89.0625) spf_gamma 0.0500 (0.0500) spf_rank 8.0000 (8.0000) spf_shared_loss 0.0003 (0.0003) spf_private_loss 0.0000 (0.0000) spf_private_norm 0.0004 (0.0004) spf_private_orth_ratio 0.0000 (0.0000) lr 1.0000e-03 eta 0:00:00 user 6
Finish training: 6 user
Deploy the last-epoch model
6 User, Elapsed: 0:00:01
epoch [1/1] batch [1/2] time 0.705 (0.705) data 0.623 (0.623) loss 0.6367 (0.6367) acc 84.3750 (84.3750) spf_gamma 0.0500 (0.0500) spf_rank 8.0000 (8.0000) spf_shared_loss 0.0003 (0.0003) spf_private_loss 0.0000 (0.0000) spf_private_norm 0.0004 (0.0004) spf_private_orth_ratio 0.0000 (0.0000) lr 1.0000e-03 eta 0:00:00 user 7
epoch [1/1] batch [2/2] time 0.075 (0.390) data 0.000 (0.312) loss 0.3445 (0.4906) acc 96.8750 (90.6250) spf_gamma 0.0500 (0.0500) spf_rank 8.0000 (8.0000) spf_shared_loss 0.0003 (0.0003) spf_private_loss 0.0000 (0.0000) spf_private_norm 0.0004 (0.0004) spf_private_orth_ratio 0.0000 (0.0000) lr 1.0000e-03 eta 0:00:00 user 7
Finish training: 7 user
Deploy the last-epoch model
7 User, Elapsed: 0:00:01
epoch [1/1] batch [1/2] time 0.798 (0.798) data 0.619 (0.619) loss 0.6739 (0.6739) acc 81.2500 (81.2500) spf_gamma 0.0500 (0.0500) spf_rank 8.0000 (8.0000) spf_shared_loss 0.0003 (0.0003) spf_private_loss 0.0000 (0.0000) spf_private_norm 0.0004 (0.0004) spf_private_orth_ratio 0.0000 (0.0000) lr 1.0000e-03 eta 0:00:00 user 8
epoch [1/1] batch [2/2] time 0.143 (0.471) data 0.000 (0.309) loss 0.5752 (0.6245) acc 87.5000 (84.3750) spf_gamma 0.0500 (0.0500) spf_rank 8.0000 (8.0000) spf_shared_loss 0.0003 (0.0003) spf_private_loss 0.0000 (0.0000) spf_private_norm 0.0004 (0.0004) spf_private_orth_ratio 0.0000 (0.0000) lr 1.0000e-03 eta 0:00:00 user 8
Finish training: 8 user
Deploy the last-epoch model
8 User, Elapsed: 0:00:01
epoch [1/1] batch [1/1] time 0.686 (0.686) data 0.601 (0.601) loss 0.1549 (0.1549) acc 96.8750 (96.8750) spf_gamma 0.0500 (0.0500) spf_rank 8.0000 (8.0000) spf_shared_loss 0.0003 (0.0003) spf_private_loss 0.0000 (0.0000) spf_private_norm 0.0004 (0.0004) spf_private_orth_ratio 0.0000 (0.0000) lr 1.0000e-03 eta 0:00:00 user 9
Finish training: 9 user
Deploy the last-epoch model
9 User, Elapsed: 0:00:01
------------local train finish epoch: 16 -------------
------------local test start-------------
Evaluate on the client0_test set
  0%|          | 0/2 [00:00<?, ?it/s] 50%|█████     | 1/2 [00:01<00:01,  1.37s/it]100%|██████████| 2/2 [00:01<00:00,  1.30it/s]
=> result
* total: 180
* correct: 163
* accuracy: 90.6%
* error: 9.4%
* macro_f1: 90.7%
Evaluate on the client1_test set
  0%|          | 0/2 [00:00<?, ?it/s] 50%|█████     | 1/2 [00:01<00:01,  1.30s/it]100%|██████████| 2/2 [00:01<00:00,  1.36it/s]
=> result
* total: 180
* correct: 148
* accuracy: 82.2%
* error: 17.8%
* macro_f1: 86.1%
Evaluate on the client2_test set
  0%|          | 0/2 [00:00<?, ?it/s] 50%|█████     | 1/2 [00:01<00:01,  1.43s/it]100%|██████████| 2/2 [00:01<00:00,  1.46it/s]100%|██████████| 2/2 [00:01<00:00,  1.18it/s]
=> result
* total: 180
* correct: 148
* accuracy: 82.2%
* error: 17.8%
* macro_f1: 84.2%
Evaluate on the client3_test set
  0%|          | 0/2 [00:00<?, ?it/s] 50%|█████     | 1/2 [00:01<00:01,  1.36s/it]100%|██████████| 2/2 [00:01<00:00,  1.29it/s]
=> result
* total: 180
* correct: 162
* accuracy: 90.0%
* error: 10.0%
* macro_f1: 90.3%
Evaluate on the client4_test set
  0%|          | 0/2 [00:00<?, ?it/s] 50%|█████     | 1/2 [00:01<00:01,  1.31s/it]100%|██████████| 2/2 [00:01<00:00,  1.35it/s]
=> result
* total: 180
* correct: 152
* accuracy: 84.4%
* error: 15.6%
* macro_f1: 84.9%
Evaluate on the client5_test set
  0%|          | 0/2 [00:00<?, ?it/s] 50%|█████     | 1/2 [00:01<00:01,  1.32s/it]100%|██████████| 2/2 [00:01<00:00,  1.60it/s]100%|██████████| 2/2 [00:01<00:00,  1.27it/s]
=> result
* total: 180
* correct: 168
* accuracy: 93.3%
* error: 6.7%
* macro_f1: 94.4%
Evaluate on the client6_test set
  0%|          | 0/2 [00:00<?, ?it/s] 50%|█████     | 1/2 [00:01<00:01,  1.35s/it]100%|██████████| 2/2 [00:01<00:00,  1.30it/s]
=> result
* total: 180
* correct: 168
* accuracy: 93.3%
* error: 6.7%
* macro_f1: 93.7%
Evaluate on the client7_test set
  0%|          | 0/2 [00:00<?, ?it/s] 50%|█████     | 1/2 [00:01<00:01,  1.38s/it]100%|██████████| 2/2 [00:01<00:00,  1.30it/s]
=> result
* total: 180
* correct: 159
* accuracy: 88.3%
* error: 11.7%
* macro_f1: 90.4%
Evaluate on the client8_test set
  0%|          | 0/2 [00:00<?, ?it/s] 50%|█████     | 1/2 [00:01<00:01,  1.53s/it]100%|██████████| 2/2 [00:01<00:00,  1.36it/s]100%|██████████| 2/2 [00:01<00:00,  1.10it/s]
=> result
* total: 180
* correct: 151
* accuracy: 83.9%
* error: 16.1%
* macro_f1: 83.8%
Evaluate on the client9_test set
  0%|          | 0/1 [00:00<?, ?it/s]100%|██████████| 1/1 [00:00<00:00,  1.01it/s]100%|██████████| 1/1 [00:01<00:00,  1.09s/it]=> result
* total: 72
* correct: 69
* accuracy: 95.8%
* error: 4.2%
* macro_f1: 95.8%
0 --Local test acc: 90.55555555555556
1 --Local test acc: 82.22222222222223
2 --Local test acc: 82.22222222222223
3 --Local test acc: 90.0
4 --Local test acc: 84.44444444444444
5 --Local test acc: 93.33333333333333
6 --Local test acc: 93.33333333333333
7 --Local test acc: 88.33333333333333
8 --Local test acc: 83.88888888888889
9 --Local test acc: 95.83333333333333
--Global test acc: 88.41666666666669
Epoch:16
------------local test finish-------------
idxs_users [0, 1, 2, 3, 4, 5, 6, 7, 8, 9]
------------local train start epoch: 17 -------------

epoch [1/1] batch [1/2] time 0.662 (0.662) data 0.577 (0.577) loss 0.1311 (0.1311) acc 96.8750 (96.8750) spf_gamma 0.0500 (0.0500) spf_rank 8.0000 (8.0000) spf_shared_loss 0.0003 (0.0003) spf_private_loss 0.0000 (0.0000) spf_private_norm 0.0004 (0.0004) spf_private_orth_ratio 0.0000 (0.0000) lr 1.0000e-03 eta 0:00:00 user 0
epoch [1/1] batch [2/2] time 0.077 (0.370) data 0.000 (0.288) loss 0.4334 (0.2823) acc 90.6250 (93.7500) spf_gamma 0.0500 (0.0500) spf_rank 8.0000 (8.0000) spf_shared_loss 0.0003 (0.0003) spf_private_loss 0.0000 (0.0000) spf_private_norm 0.0004 (0.0004) spf_private_orth_ratio 0.0000 (0.0000) lr 1.0000e-03 eta 0:00:00 user 0
Finish training: 0 user
Deploy the last-epoch model
0 User, Elapsed: 0:00:01
epoch [1/1] batch [1/2] time 0.660 (0.660) data 0.581 (0.581) loss 0.6035 (0.6035) acc 90.6250 (90.6250) spf_gamma 0.0500 (0.0500) spf_rank 8.0000 (8.0000) spf_shared_loss 0.0003 (0.0003) spf_private_loss 0.0000 (0.0000) spf_private_norm 0.0004 (0.0004) spf_private_orth_ratio 0.0000 (0.0000) lr 1.0000e-03 eta 0:00:00 user 1
epoch [1/1] batch [2/2] time 0.077 (0.368) data 0.000 (0.291) loss 0.6538 (0.6287) acc 84.3750 (87.5000) spf_gamma 0.0500 (0.0500) spf_rank 8.0000 (8.0000) spf_shared_loss 0.0003 (0.0003) spf_private_loss 0.0000 (0.0000) spf_private_norm 0.0004 (0.0004) spf_private_orth_ratio 0.0000 (0.0000) lr 1.0000e-03 eta 0:00:00 user 1
Finish training: 1 user
Deploy the last-epoch model
1 User, Elapsed: 0:00:01
epoch [1/1] batch [1/2] time 0.651 (0.651) data 0.576 (0.576) loss 0.3694 (0.3694) acc 87.5000 (87.5000) spf_gamma 0.0500 (0.0500) spf_rank 8.0000 (8.0000) spf_shared_loss 0.0003 (0.0003) spf_private_loss 0.0000 (0.0000) spf_private_norm 0.0004 (0.0004) spf_private_orth_ratio 0.0000 (0.0000) lr 1.0000e-03 eta 0:00:00 user 2
epoch [1/1] batch [2/2] time 0.075 (0.363) data 0.000 (0.288) loss 0.2578 (0.3136) acc 93.7500 (90.6250) spf_gamma 0.0500 (0.0500) spf_rank 8.0000 (8.0000) spf_shared_loss 0.0003 (0.0003) spf_private_loss 0.0000 (0.0000) spf_private_norm 0.0004 (0.0004) spf_private_orth_ratio 0.0000 (0.0000) lr 1.0000e-03 eta 0:00:00 user 2
Finish training: 2 user
Deploy the last-epoch model
2 User, Elapsed: 0:00:01
epoch [1/1] batch [1/2] time 0.670 (0.670) data 0.590 (0.590) loss 0.2930 (0.2930) acc 93.7500 (93.7500) spf_gamma 0.0500 (0.0500) spf_rank 8.0000 (8.0000) spf_shared_loss 0.0003 (0.0003) spf_private_loss 0.0000 (0.0000) spf_private_norm 0.0004 (0.0004) spf_private_orth_ratio 0.0000 (0.0000) lr 1.0000e-03 eta 0:00:00 user 3
epoch [1/1] batch [2/2] time 0.193 (0.431) data 0.000 (0.295) loss 0.1922 (0.2426) acc 93.7500 (93.7500) spf_gamma 0.0500 (0.0500) spf_rank 8.0000 (8.0000) spf_shared_loss 0.0003 (0.0003) spf_private_loss 0.0000 (0.0000) spf_private_norm 0.0004 (0.0004) spf_private_orth_ratio 0.0000 (0.0000) lr 1.0000e-03 eta 0:00:00 user 3
Finish training: 3 user
Deploy the last-epoch model
3 User, Elapsed: 0:00:01
epoch [1/1] batch [1/2] time 0.680 (0.680) data 0.604 (0.604) loss 0.3867 (0.3867) acc 87.5000 (87.5000) spf_gamma 0.0500 (0.0500) spf_rank 8.0000 (8.0000) spf_shared_loss 0.0003 (0.0003) spf_private_loss 0.0000 (0.0000) spf_private_norm 0.0004 (0.0004) spf_private_orth_ratio 0.0000 (0.0000) lr 1.0000e-03 eta 0:00:00 user 4
epoch [1/1] batch [2/2] time 0.074 (0.377) data 0.000 (0.302) loss 0.4715 (0.4291) acc 87.5000 (87.5000) spf_gamma 0.0500 (0.0500) spf_rank 8.0000 (8.0000) spf_shared_loss 0.0003 (0.0003) spf_private_loss 0.0000 (0.0000) spf_private_norm 0.0004 (0.0004) spf_private_orth_ratio 0.0000 (0.0000) lr 1.0000e-03 eta 0:00:00 user 4
Finish training: 4 user
Deploy the last-epoch model
4 User, Elapsed: 0:00:01
epoch [1/1] batch [1/2] time 0.768 (0.768) data 0.638 (0.638) loss 0.1883 (0.1883) acc 93.7500 (93.7500) spf_gamma 0.0500 (0.0500) spf_rank 8.0000 (8.0000) spf_shared_loss 0.0003 (0.0003) spf_private_loss 0.0000 (0.0000) spf_private_norm 0.0004 (0.0004) spf_private_orth_ratio 0.0000 (0.0000) lr 1.0000e-03 eta 0:00:00 user 5
epoch [1/1] batch [2/2] time 0.080 (0.424) data 0.000 (0.319) loss 0.1179 (0.1531) acc 100.0000 (96.8750) spf_gamma 0.0500 (0.0500) spf_rank 8.0000 (8.0000) spf_shared_loss 0.0003 (0.0003) spf_private_loss 0.0000 (0.0000) spf_private_norm 0.0004 (0.0004) spf_private_orth_ratio 0.0000 (0.0000) lr 1.0000e-03 eta 0:00:00 user 5
Finish training: 5 user
Deploy the last-epoch model
5 User, Elapsed: 0:00:01
epoch [1/1] batch [1/2] time 0.667 (0.667) data 0.593 (0.593) loss 0.3355 (0.3355) acc 90.6250 (90.6250) spf_gamma 0.0500 (0.0500) spf_rank 8.0000 (8.0000) spf_shared_loss 0.0003 (0.0003) spf_private_loss 0.0000 (0.0000) spf_private_norm 0.0004 (0.0004) spf_private_orth_ratio 0.0000 (0.0000) lr 1.0000e-03 eta 0:00:00 user 6
epoch [1/1] batch [2/2] time 0.083 (0.375) data 0.000 (0.297) loss 0.4053 (0.3704) acc 87.5000 (89.0625) spf_gamma 0.0500 (0.0500) spf_rank 8.0000 (8.0000) spf_shared_loss 0.0003 (0.0003) spf_private_loss 0.0000 (0.0000) spf_private_norm 0.0004 (0.0004) spf_private_orth_ratio 0.0000 (0.0000) lr 1.0000e-03 eta 0:00:00 user 6
Finish training: 6 user
Deploy the last-epoch model
6 User, Elapsed: 0:00:01
epoch [1/1] batch [1/2] time 0.844 (0.844) data 0.739 (0.739) loss 0.5821 (0.5821) acc 96.8750 (96.8750) spf_gamma 0.0500 (0.0500) spf_rank 8.0000 (8.0000) spf_shared_loss 0.0003 (0.0003) spf_private_loss 0.0000 (0.0000) spf_private_norm 0.0004 (0.0004) spf_private_orth_ratio 0.0000 (0.0000) lr 1.0000e-03 eta 0:00:00 user 7
epoch [1/1] batch [2/2] time 0.077 (0.460) data 0.000 (0.369) loss 0.2920 (0.4370) acc 96.8750 (96.8750) spf_gamma 0.0500 (0.0500) spf_rank 8.0000 (8.0000) spf_shared_loss 0.0003 (0.0003) spf_private_loss 0.0000 (0.0000) spf_private_norm 0.0004 (0.0004) spf_private_orth_ratio 0.0000 (0.0000) lr 1.0000e-03 eta 0:00:00 user 7
Finish training: 7 user
Deploy the last-epoch model
7 User, Elapsed: 0:00:01
epoch [1/1] batch [1/2] time 0.685 (0.685) data 0.600 (0.600) loss 0.5791 (0.5791) acc 78.1250 (78.1250) spf_gamma 0.0500 (0.0500) spf_rank 8.0000 (8.0000) spf_shared_loss 0.0003 (0.0003) spf_private_loss 0.0000 (0.0000) spf_private_norm 0.0004 (0.0004) spf_private_orth_ratio 0.0000 (0.0000) lr 1.0000e-03 eta 0:00:00 user 8
epoch [1/1] batch [2/2] time 0.097 (0.391) data 0.000 (0.300) loss 0.8267 (0.7029) acc 71.8750 (75.0000) spf_gamma 0.0500 (0.0500) spf_rank 8.0000 (8.0000) spf_shared_loss 0.0003 (0.0003) spf_private_loss 0.0000 (0.0000) spf_private_norm 0.0004 (0.0004) spf_private_orth_ratio 0.0000 (0.0000) lr 1.0000e-03 eta 0:00:00 user 8
Finish training: 8 user
Deploy the last-epoch model
8 User, Elapsed: 0:00:01
epoch [1/1] batch [1/1] time 0.722 (0.722) data 0.640 (0.640) loss 0.1123 (0.1123) acc 100.0000 (100.0000) spf_gamma 0.0500 (0.0500) spf_rank 8.0000 (8.0000) spf_shared_loss 0.0003 (0.0003) spf_private_loss 0.0000 (0.0000) spf_private_norm 0.0004 (0.0004) spf_private_orth_ratio 0.0000 (0.0000) lr 1.0000e-03 eta 0:00:00 user 9
Finish training: 9 user
Deploy the last-epoch model
9 User, Elapsed: 0:00:01
------------local train finish epoch: 17 -------------
------------local test start-------------
Evaluate on the client0_test set
  0%|          | 0/2 [00:00<?, ?it/s] 50%|█████     | 1/2 [00:01<00:01,  1.33s/it]100%|██████████| 2/2 [00:01<00:00,  1.32it/s]
=> result
* total: 180
* correct: 159
* accuracy: 88.3%
* error: 11.7%
* macro_f1: 88.3%
Evaluate on the client1_test set
  0%|          | 0/2 [00:00<?, ?it/s] 50%|█████     | 1/2 [00:01<00:01,  1.58s/it]100%|██████████| 2/2 [00:01<00:00,  1.14it/s]
=> result
* total: 180
* correct: 156
* accuracy: 86.7%
* error: 13.3%
* macro_f1: 87.9%
Evaluate on the client2_test set
  0%|          | 0/2 [00:00<?, ?it/s] 50%|█████     | 1/2 [00:01<00:01,  1.53s/it]100%|██████████| 2/2 [00:01<00:00,  1.17it/s]
=> result
* total: 180
* correct: 148
* accuracy: 82.2%
* error: 17.8%
* macro_f1: 81.9%
Evaluate on the client3_test set
  0%|          | 0/2 [00:00<?, ?it/s] 50%|█████     | 1/2 [00:01<00:01,  1.47s/it]100%|██████████| 2/2 [00:01<00:00,  1.43it/s]100%|██████████| 2/2 [00:01<00:00,  1.16it/s]
=> result
* total: 180
* correct: 164
* accuracy: 91.1%
* error: 8.9%
* macro_f1: 91.3%
Evaluate on the client4_test set
  0%|          | 0/2 [00:00<?, ?it/s] 50%|█████     | 1/2 [00:01<00:01,  1.34s/it]100%|██████████| 2/2 [00:01<00:00,  1.31it/s]
=> result
* total: 180
* correct: 155
* accuracy: 86.1%
* error: 13.9%
* macro_f1: 86.2%
Evaluate on the client5_test set
  0%|          | 0/2 [00:00<?, ?it/s] 50%|█████     | 1/2 [00:01<00:01,  1.33s/it]100%|██████████| 2/2 [00:01<00:00,  1.33it/s]
=> result
* total: 180
* correct: 169
* accuracy: 93.9%
* error: 6.1%
* macro_f1: 94.4%
Evaluate on the client6_test set
  0%|          | 0/2 [00:00<?, ?it/s] 50%|█████     | 1/2 [00:01<00:01,  1.48s/it]100%|██████████| 2/2 [00:01<00:00,  1.22it/s]
=> result
* total: 180
* correct: 164
* accuracy: 91.1%
* error: 8.9%
* macro_f1: 91.5%
Evaluate on the client7_test set
  0%|          | 0/2 [00:00<?, ?it/s] 50%|█████     | 1/2 [00:01<00:01,  1.44s/it]100%|██████████| 2/2 [00:01<00:00,  1.50it/s]100%|██████████| 2/2 [00:01<00:00,  1.19it/s]
=> result
* total: 180
* correct: 159
* accuracy: 88.3%
* error: 11.7%
* macro_f1: 88.3%
Evaluate on the client8_test set
  0%|          | 0/2 [00:00<?, ?it/s] 50%|█████     | 1/2 [00:01<00:01,  1.36s/it]100%|██████████| 2/2 [00:01<00:00,  1.50it/s]100%|██████████| 2/2 [00:01<00:00,  1.22it/s]
=> result
* total: 180
* correct: 143
* accuracy: 79.4%
* error: 20.6%
* macro_f1: 79.1%
Evaluate on the client9_test set
  0%|          | 0/1 [00:00<?, ?it/s]100%|██████████| 1/1 [00:01<00:00,  1.02s/it]100%|██████████| 1/1 [00:01<00:00,  1.11s/it]=> result
* total: 72
* correct: 70
* accuracy: 97.2%
* error: 2.8%
* macro_f1: 97.2%
0 --Local test acc: 88.33333333333333
1 --Local test acc: 86.66666666666667
2 --Local test acc: 82.22222222222223
3 --Local test acc: 91.11111111111111
4 --Local test acc: 86.11111111111111
5 --Local test acc: 93.88888888888889
6 --Local test acc: 91.11111111111111
7 --Local test acc: 88.33333333333333
8 --Local test acc: 79.44444444444444
9 --Local test acc: 97.22222222222223
--Global test acc: 88.44444444444446
Epoch:17
------------local test finish-------------
idxs_users [0, 1, 2, 3, 4, 5, 6, 7, 8, 9]
------------local train start epoch: 18 -------------

epoch [1/1] batch [1/2] time 0.768 (0.768) data 0.688 (0.688) loss 0.2622 (0.2622) acc 96.8750 (96.8750) spf_gamma 0.0500 (0.0500) spf_rank 8.0000 (8.0000) spf_shared_loss 0.0003 (0.0003) spf_private_loss 0.0000 (0.0000) spf_private_norm 0.0004 (0.0004) spf_private_orth_ratio 0.0000 (0.0000) lr 1.0000e-03 eta 0:00:00 user 0
epoch [1/1] batch [2/2] time 0.073 (0.420) data 0.000 (0.344) loss 0.2346 (0.2484) acc 96.8750 (96.8750) spf_gamma 0.0500 (0.0500) spf_rank 8.0000 (8.0000) spf_shared_loss 0.0003 (0.0003) spf_private_loss 0.0000 (0.0000) spf_private_norm 0.0004 (0.0004) spf_private_orth_ratio 0.0000 (0.0000) lr 1.0000e-03 eta 0:00:00 user 0
Finish training: 0 user
Deploy the last-epoch model
0 User, Elapsed: 0:00:01
epoch [1/1] batch [1/2] time 0.827 (0.827) data 0.753 (0.753) loss 0.5816 (0.5816) acc 87.5000 (87.5000) spf_gamma 0.0500 (0.0500) spf_rank 8.0000 (8.0000) spf_shared_loss 0.0003 (0.0003) spf_private_loss 0.0000 (0.0000) spf_private_norm 0.0004 (0.0004) spf_private_orth_ratio 0.0000 (0.0000) lr 1.0000e-03 eta 0:00:00 user 1
epoch [1/1] batch [2/2] time 0.115 (0.471) data 0.000 (0.377) loss 0.4986 (0.5401) acc 81.2500 (84.3750) spf_gamma 0.0500 (0.0500) spf_rank 8.0000 (8.0000) spf_shared_loss 0.0003 (0.0003) spf_private_loss 0.0000 (0.0000) spf_private_norm 0.0004 (0.0004) spf_private_orth_ratio 0.0000 (0.0000) lr 1.0000e-03 eta 0:00:00 user 1
Finish training: 1 user
Deploy the last-epoch model
1 User, Elapsed: 0:00:01
epoch [1/1] batch [1/2] time 0.700 (0.700) data 0.621 (0.621) loss 0.3252 (0.3252) acc 87.5000 (87.5000) spf_gamma 0.0500 (0.0500) spf_rank 8.0000 (8.0000) spf_shared_loss 0.0003 (0.0003) spf_private_loss 0.0000 (0.0000) spf_private_norm 0.0004 (0.0004) spf_private_orth_ratio 0.0000 (0.0000) lr 1.0000e-03 eta 0:00:00 user 2
epoch [1/1] batch [2/2] time 0.078 (0.389) data 0.000 (0.311) loss 0.4910 (0.4081) acc 84.3750 (85.9375) spf_gamma 0.0500 (0.0500) spf_rank 8.0000 (8.0000) spf_shared_loss 0.0003 (0.0003) spf_private_loss 0.0000 (0.0000) spf_private_norm 0.0004 (0.0004) spf_private_orth_ratio 0.0000 (0.0000) lr 1.0000e-03 eta 0:00:00 user 2
Finish training: 2 user
Deploy the last-epoch model
2 User, Elapsed: 0:00:01
epoch [1/1] batch [1/2] time 0.794 (0.794) data 0.646 (0.646) loss 0.2106 (0.2106) acc 96.8750 (96.8750) spf_gamma 0.0500 (0.0500) spf_rank 8.0000 (8.0000) spf_shared_loss 0.0003 (0.0003) spf_private_loss 0.0000 (0.0000) spf_private_norm 0.0004 (0.0004) spf_private_orth_ratio 0.0000 (0.0000) lr 1.0000e-03 eta 0:00:00 user 3
epoch [1/1] batch [2/2] time 0.187 (0.490) data 0.000 (0.323) loss 0.1811 (0.1958) acc 93.7500 (95.3125) spf_gamma 0.0500 (0.0500) spf_rank 8.0000 (8.0000) spf_shared_loss 0.0003 (0.0003) spf_private_loss 0.0000 (0.0000) spf_private_norm 0.0004 (0.0004) spf_private_orth_ratio 0.0000 (0.0000) lr 1.0000e-03 eta 0:00:00 user 3
Finish training: 3 user
Deploy the last-epoch model
3 User, Elapsed: 0:00:01
epoch [1/1] batch [1/2] time 0.737 (0.737) data 0.642 (0.642) loss 0.2827 (0.2827) acc 90.6250 (90.6250) spf_gamma 0.0500 (0.0500) spf_rank 8.0000 (8.0000) spf_shared_loss 0.0003 (0.0003) spf_private_loss 0.0000 (0.0000) spf_private_norm 0.0004 (0.0004) spf_private_orth_ratio 0.0000 (0.0000) lr 1.0000e-03 eta 0:00:00 user 4
epoch [1/1] batch [2/2] time 0.081 (0.409) data 0.000 (0.321) loss 0.5879 (0.4353) acc 71.8750 (81.2500) spf_gamma 0.0500 (0.0500) spf_rank 8.0000 (8.0000) spf_shared_loss 0.0003 (0.0003) spf_private_loss 0.0000 (0.0000) spf_private_norm 0.0004 (0.0004) spf_private_orth_ratio 0.0000 (0.0000) lr 1.0000e-03 eta 0:00:00 user 4
Finish training: 4 user
Deploy the last-epoch model
4 User, Elapsed: 0:00:01
epoch [1/1] batch [1/2] time 0.711 (0.711) data 0.636 (0.636) loss 0.0881 (0.0881) acc 96.8750 (96.8750) spf_gamma 0.0500 (0.0500) spf_rank 8.0000 (8.0000) spf_shared_loss 0.0003 (0.0003) spf_private_loss 0.0000 (0.0000) spf_private_norm 0.0004 (0.0004) spf_private_orth_ratio 0.0000 (0.0000) lr 1.0000e-03 eta 0:00:00 user 5
epoch [1/1] batch [2/2] time 0.078 (0.395) data 0.000 (0.318) loss 0.0577 (0.0729) acc 100.0000 (98.4375) spf_gamma 0.0500 (0.0500) spf_rank 8.0000 (8.0000) spf_shared_loss 0.0003 (0.0003) spf_private_loss 0.0000 (0.0000) spf_private_norm 0.0004 (0.0004) spf_private_orth_ratio 0.0000 (0.0000) lr 1.0000e-03 eta 0:00:00 user 5
Finish training: 5 user
Deploy the last-epoch model
5 User, Elapsed: 0:00:01
epoch [1/1] batch [1/2] time 0.654 (0.654) data 0.579 (0.579) loss 0.4295 (0.4295) acc 87.5000 (87.5000) spf_gamma 0.0500 (0.0500) spf_rank 8.0000 (8.0000) spf_shared_loss 0.0003 (0.0003) spf_private_loss 0.0000 (0.0000) spf_private_norm 0.0004 (0.0004) spf_private_orth_ratio 0.0000 (0.0000) lr 1.0000e-03 eta 0:00:00 user 6
epoch [1/1] batch [2/2] time 0.076 (0.365) data 0.000 (0.290) loss 0.2708 (0.3501) acc 93.7500 (90.6250) spf_gamma 0.0500 (0.0500) spf_rank 8.0000 (8.0000) spf_shared_loss 0.0003 (0.0003) spf_private_loss 0.0000 (0.0000) spf_private_norm 0.0004 (0.0004) spf_private_orth_ratio 0.0000 (0.0000) lr 1.0000e-03 eta 0:00:00 user 6
Finish training: 6 user
Deploy the last-epoch model
6 User, Elapsed: 0:00:01
epoch [1/1] batch [1/2] time 0.788 (0.788) data 0.711 (0.711) loss 0.2116 (0.2116) acc 87.5000 (87.5000) spf_gamma 0.0500 (0.0500) spf_rank 8.0000 (8.0000) spf_shared_loss 0.0003 (0.0003) spf_private_loss 0.0000 (0.0000) spf_private_norm 0.0004 (0.0004) spf_private_orth_ratio 0.0000 (0.0000) lr 1.0000e-03 eta 0:00:00 user 7
epoch [1/1] batch [2/2] time 0.077 (0.433) data 0.000 (0.356) loss 0.3365 (0.2740) acc 90.6250 (89.0625) spf_gamma 0.0500 (0.0500) spf_rank 8.0000 (8.0000) spf_shared_loss 0.0003 (0.0003) spf_private_loss 0.0000 (0.0000) spf_private_norm 0.0004 (0.0004) spf_private_orth_ratio 0.0000 (0.0000) lr 1.0000e-03 eta 0:00:00 user 7
Finish training: 7 user
Deploy the last-epoch model
7 User, Elapsed: 0:00:01
epoch [1/1] batch [1/2] time 0.726 (0.726) data 0.644 (0.644) loss 0.8189 (0.8189) acc 65.6250 (65.6250) spf_gamma 0.0500 (0.0500) spf_rank 8.0000 (8.0000) spf_shared_loss 0.0003 (0.0003) spf_private_loss 0.0000 (0.0000) spf_private_norm 0.0004 (0.0004) spf_private_orth_ratio 0.0000 (0.0000) lr 1.0000e-03 eta 0:00:00 user 8
epoch [1/1] batch [2/2] time 0.094 (0.410) data 0.000 (0.322) loss 0.7730 (0.7959) acc 75.0000 (70.3125) spf_gamma 0.0500 (0.0500) spf_rank 8.0000 (8.0000) spf_shared_loss 0.0003 (0.0003) spf_private_loss 0.0000 (0.0000) spf_private_norm 0.0004 (0.0004) spf_private_orth_ratio 0.0000 (0.0000) lr 1.0000e-03 eta 0:00:00 user 8
Finish training: 8 user
Deploy the last-epoch model
8 User, Elapsed: 0:00:01
epoch [1/1] batch [1/1] time 0.703 (0.703) data 0.631 (0.631) loss 0.0827 (0.0827) acc 100.0000 (100.0000) spf_gamma 0.0500 (0.0500) spf_rank 8.0000 (8.0000) spf_shared_loss 0.0003 (0.0003) spf_private_loss 0.0000 (0.0000) spf_private_norm 0.0004 (0.0004) spf_private_orth_ratio 0.0000 (0.0000) lr 1.0000e-03 eta 0:00:00 user 9
Finish training: 9 user
Deploy the last-epoch model
9 User, Elapsed: 0:00:01
------------local train finish epoch: 18 -------------
------------local test start-------------
Evaluate on the client0_test set
  0%|          | 0/2 [00:00<?, ?it/s] 50%|█████     | 1/2 [00:01<00:01,  1.31s/it]100%|██████████| 2/2 [00:01<00:00,  1.36it/s]
=> result
* total: 180
* correct: 163
* accuracy: 90.6%
* error: 9.4%
* macro_f1: 91.3%
Evaluate on the client1_test set
  0%|          | 0/2 [00:00<?, ?it/s] 50%|█████     | 1/2 [00:01<00:01,  1.36s/it]100%|██████████| 2/2 [00:01<00:00,  1.32it/s]
=> result
* total: 180
* correct: 157
* accuracy: 87.2%
* error: 12.8%
* macro_f1: 88.9%
Evaluate on the client2_test set
  0%|          | 0/2 [00:00<?, ?it/s] 50%|█████     | 1/2 [00:01<00:01,  1.48s/it]100%|██████████| 2/2 [00:01<00:00,  1.43it/s]100%|██████████| 2/2 [00:01<00:00,  1.15it/s]
=> result
* total: 180
* correct: 151
* accuracy: 83.9%
* error: 16.1%
* macro_f1: 84.0%
Evaluate on the client3_test set
  0%|          | 0/2 [00:00<?, ?it/s] 50%|█████     | 1/2 [00:01<00:01,  1.36s/it]100%|██████████| 2/2 [00:01<00:00,  1.30it/s]
=> result
* total: 180
* correct: 165
* accuracy: 91.7%
* error: 8.3%
* macro_f1: 91.9%
Evaluate on the client4_test set
  0%|          | 0/2 [00:00<?, ?it/s] 50%|█████     | 1/2 [00:01<00:01,  1.40s/it]100%|██████████| 2/2 [00:01<00:00,  1.28it/s]
=> result
* total: 180
* correct: 153
* accuracy: 85.0%
* error: 15.0%
* macro_f1: 85.2%
Evaluate on the client5_test set
  0%|          | 0/2 [00:00<?, ?it/s] 50%|█████     | 1/2 [00:01<00:01,  1.51s/it]100%|██████████| 2/2 [00:01<00:00,  1.20it/s]
=> result
* total: 180
* correct: 170
* accuracy: 94.4%
* error: 5.6%
* macro_f1: 95.0%
Evaluate on the client6_test set
  0%|          | 0/2 [00:00<?, ?it/s] 50%|█████     | 1/2 [00:01<00:01,  1.34s/it]100%|██████████| 2/2 [00:01<00:00,  1.31it/s]
=> result
* total: 180
* correct: 166
* accuracy: 92.2%
* error: 7.8%
* macro_f1: 93.2%
Evaluate on the client7_test set
  0%|          | 0/2 [00:00<?, ?it/s] 50%|█████     | 1/2 [00:01<00:01,  1.42s/it]100%|██████████| 2/2 [00:01<00:00,  1.26it/s]
=> result
* total: 180
* correct: 156
* accuracy: 86.7%
* error: 13.3%
* macro_f1: 87.1%
Evaluate on the client8_test set
  0%|          | 0/2 [00:00<?, ?it/s] 50%|█████     | 1/2 [00:01<00:01,  1.40s/it]100%|██████████| 2/2 [00:01<00:00,  1.27it/s]
=> result
* total: 180
* correct: 141
* accuracy: 78.3%
* error: 21.7%
* macro_f1: 78.1%
Evaluate on the client9_test set
  0%|          | 0/1 [00:00<?, ?it/s]100%|██████████| 1/1 [00:01<00:00,  1.04s/it]100%|██████████| 1/1 [00:01<00:00,  1.13s/it]=> result
* total: 72
* correct: 70
* accuracy: 97.2%
* error: 2.8%
* macro_f1: 97.2%
0 --Local test acc: 90.55555555555556
1 --Local test acc: 87.22222222222223
2 --Local test acc: 83.88888888888889
3 --Local test acc: 91.66666666666667
4 --Local test acc: 85.0
5 --Local test acc: 94.44444444444444
6 --Local test acc: 92.22222222222223
7 --Local test acc: 86.66666666666667
8 --Local test acc: 78.33333333333333
9 --Local test acc: 97.22222222222223
--Global test acc: 88.72222222222221
Epoch:18
------------local test finish-------------
idxs_users [0, 1, 2, 3, 4, 5, 6, 7, 8, 9]
------------local train start epoch: 19 -------------

epoch [1/1] batch [1/2] time 0.689 (0.689) data 0.611 (0.611) loss 0.3626 (0.3626) acc 90.6250 (90.6250) spf_gamma 0.0500 (0.0500) spf_rank 8.0000 (8.0000) spf_shared_loss 0.0003 (0.0003) spf_private_loss 0.0000 (0.0000) spf_private_norm 0.0004 (0.0004) spf_private_orth_ratio 0.0000 (0.0000) lr 1.0000e-03 eta 0:00:00 user 0
epoch [1/1] batch [2/2] time 0.073 (0.381) data 0.000 (0.306) loss 0.1124 (0.2375) acc 100.0000 (95.3125) spf_gamma 0.0500 (0.0500) spf_rank 8.0000 (8.0000) spf_shared_loss 0.0003 (0.0003) spf_private_loss 0.0000 (0.0000) spf_private_norm 0.0004 (0.0004) spf_private_orth_ratio 0.0000 (0.0000) lr 1.0000e-03 eta 0:00:00 user 0
Finish training: 0 user
Deploy the last-epoch model
0 User, Elapsed: 0:00:01
epoch [1/1] batch [1/2] time 0.665 (0.665) data 0.585 (0.585) loss 0.4114 (0.4114) acc 87.5000 (87.5000) spf_gamma 0.0500 (0.0500) spf_rank 8.0000 (8.0000) spf_shared_loss 0.0003 (0.0003) spf_private_loss 0.0000 (0.0000) spf_private_norm 0.0004 (0.0004) spf_private_orth_ratio 0.0000 (0.0000) lr 1.0000e-03 eta 0:00:00 user 1
epoch [1/1] batch [2/2] time 0.073 (0.369) data 0.000 (0.293) loss 0.3374 (0.3744) acc 96.8750 (92.1875) spf_gamma 0.0500 (0.0500) spf_rank 8.0000 (8.0000) spf_shared_loss 0.0003 (0.0003) spf_private_loss 0.0000 (0.0000) spf_private_norm 0.0004 (0.0004) spf_private_orth_ratio 0.0000 (0.0000) lr 1.0000e-03 eta 0:00:00 user 1
Finish training: 1 user
Deploy the last-epoch model
1 User, Elapsed: 0:00:01
epoch [1/1] batch [1/2] time 0.728 (0.728) data 0.652 (0.652) loss 0.2727 (0.2727) acc 90.6250 (90.6250) spf_gamma 0.0500 (0.0500) spf_rank 8.0000 (8.0000) spf_shared_loss 0.0003 (0.0003) spf_private_loss 0.0000 (0.0000) spf_private_norm 0.0004 (0.0004) spf_private_orth_ratio 0.0000 (0.0000) lr 1.0000e-03 eta 0:00:00 user 2
epoch [1/1] batch [2/2] time 0.073 (0.400) data 0.000 (0.326) loss 0.3777 (0.3252) acc 78.1250 (84.3750) spf_gamma 0.0500 (0.0500) spf_rank 8.0000 (8.0000) spf_shared_loss 0.0003 (0.0003) spf_private_loss 0.0000 (0.0000) spf_private_norm 0.0004 (0.0004) spf_private_orth_ratio 0.0000 (0.0000) lr 1.0000e-03 eta 0:00:00 user 2
Finish training: 2 user
Deploy the last-epoch model
2 User, Elapsed: 0:00:01
epoch [1/1] batch [1/2] time 0.668 (0.668) data 0.584 (0.584) loss 0.1203 (0.1203) acc 100.0000 (100.0000) spf_gamma 0.0500 (0.0500) spf_rank 8.0000 (8.0000) spf_shared_loss 0.0003 (0.0003) spf_private_loss 0.0000 (0.0000) spf_private_norm 0.0004 (0.0004) spf_private_orth_ratio 0.0000 (0.0000) lr 1.0000e-03 eta 0:00:00 user 3
epoch [1/1] batch [2/2] time 0.111 (0.389) data 0.000 (0.292) loss 0.0870 (0.1036) acc 100.0000 (100.0000) spf_gamma 0.0500 (0.0500) spf_rank 8.0000 (8.0000) spf_shared_loss 0.0003 (0.0003) spf_private_loss 0.0000 (0.0000) spf_private_norm 0.0004 (0.0004) spf_private_orth_ratio 0.0000 (0.0000) lr 1.0000e-03 eta 0:00:00 user 3
Finish training: 3 user
Deploy the last-epoch model
3 User, Elapsed: 0:00:01
epoch [1/1] batch [1/2] time 0.710 (0.710) data 0.629 (0.629) loss 0.3440 (0.3440) acc 87.5000 (87.5000) spf_gamma 0.0500 (0.0500) spf_rank 8.0000 (8.0000) spf_shared_loss 0.0003 (0.0003) spf_private_loss 0.0000 (0.0000) spf_private_norm 0.0004 (0.0004) spf_private_orth_ratio 0.0000 (0.0000) lr 1.0000e-03 eta 0:00:00 user 4
epoch [1/1] batch [2/2] time 0.072 (0.391) data 0.000 (0.314) loss 0.4121 (0.3781) acc 87.5000 (87.5000) spf_gamma 0.0500 (0.0500) spf_rank 8.0000 (8.0000) spf_shared_loss 0.0003 (0.0003) spf_private_loss 0.0000 (0.0000) spf_private_norm 0.0004 (0.0004) spf_private_orth_ratio 0.0000 (0.0000) lr 1.0000e-03 eta 0:00:00 user 4
Finish training: 4 user
Deploy the last-epoch model
4 User, Elapsed: 0:00:01
epoch [1/1] batch [1/2] time 0.811 (0.811) data 0.641 (0.641) loss 0.0683 (0.0683) acc 100.0000 (100.0000) spf_gamma 0.0500 (0.0500) spf_rank 8.0000 (8.0000) spf_shared_loss 0.0003 (0.0003) spf_private_loss 0.0000 (0.0000) spf_private_norm 0.0004 (0.0004) spf_private_orth_ratio 0.0000 (0.0000) lr 1.0000e-03 eta 0:00:00 user 5
epoch [1/1] batch [2/2] time 0.072 (0.441) data 0.000 (0.321) loss 0.1677 (0.1180) acc 96.8750 (98.4375) spf_gamma 0.0500 (0.0500) spf_rank 8.0000 (8.0000) spf_shared_loss 0.0003 (0.0003) spf_private_loss 0.0000 (0.0000) spf_private_norm 0.0004 (0.0004) spf_private_orth_ratio 0.0000 (0.0000) lr 1.0000e-03 eta 0:00:00 user 5
Finish training: 5 user
Deploy the last-epoch model
5 User, Elapsed: 0:00:01
epoch [1/1] batch [1/2] time 0.654 (0.654) data 0.577 (0.577) loss 0.2299 (0.2299) acc 96.8750 (96.8750) spf_gamma 0.0500 (0.0500) spf_rank 8.0000 (8.0000) spf_shared_loss 0.0003 (0.0003) spf_private_loss 0.0000 (0.0000) spf_private_norm 0.0004 (0.0004) spf_private_orth_ratio 0.0000 (0.0000) lr 1.0000e-03 eta 0:00:00 user 6
epoch [1/1] batch [2/2] time 0.078 (0.366) data 0.000 (0.288) loss 0.3120 (0.2710) acc 90.6250 (93.7500) spf_gamma 0.0500 (0.0500) spf_rank 8.0000 (8.0000) spf_shared_loss 0.0003 (0.0003) spf_private_loss 0.0000 (0.0000) spf_private_norm 0.0004 (0.0004) spf_private_orth_ratio 0.0000 (0.0000) lr 1.0000e-03 eta 0:00:00 user 6
Finish training: 6 user
Deploy the last-epoch model
6 User, Elapsed: 0:00:01
epoch [1/1] batch [1/2] time 0.789 (0.789) data 0.703 (0.703) loss 0.2530 (0.2530) acc 96.8750 (96.8750) spf_gamma 0.0500 (0.0500) spf_rank 8.0000 (8.0000) spf_shared_loss 0.0003 (0.0003) spf_private_loss 0.0000 (0.0000) spf_private_norm 0.0004 (0.0004) spf_private_orth_ratio 0.0000 (0.0000) lr 1.0000e-03 eta 0:00:00 user 7
epoch [1/1] batch [2/2] time 0.074 (0.432) data 0.000 (0.351) loss 0.1236 (0.1883) acc 100.0000 (98.4375) spf_gamma 0.0500 (0.0500) spf_rank 8.0000 (8.0000) spf_shared_loss 0.0003 (0.0003) spf_private_loss 0.0000 (0.0000) spf_private_norm 0.0004 (0.0004) spf_private_orth_ratio 0.0000 (0.0000) lr 1.0000e-03 eta 0:00:00 user 7
Finish training: 7 user
Deploy the last-epoch model
7 User, Elapsed: 0:00:01
epoch [1/1] batch [1/2] time 0.759 (0.759) data 0.671 (0.671) loss 0.4729 (0.4729) acc 87.5000 (87.5000) spf_gamma 0.0500 (0.0500) spf_rank 8.0000 (8.0000) spf_shared_loss 0.0003 (0.0003) spf_private_loss 0.0000 (0.0000) spf_private_norm 0.0004 (0.0004) spf_private_orth_ratio 0.0000 (0.0000) lr 1.0000e-03 eta 0:00:00 user 8
epoch [1/1] batch [2/2] time 0.079 (0.419) data 0.000 (0.336) loss 0.6236 (0.5482) acc 81.2500 (84.3750) spf_gamma 0.0500 (0.0500) spf_rank 8.0000 (8.0000) spf_shared_loss 0.0003 (0.0003) spf_private_loss 0.0000 (0.0000) spf_private_norm 0.0004 (0.0004) spf_private_orth_ratio 0.0000 (0.0000) lr 1.0000e-03 eta 0:00:00 user 8
Finish training: 8 user
Deploy the last-epoch model
8 User, Elapsed: 0:00:01
epoch [1/1] batch [1/1] time 0.770 (0.770) data 0.695 (0.695) loss 0.0995 (0.0995) acc 100.0000 (100.0000) spf_gamma 0.0500 (0.0500) spf_rank 8.0000 (8.0000) spf_shared_loss 0.0003 (0.0003) spf_private_loss 0.0000 (0.0000) spf_private_norm 0.0004 (0.0004) spf_private_orth_ratio 0.0000 (0.0000) lr 1.0000e-03 eta 0:00:00 user 9
Finish training: 9 user
Deploy the last-epoch model
9 User, Elapsed: 0:00:01
------------local train finish epoch: 19 -------------
------------local test start-------------
Evaluate on the client0_test set
  0%|          | 0/2 [00:00<?, ?it/s] 50%|█████     | 1/2 [00:01<00:01,  1.29s/it]100%|██████████| 2/2 [00:01<00:00,  1.37it/s]
=> result
* total: 180
* correct: 167
* accuracy: 92.8%
* error: 7.2%
* macro_f1: 93.3%
Evaluate on the client1_test set
  0%|          | 0/2 [00:00<?, ?it/s] 50%|█████     | 1/2 [00:01<00:01,  1.28s/it]100%|██████████| 2/2 [00:01<00:00,  1.38it/s]
=> result
* total: 180
* correct: 161
* accuracy: 89.4%
* error: 10.6%
* macro_f1: 90.4%
Evaluate on the client2_test set
  0%|          | 0/2 [00:00<?, ?it/s] 50%|█████     | 1/2 [00:01<00:01,  1.43s/it]100%|██████████| 2/2 [00:01<00:00,  1.47it/s]100%|██████████| 2/2 [00:01<00:00,  1.18it/s]
=> result
* total: 180
* correct: 158
* accuracy: 87.8%
* error: 12.2%
* macro_f1: 87.9%
Evaluate on the client3_test set
  0%|          | 0/2 [00:00<?, ?it/s] 50%|█████     | 1/2 [00:01<00:01,  1.37s/it]100%|██████████| 2/2 [00:01<00:00,  1.29it/s]
=> result
* total: 180
* correct: 168
* accuracy: 93.3%
* error: 6.7%
* macro_f1: 93.3%
Evaluate on the client4_test set
  0%|          | 0/2 [00:00<?, ?it/s] 50%|█████     | 1/2 [00:01<00:01,  1.31s/it]100%|██████████| 2/2 [00:01<00:00,  1.36it/s]
=> result
* total: 180
* correct: 155
* accuracy: 86.1%
* error: 13.9%
* macro_f1: 86.2%
Evaluate on the client5_test set
  0%|          | 0/2 [00:00<?, ?it/s] 50%|█████     | 1/2 [00:01<00:01,  1.33s/it]100%|██████████| 2/2 [00:01<00:00,  1.34it/s]
=> result
* total: 180
* correct: 169
* accuracy: 93.9%
* error: 6.1%
* macro_f1: 94.1%
Evaluate on the client6_test set
  0%|          | 0/2 [00:00<?, ?it/s] 50%|█████     | 1/2 [00:01<00:01,  1.32s/it]100%|██████████| 2/2 [00:01<00:00,  1.35it/s]
=> result
* total: 180
* correct: 169
* accuracy: 93.9%
* error: 6.1%
* macro_f1: 94.2%
Evaluate on the client7_test set
  0%|          | 0/2 [00:00<?, ?it/s] 50%|█████     | 1/2 [00:01<00:01,  1.38s/it]100%|██████████| 2/2 [00:01<00:00,  1.29it/s]
=> result
* total: 180
* correct: 167
* accuracy: 92.8%
* error: 7.2%
* macro_f1: 93.3%
Evaluate on the client8_test set
  0%|          | 0/2 [00:00<?, ?it/s] 50%|█████     | 1/2 [00:01<00:01,  1.32s/it]100%|██████████| 2/2 [00:01<00:00,  1.63it/s]100%|██████████| 2/2 [00:01<00:00,  1.30it/s]
=> result
* total: 180
* correct: 140
* accuracy: 77.8%
* error: 22.2%
* macro_f1: 74.8%
Evaluate on the client9_test set
  0%|          | 0/1 [00:00<?, ?it/s]100%|██████████| 1/1 [00:00<00:00,  1.00it/s]100%|██████████| 1/1 [00:01<00:00,  1.08s/it]=> result
* total: 72
* correct: 70
* accuracy: 97.2%
* error: 2.8%
* macro_f1: 97.2%
0 --Local test acc: 92.77777777777777
1 --Local test acc: 89.44444444444444
2 --Local test acc: 87.77777777777777
3 --Local test acc: 93.33333333333333
4 --Local test acc: 86.11111111111111
5 --Local test acc: 93.88888888888889
6 --Local test acc: 93.88888888888889
7 --Local test acc: 92.77777777777777
8 --Local test acc: 77.77777777777777
9 --Local test acc: 97.22222222222223
--Global test acc: 90.5
Epoch:19
------------local test finish-------------
idxs_users [0, 1, 2, 3, 4, 5, 6, 7, 8, 9]
------------local train start epoch: 20 -------------

epoch [1/1] batch [1/2] time 0.715 (0.715) data 0.639 (0.639) loss 0.1513 (0.1513) acc 96.8750 (96.8750) spf_gamma 0.0500 (0.0500) spf_rank 8.0000 (8.0000) spf_shared_loss 0.0003 (0.0003) spf_private_loss 0.0000 (0.0000) spf_private_norm 0.0004 (0.0004) spf_private_orth_ratio 0.0000 (0.0000) lr 1.0000e-03 eta 0:00:00 user 0
epoch [1/1] batch [2/2] time 0.074 (0.394) data 0.000 (0.320) loss 0.2475 (0.1994) acc 93.7500 (95.3125) spf_gamma 0.0500 (0.0500) spf_rank 8.0000 (8.0000) spf_shared_loss 0.0003 (0.0003) spf_private_loss 0.0000 (0.0000) spf_private_norm 0.0004 (0.0004) spf_private_orth_ratio 0.0000 (0.0000) lr 1.0000e-03 eta 0:00:00 user 0
Finish training: 0 user
Deploy the last-epoch model
0 User, Elapsed: 0:00:01
epoch [1/1] batch [1/2] time 0.676 (0.676) data 0.591 (0.591) loss 0.3167 (0.3167) acc 93.7500 (93.7500) spf_gamma 0.0500 (0.0500) spf_rank 8.0000 (8.0000) spf_shared_loss 0.0003 (0.0003) spf_private_loss 0.0000 (0.0000) spf_private_norm 0.0004 (0.0004) spf_private_orth_ratio 0.0000 (0.0000) lr 1.0000e-03 eta 0:00:00 user 1
epoch [1/1] batch [2/2] time 0.073 (0.375) data 0.000 (0.296) loss 0.3721 (0.3444) acc 93.7500 (93.7500) spf_gamma 0.0500 (0.0500) spf_rank 8.0000 (8.0000) spf_shared_loss 0.0003 (0.0003) spf_private_loss 0.0000 (0.0000) spf_private_norm 0.0004 (0.0004) spf_private_orth_ratio 0.0000 (0.0000) lr 1.0000e-03 eta 0:00:00 user 1
Finish training: 1 user
Deploy the last-epoch model
1 User, Elapsed: 0:00:01
epoch [1/1] batch [1/2] time 0.788 (0.788) data 0.707 (0.707) loss 0.3011 (0.3011) acc 90.6250 (90.6250) spf_gamma 0.0500 (0.0500) spf_rank 8.0000 (8.0000) spf_shared_loss 0.0003 (0.0003) spf_private_loss 0.0000 (0.0000) spf_private_norm 0.0004 (0.0004) spf_private_orth_ratio 0.0000 (0.0000) lr 1.0000e-03 eta 0:00:00 user 2
epoch [1/1] batch [2/2] time 0.073 (0.430) data 0.000 (0.354) loss 0.2024 (0.2517) acc 96.8750 (93.7500) spf_gamma 0.0500 (0.0500) spf_rank 8.0000 (8.0000) spf_shared_loss 0.0003 (0.0003) spf_private_loss 0.0000 (0.0000) spf_private_norm 0.0004 (0.0004) spf_private_orth_ratio 0.0000 (0.0000) lr 1.0000e-03 eta 0:00:00 user 2
Finish training: 2 user
Deploy the last-epoch model
2 User, Elapsed: 0:00:01
epoch [1/1] batch [1/2] time 0.666 (0.666) data 0.577 (0.577) loss 0.0735 (0.0735) acc 100.0000 (100.0000) spf_gamma 0.0500 (0.0500) spf_rank 8.0000 (8.0000) spf_shared_loss 0.0003 (0.0003) spf_private_loss 0.0000 (0.0000) spf_private_norm 0.0004 (0.0004) spf_private_orth_ratio 0.0000 (0.0000) lr 1.0000e-03 eta 0:00:00 user 3
epoch [1/1] batch [2/2] time 0.074 (0.370) data 0.000 (0.289) loss 0.1938 (0.1336) acc 90.6250 (95.3125) spf_gamma 0.0500 (0.0500) spf_rank 8.0000 (8.0000) spf_shared_loss 0.0003 (0.0003) spf_private_loss 0.0000 (0.0000) spf_private_norm 0.0004 (0.0004) spf_private_orth_ratio 0.0000 (0.0000) lr 1.0000e-03 eta 0:00:00 user 3
Finish training: 3 user
Deploy the last-epoch model
3 User, Elapsed: 0:00:01
epoch [1/1] batch [1/2] time 0.707 (0.707) data 0.633 (0.633) loss 0.5371 (0.5371) acc 78.1250 (78.1250) spf_gamma 0.0500 (0.0500) spf_rank 8.0000 (8.0000) spf_shared_loss 0.0003 (0.0003) spf_private_loss 0.0000 (0.0000) spf_private_norm 0.0004 (0.0004) spf_private_orth_ratio 0.0000 (0.0000) lr 1.0000e-03 eta 0:00:00 user 4
epoch [1/1] batch [2/2] time 0.073 (0.390) data 0.000 (0.317) loss 0.2678 (0.4025) acc 96.8750 (87.5000) spf_gamma 0.0500 (0.0500) spf_rank 8.0000 (8.0000) spf_shared_loss 0.0002 (0.0003) spf_private_loss 0.0000 (0.0000) spf_private_norm 0.0004 (0.0004) spf_private_orth_ratio 0.0000 (0.0000) lr 1.0000e-03 eta 0:00:00 user 4
Finish training: 4 user
Deploy the last-epoch model
4 User, Elapsed: 0:00:01
epoch [1/1] batch [1/2] time 0.818 (0.818) data 0.646 (0.646) loss 0.0730 (0.0730) acc 100.0000 (100.0000) spf_gamma 0.0500 (0.0500) spf_rank 8.0000 (8.0000) spf_shared_loss 0.0003 (0.0003) spf_private_loss 0.0000 (0.0000) spf_private_norm 0.0004 (0.0004) spf_private_orth_ratio 0.0000 (0.0000) lr 1.0000e-03 eta 0:00:00 user 5
epoch [1/1] batch [2/2] time 0.125 (0.472) data 0.000 (0.323) loss 0.1503 (0.1117) acc 96.8750 (98.4375) spf_gamma 0.0500 (0.0500) spf_rank 8.0000 (8.0000) spf_shared_loss 0.0003 (0.0003) spf_private_loss 0.0000 (0.0000) spf_private_norm 0.0004 (0.0004) spf_private_orth_ratio 0.0000 (0.0000) lr 1.0000e-03 eta 0:00:00 user 5
Finish training: 5 user
Deploy the last-epoch model
5 User, Elapsed: 0:00:01
epoch [1/1] batch [1/2] time 0.663 (0.663) data 0.579 (0.579) loss 0.2627 (0.2627) acc 93.7500 (93.7500) spf_gamma 0.0500 (0.0500) spf_rank 8.0000 (8.0000) spf_shared_loss 0.0003 (0.0003) spf_private_loss 0.0000 (0.0000) spf_private_norm 0.0004 (0.0004) spf_private_orth_ratio 0.0000 (0.0000) lr 1.0000e-03 eta 0:00:00 user 6
epoch [1/1] batch [2/2] time 0.073 (0.368) data 0.000 (0.289) loss 0.3262 (0.2945) acc 87.5000 (90.6250) spf_gamma 0.0500 (0.0500) spf_rank 8.0000 (8.0000) spf_shared_loss 0.0003 (0.0003) spf_private_loss 0.0000 (0.0000) spf_private_norm 0.0004 (0.0004) spf_private_orth_ratio 0.0000 (0.0000) lr 1.0000e-03 eta 0:00:00 user 6
Finish training: 6 user
Deploy the last-epoch model
6 User, Elapsed: 0:00:01
epoch [1/1] batch [1/2] time 0.705 (0.705) data 0.613 (0.613) loss 0.1392 (0.1392) acc 93.7500 (93.7500) spf_gamma 0.0500 (0.0500) spf_rank 8.0000 (8.0000) spf_shared_loss 0.0003 (0.0003) spf_private_loss 0.0000 (0.0000) spf_private_norm 0.0004 (0.0004) spf_private_orth_ratio 0.0000 (0.0000) lr 1.0000e-03 eta 0:00:00 user 7
epoch [1/1] batch [2/2] time 0.074 (0.390) data 0.000 (0.306) loss 0.2168 (0.1780) acc 96.8750 (95.3125) spf_gamma 0.0500 (0.0500) spf_rank 8.0000 (8.0000) spf_shared_loss 0.0003 (0.0003) spf_private_loss 0.0000 (0.0000) spf_private_norm 0.0004 (0.0004) spf_private_orth_ratio 0.0000 (0.0000) lr 1.0000e-03 eta 0:00:00 user 7
Finish training: 7 user
Deploy the last-epoch model
7 User, Elapsed: 0:00:01
epoch [1/1] batch [1/2] time 0.668 (0.668) data 0.594 (0.594) loss 0.6553 (0.6553) acc 75.0000 (75.0000) spf_gamma 0.0500 (0.0500) spf_rank 8.0000 (8.0000) spf_shared_loss 0.0003 (0.0003) spf_private_loss 0.0000 (0.0000) spf_private_norm 0.0004 (0.0004) spf_private_orth_ratio 0.0000 (0.0000) lr 1.0000e-03 eta 0:00:00 user 8
epoch [1/1] batch [2/2] time 0.076 (0.372) data 0.000 (0.297) loss 0.4822 (0.5688) acc 84.3750 (79.6875) spf_gamma 0.0500 (0.0500) spf_rank 8.0000 (8.0000) spf_shared_loss 0.0003 (0.0003) spf_private_loss 0.0000 (0.0000) spf_private_norm 0.0004 (0.0004) spf_private_orth_ratio 0.0000 (0.0000) lr 1.0000e-03 eta 0:00:00 user 8
Finish training: 8 user
Deploy the last-epoch model
8 User, Elapsed: 0:00:01
epoch [1/1] batch [1/1] time 0.764 (0.764) data 0.683 (0.683) loss 0.0907 (0.0907) acc 100.0000 (100.0000) spf_gamma 0.0500 (0.0500) spf_rank 8.0000 (8.0000) spf_shared_loss 0.0003 (0.0003) spf_private_loss 0.0000 (0.0000) spf_private_norm 0.0004 (0.0004) spf_private_orth_ratio 0.0000 (0.0000) lr 1.0000e-03 eta 0:00:00 user 9
Finish training: 9 user
Deploy the last-epoch model
9 User, Elapsed: 0:00:01
------------local train finish epoch: 20 -------------
------------local test start-------------
Evaluate on the client0_test set
  0%|          | 0/2 [00:00<?, ?it/s] 50%|█████     | 1/2 [00:01<00:01,  1.32s/it]100%|██████████| 2/2 [00:01<00:00,  1.34it/s]
=> result
* total: 180
* correct: 164
* accuracy: 91.1%
* error: 8.9%
* macro_f1: 91.9%
Evaluate on the client1_test set
  0%|          | 0/2 [00:00<?, ?it/s] 50%|█████     | 1/2 [00:01<00:01,  1.38s/it]100%|██████████| 2/2 [00:01<00:00,  1.30it/s]
=> result
* total: 180
* correct: 162
* accuracy: 90.0%
* error: 10.0%
* macro_f1: 90.4%
Evaluate on the client2_test set
  0%|          | 0/2 [00:00<?, ?it/s] 50%|█████     | 1/2 [00:01<00:01,  1.34s/it]100%|██████████| 2/2 [00:01<00:00,  1.33it/s]
=> result
* total: 180
* correct: 157
* accuracy: 87.2%
* error: 12.8%
* macro_f1: 87.6%
Evaluate on the client3_test set
  0%|          | 0/2 [00:00<?, ?it/s] 50%|█████     | 1/2 [00:01<00:01,  1.38s/it]100%|██████████| 2/2 [00:01<00:00,  1.30it/s]
=> result
* total: 180
* correct: 166
* accuracy: 92.2%
* error: 7.8%
* macro_f1: 93.3%
Evaluate on the client4_test set
  0%|          | 0/2 [00:00<?, ?it/s] 50%|█████     | 1/2 [00:01<00:01,  1.45s/it]100%|██████████| 2/2 [00:01<00:00,  1.24it/s]
=> result
* total: 180
* correct: 149
* accuracy: 82.8%
* error: 17.2%
* macro_f1: 83.3%
Evaluate on the client5_test set
  0%|          | 0/2 [00:00<?, ?it/s] 50%|█████     | 1/2 [00:01<00:01,  1.47s/it]100%|██████████| 2/2 [00:01<00:00,  1.50it/s]100%|██████████| 2/2 [00:01<00:00,  1.21it/s]
=> result
* total: 180
* correct: 170
* accuracy: 94.4%
* error: 5.6%
* macro_f1: 94.9%
Evaluate on the client6_test set
  0%|          | 0/2 [00:00<?, ?it/s] 50%|█████     | 1/2 [00:01<00:01,  1.45s/it]100%|██████████| 2/2 [00:01<00:00,  1.23it/s]
=> result
* total: 180
* correct: 168
* accuracy: 93.3%
* error: 6.7%
* macro_f1: 93.6%
Evaluate on the client7_test set
  0%|          | 0/2 [00:00<?, ?it/s] 50%|█████     | 1/2 [00:01<00:01,  1.47s/it]100%|██████████| 2/2 [00:01<00:00,  1.22it/s]
=> result
* total: 180
* correct: 164
* accuracy: 91.1%
* error: 8.9%
* macro_f1: 91.8%
Evaluate on the client8_test set
  0%|          | 0/2 [00:00<?, ?it/s] 50%|█████     | 1/2 [00:01<00:01,  1.40s/it]100%|██████████| 2/2 [00:01<00:00,  1.56it/s]100%|██████████| 2/2 [00:01<00:00,  1.26it/s]
=> result
* total: 180
* correct: 151
* accuracy: 83.9%
* error: 16.1%
* macro_f1: 83.8%
Evaluate on the client9_test set
  0%|          | 0/1 [00:00<?, ?it/s]100%|██████████| 1/1 [00:01<00:00,  1.03s/it]100%|██████████| 1/1 [00:01<00:00,  1.12s/it]=> result
* total: 72
* correct: 68
* accuracy: 94.4%
* error: 5.6%
* macro_f1: 94.4%
0 --Local test acc: 91.11111111111111
1 --Local test acc: 90.0
2 --Local test acc: 87.22222222222223
3 --Local test acc: 92.22222222222223
4 --Local test acc: 82.77777777777777
5 --Local test acc: 94.44444444444444
6 --Local test acc: 93.33333333333333
7 --Local test acc: 91.11111111111111
8 --Local test acc: 83.88888888888889
9 --Local test acc: 94.44444444444444
--Global test acc: 90.05555555555557
Epoch:20
------------local test finish-------------
idxs_users [0, 1, 2, 3, 4, 5, 6, 7, 8, 9]
------------local train start epoch: 21 -------------

epoch [1/1] batch [1/2] time 0.747 (0.747) data 0.671 (0.671) loss 0.2815 (0.2815) acc 90.6250 (90.6250) spf_gamma 0.0500 (0.0500) spf_rank 8.0000 (8.0000) spf_shared_loss 0.0003 (0.0003) spf_private_loss 0.0000 (0.0000) spf_private_norm 0.0004 (0.0004) spf_private_orth_ratio 0.0000 (0.0000) lr 1.0000e-03 eta 0:00:00 user 0
epoch [1/1] batch [2/2] time 0.079 (0.413) data 0.000 (0.336) loss 0.1087 (0.1951) acc 96.8750 (93.7500) spf_gamma 0.0500 (0.0500) spf_rank 8.0000 (8.0000) spf_shared_loss 0.0003 (0.0003) spf_private_loss 0.0000 (0.0000) spf_private_norm 0.0004 (0.0004) spf_private_orth_ratio 0.0000 (0.0000) lr 1.0000e-03 eta 0:00:00 user 0
Finish training: 0 user
Deploy the last-epoch model
0 User, Elapsed: 0:00:01
epoch [1/1] batch [1/2] time 0.661 (0.661) data 0.585 (0.585) loss 0.3831 (0.3831) acc 93.7500 (93.7500) spf_gamma 0.0500 (0.0500) spf_rank 8.0000 (8.0000) spf_shared_loss 0.0003 (0.0003) spf_private_loss 0.0000 (0.0000) spf_private_norm 0.0004 (0.0004) spf_private_orth_ratio 0.0000 (0.0000) lr 1.0000e-03 eta 0:00:00 user 1
epoch [1/1] batch [2/2] time 0.073 (0.367) data 0.000 (0.292) loss 0.1104 (0.2468) acc 100.0000 (96.8750) spf_gamma 0.0500 (0.0500) spf_rank 8.0000 (8.0000) spf_shared_loss 0.0003 (0.0003) spf_private_loss 0.0000 (0.0000) spf_private_norm 0.0004 (0.0004) spf_private_orth_ratio 0.0000 (0.0000) lr 1.0000e-03 eta 0:00:00 user 1
Finish training: 1 user
Deploy the last-epoch model
1 User, Elapsed: 0:00:01
epoch [1/1] batch [1/2] time 0.817 (0.817) data 0.741 (0.741) loss 0.2613 (0.2613) acc 87.5000 (87.5000) spf_gamma 0.0500 (0.0500) spf_rank 8.0000 (8.0000) spf_shared_loss 0.0003 (0.0003) spf_private_loss 0.0000 (0.0000) spf_private_norm 0.0004 (0.0004) spf_private_orth_ratio 0.0000 (0.0000) lr 1.0000e-03 eta 0:00:00 user 2
epoch [1/1] batch [2/2] time 0.075 (0.446) data 0.000 (0.370) loss 0.2959 (0.2786) acc 93.7500 (90.6250) spf_gamma 0.0500 (0.0500) spf_rank 8.0000 (8.0000) spf_shared_loss 0.0003 (0.0003) spf_private_loss 0.0000 (0.0000) spf_private_norm 0.0004 (0.0004) spf_private_orth_ratio 0.0000 (0.0000) lr 1.0000e-03 eta 0:00:00 user 2
Finish training: 2 user
Deploy the last-epoch model
2 User, Elapsed: 0:00:01
epoch [1/1] batch [1/2] time 0.831 (0.831) data 0.634 (0.634) loss 0.1141 (0.1141) acc 100.0000 (100.0000) spf_gamma 0.0500 (0.0500) spf_rank 8.0000 (8.0000) spf_shared_loss 0.0003 (0.0003) spf_private_loss 0.0000 (0.0000) spf_private_norm 0.0004 (0.0004) spf_private_orth_ratio 0.0000 (0.0000) lr 1.0000e-03 eta 0:00:00 user 3
epoch [1/1] batch [2/2] time 0.144 (0.488) data 0.000 (0.317) loss 0.1190 (0.1166) acc 100.0000 (100.0000) spf_gamma 0.0500 (0.0500) spf_rank 8.0000 (8.0000) spf_shared_loss 0.0003 (0.0003) spf_private_loss 0.0000 (0.0000) spf_private_norm 0.0004 (0.0004) spf_private_orth_ratio 0.0000 (0.0000) lr 1.0000e-03 eta 0:00:00 user 3
Finish training: 3 user
Deploy the last-epoch model
3 User, Elapsed: 0:00:01
epoch [1/1] batch [1/2] time 0.676 (0.676) data 0.593 (0.593) loss 0.4107 (0.4107) acc 87.5000 (87.5000) spf_gamma 0.0500 (0.0500) spf_rank 8.0000 (8.0000) spf_shared_loss 0.0003 (0.0003) spf_private_loss 0.0000 (0.0000) spf_private_norm 0.0004 (0.0004) spf_private_orth_ratio 0.0000 (0.0000) lr 1.0000e-03 eta 0:00:00 user 4
epoch [1/1] batch [2/2] time 0.077 (0.377) data 0.000 (0.296) loss 0.3394 (0.3750) acc 87.5000 (87.5000) spf_gamma 0.0500 (0.0500) spf_rank 8.0000 (8.0000) spf_shared_loss 0.0003 (0.0003) spf_private_loss 0.0000 (0.0000) spf_private_norm 0.0004 (0.0004) spf_private_orth_ratio 0.0000 (0.0000) lr 1.0000e-03 eta 0:00:00 user 4
Finish training: 4 user
Deploy the last-epoch model
4 User, Elapsed: 0:00:01
epoch [1/1] batch [1/2] time 0.720 (0.720) data 0.616 (0.616) loss 0.0776 (0.0776) acc 100.0000 (100.0000) spf_gamma 0.0500 (0.0500) spf_rank 8.0000 (8.0000) spf_shared_loss 0.0003 (0.0003) spf_private_loss 0.0000 (0.0000) spf_private_norm 0.0004 (0.0004) spf_private_orth_ratio 0.0000 (0.0000) lr 1.0000e-03 eta 0:00:00 user 5
epoch [1/1] batch [2/2] time 0.080 (0.400) data 0.000 (0.308) loss 0.1721 (0.1249) acc 93.7500 (96.8750) spf_gamma 0.0500 (0.0500) spf_rank 8.0000 (8.0000) spf_shared_loss 0.0003 (0.0003) spf_private_loss 0.0000 (0.0000) spf_private_norm 0.0004 (0.0004) spf_private_orth_ratio 0.0000 (0.0000) lr 1.0000e-03 eta 0:00:00 user 5
Finish training: 5 user
Deploy the last-epoch model
5 User, Elapsed: 0:00:01
epoch [1/1] batch [1/2] time 0.677 (0.677) data 0.602 (0.602) loss 0.1952 (0.1952) acc 96.8750 (96.8750) spf_gamma 0.0500 (0.0500) spf_rank 8.0000 (8.0000) spf_shared_loss 0.0003 (0.0003) spf_private_loss 0.0000 (0.0000) spf_private_norm 0.0004 (0.0004) spf_private_orth_ratio 0.0000 (0.0000) lr 1.0000e-03 eta 0:00:00 user 6
epoch [1/1] batch [2/2] time 0.077 (0.377) data 0.000 (0.301) loss 0.2232 (0.2092) acc 93.7500 (95.3125) spf_gamma 0.0500 (0.0500) spf_rank 8.0000 (8.0000) spf_shared_loss 0.0003 (0.0003) spf_private_loss 0.0000 (0.0000) spf_private_norm 0.0004 (0.0004) spf_private_orth_ratio 0.0000 (0.0000) lr 1.0000e-03 eta 0:00:00 user 6
Finish training: 6 user
Deploy the last-epoch model
6 User, Elapsed: 0:00:01
epoch [1/1] batch [1/2] time 0.745 (0.745) data 0.670 (0.670) loss 0.2023 (0.2023) acc 90.6250 (90.6250) spf_gamma 0.0500 (0.0500) spf_rank 8.0000 (8.0000) spf_shared_loss 0.0003 (0.0003) spf_private_loss 0.0000 (0.0000) spf_private_norm 0.0004 (0.0004) spf_private_orth_ratio 0.0000 (0.0000) lr 1.0000e-03 eta 0:00:00 user 7
epoch [1/1] batch [2/2] time 0.077 (0.411) data 0.000 (0.335) loss 0.1615 (0.1819) acc 96.8750 (93.7500) spf_gamma 0.0500 (0.0500) spf_rank 8.0000 (8.0000) spf_shared_loss 0.0003 (0.0003) spf_private_loss 0.0000 (0.0000) spf_private_norm 0.0004 (0.0004) spf_private_orth_ratio 0.0000 (0.0000) lr 1.0000e-03 eta 0:00:00 user 7
Finish training: 7 user
Deploy the last-epoch model
7 User, Elapsed: 0:00:01
epoch [1/1] batch [1/2] time 0.725 (0.725) data 0.640 (0.640) loss 0.6201 (0.6201) acc 78.1250 (78.1250) spf_gamma 0.0500 (0.0500) spf_rank 8.0000 (8.0000) spf_shared_loss 0.0003 (0.0003) spf_private_loss 0.0000 (0.0000) spf_private_norm 0.0004 (0.0004) spf_private_orth_ratio 0.0000 (0.0000) lr 1.0000e-03 eta 0:00:00 user 8
epoch [1/1] batch [2/2] time 0.073 (0.399) data 0.000 (0.320) loss 0.4541 (0.5371) acc 78.1250 (78.1250) spf_gamma 0.0500 (0.0500) spf_rank 8.0000 (8.0000) spf_shared_loss 0.0003 (0.0003) spf_private_loss 0.0000 (0.0000) spf_private_norm 0.0004 (0.0004) spf_private_orth_ratio 0.0000 (0.0000) lr 1.0000e-03 eta 0:00:00 user 8
Finish training: 8 user
Deploy the last-epoch model
8 User, Elapsed: 0:00:01
epoch [1/1] batch [1/1] time 0.714 (0.714) data 0.633 (0.633) loss 0.0996 (0.0996) acc 100.0000 (100.0000) spf_gamma 0.0500 (0.0500) spf_rank 8.0000 (8.0000) spf_shared_loss 0.0003 (0.0003) spf_private_loss 0.0000 (0.0000) spf_private_norm 0.0004 (0.0004) spf_private_orth_ratio 0.0000 (0.0000) lr 1.0000e-03 eta 0:00:00 user 9
Finish training: 9 user
Deploy the last-epoch model
9 User, Elapsed: 0:00:01
------------local train finish epoch: 21 -------------
------------local test start-------------
Evaluate on the client0_test set
  0%|          | 0/2 [00:00<?, ?it/s] 50%|█████     | 1/2 [00:01<00:01,  1.45s/it]100%|██████████| 2/2 [00:01<00:00,  1.24it/s]
=> result
* total: 180
* correct: 167
* accuracy: 92.8%
* error: 7.2%
* macro_f1: 93.0%
Evaluate on the client1_test set
  0%|          | 0/2 [00:00<?, ?it/s] 50%|█████     | 1/2 [00:01<00:01,  1.49s/it]100%|██████████| 2/2 [00:01<00:00,  1.20it/s]
=> result
* total: 180
* correct: 161
* accuracy: 89.4%
* error: 10.6%
* macro_f1: 90.4%
Evaluate on the client2_test set
  0%|          | 0/2 [00:00<?, ?it/s] 50%|█████     | 1/2 [00:01<00:01,  1.27s/it]100%|██████████| 2/2 [00:01<00:00,  1.38it/s]
=> result
* total: 180
* correct: 156
* accuracy: 86.7%
* error: 13.3%
* macro_f1: 87.1%
Evaluate on the client3_test set
  0%|          | 0/2 [00:00<?, ?it/s] 50%|█████     | 1/2 [00:01<00:01,  1.34s/it]100%|██████████| 2/2 [00:01<00:00,  1.31it/s]
=> result
* total: 180
* correct: 166
* accuracy: 92.2%
* error: 7.8%
* macro_f1: 93.2%
Evaluate on the client4_test set
  0%|          | 0/2 [00:00<?, ?it/s] 50%|█████     | 1/2 [00:01<00:01,  1.31s/it]100%|██████████| 2/2 [00:01<00:00,  1.62it/s]100%|██████████| 2/2 [00:01<00:00,  1.29it/s]
=> result
* total: 180
* correct: 158
* accuracy: 87.8%
* error: 12.2%
* macro_f1: 88.2%
Evaluate on the client5_test set
  0%|          | 0/2 [00:00<?, ?it/s] 50%|█████     | 1/2 [00:01<00:01,  1.38s/it]100%|██████████| 2/2 [00:01<00:00,  1.29it/s]
=> result
* total: 180
* correct: 170
* accuracy: 94.4%
* error: 5.6%
* macro_f1: 95.0%
Evaluate on the client6_test set
  0%|          | 0/2 [00:00<?, ?it/s] 50%|█████     | 1/2 [00:01<00:01,  1.33s/it]100%|██████████| 2/2 [00:01<00:00,  1.33it/s]
=> result
* total: 180
* correct: 169
* accuracy: 93.9%
* error: 6.1%
* macro_f1: 94.2%
Evaluate on the client7_test set
  0%|          | 0/2 [00:00<?, ?it/s] 50%|█████     | 1/2 [00:01<00:01,  1.38s/it]100%|██████████| 2/2 [00:01<00:00,  1.53it/s]100%|██████████| 2/2 [00:01<00:00,  1.22it/s]
=> result
* total: 180
* correct: 165
* accuracy: 91.7%
* error: 8.3%
* macro_f1: 92.1%
Evaluate on the client8_test set
  0%|          | 0/2 [00:00<?, ?it/s] 50%|█████     | 1/2 [00:01<00:01,  1.30s/it]100%|██████████| 2/2 [00:01<00:00,  1.35it/s]
=> result
* total: 180
* correct: 152
* accuracy: 84.4%
* error: 15.6%
* macro_f1: 84.3%
Evaluate on the client9_test set
  0%|          | 0/1 [00:00<?, ?it/s]100%|██████████| 1/1 [00:01<00:00,  1.06s/it]100%|██████████| 1/1 [00:01<00:00,  1.16s/it]=> result
* total: 72
* correct: 71
* accuracy: 98.6%
* error: 1.4%
* macro_f1: 98.6%
0 --Local test acc: 92.77777777777777
1 --Local test acc: 89.44444444444444
2 --Local test acc: 86.66666666666667
3 --Local test acc: 92.22222222222223
4 --Local test acc: 87.77777777777777
5 --Local test acc: 94.44444444444444
6 --Local test acc: 93.88888888888889
7 --Local test acc: 91.66666666666667
8 --Local test acc: 84.44444444444444
9 --Local test acc: 98.61111111111111
--Global test acc: 91.19444444444444
Epoch:21
------------local test finish-------------
idxs_users [0, 1, 2, 3, 4, 5, 6, 7, 8, 9]
------------local train start epoch: 22 -------------

epoch [1/1] batch [1/2] time 0.670 (0.670) data 0.593 (0.593) loss 0.1322 (0.1322) acc 96.8750 (96.8750) spf_gamma 0.0500 (0.0500) spf_rank 8.0000 (8.0000) spf_shared_loss 0.0003 (0.0003) spf_private_loss 0.0000 (0.0000) spf_private_norm 0.0004 (0.0004) spf_private_orth_ratio 0.0000 (0.0000) lr 1.0000e-03 eta 0:00:00 user 0
epoch [1/1] batch [2/2] time 0.072 (0.371) data 0.000 (0.296) loss 0.1435 (0.1378) acc 96.8750 (96.8750) spf_gamma 0.0500 (0.0500) spf_rank 8.0000 (8.0000) spf_shared_loss 0.0003 (0.0003) spf_private_loss 0.0000 (0.0000) spf_private_norm 0.0004 (0.0004) spf_private_orth_ratio 0.0000 (0.0000) lr 1.0000e-03 eta 0:00:00 user 0
Finish training: 0 user
Deploy the last-epoch model
0 User, Elapsed: 0:00:01
epoch [1/1] batch [1/2] time 0.671 (0.671) data 0.591 (0.591) loss 0.2566 (0.2566) acc 96.8750 (96.8750) spf_gamma 0.0500 (0.0500) spf_rank 8.0000 (8.0000) spf_shared_loss 0.0003 (0.0003) spf_private_loss 0.0000 (0.0000) spf_private_norm 0.0004 (0.0004) spf_private_orth_ratio 0.0000 (0.0000) lr 1.0000e-03 eta 0:00:00 user 1
epoch [1/1] batch [2/2] time 0.078 (0.375) data 0.000 (0.296) loss 0.1491 (0.2028) acc 100.0000 (98.4375) spf_gamma 0.0500 (0.0500) spf_rank 8.0000 (8.0000) spf_shared_loss 0.0003 (0.0003) spf_private_loss 0.0000 (0.0000) spf_private_norm 0.0004 (0.0004) spf_private_orth_ratio 0.0000 (0.0000) lr 1.0000e-03 eta 0:00:00 user 1
Finish training: 1 user
Deploy the last-epoch model
1 User, Elapsed: 0:00:01
epoch [1/1] batch [1/2] time 0.672 (0.672) data 0.592 (0.592) loss 0.3758 (0.3758) acc 84.3750 (84.3750) spf_gamma 0.0500 (0.0500) spf_rank 8.0000 (8.0000) spf_shared_loss 0.0003 (0.0003) spf_private_loss 0.0000 (0.0000) spf_private_norm 0.0004 (0.0004) spf_private_orth_ratio 0.0000 (0.0000) lr 1.0000e-03 eta 0:00:00 user 2
epoch [1/1] batch [2/2] time 0.094 (0.383) data 0.000 (0.296) loss 0.1913 (0.2835) acc 96.8750 (90.6250) spf_gamma 0.0500 (0.0500) spf_rank 8.0000 (8.0000) spf_shared_loss 0.0003 (0.0003) spf_private_loss 0.0000 (0.0000) spf_private_norm 0.0004 (0.0004) spf_private_orth_ratio 0.0000 (0.0000) lr 1.0000e-03 eta 0:00:00 user 2
Finish training: 2 user
Deploy the last-epoch model
2 User, Elapsed: 0:00:01
epoch [1/1] batch [1/2] time 0.716 (0.716) data 0.636 (0.636) loss 0.1565 (0.1565) acc 96.8750 (96.8750) spf_gamma 0.0500 (0.0500) spf_rank 8.0000 (8.0000) spf_shared_loss 0.0003 (0.0003) spf_private_loss 0.0000 (0.0000) spf_private_norm 0.0004 (0.0004) spf_private_orth_ratio 0.0000 (0.0000) lr 1.0000e-03 eta 0:00:00 user 3
epoch [1/1] batch [2/2] time 0.078 (0.397) data 0.000 (0.318) loss 0.1863 (0.1714) acc 100.0000 (98.4375) spf_gamma 0.0500 (0.0500) spf_rank 8.0000 (8.0000) spf_shared_loss 0.0003 (0.0003) spf_private_loss 0.0000 (0.0000) spf_private_norm 0.0004 (0.0004) spf_private_orth_ratio 0.0000 (0.0000) lr 1.0000e-03 eta 0:00:00 user 3
Finish training: 3 user
Deploy the last-epoch model
3 User, Elapsed: 0:00:01
epoch [1/1] batch [1/2] time 0.766 (0.766) data 0.587 (0.587) loss 0.2866 (0.2866) acc 90.6250 (90.6250) spf_gamma 0.0500 (0.0500) spf_rank 8.0000 (8.0000) spf_shared_loss 0.0003 (0.0003) spf_private_loss 0.0000 (0.0000) spf_private_norm 0.0004 (0.0004) spf_private_orth_ratio 0.0000 (0.0000) lr 1.0000e-03 eta 0:00:00 user 4
epoch [1/1] batch [2/2] time 0.156 (0.461) data 0.000 (0.293) loss 0.3028 (0.2947) acc 87.5000 (89.0625) spf_gamma 0.0500 (0.0500) spf_rank 8.0000 (8.0000) spf_shared_loss 0.0003 (0.0003) spf_private_loss 0.0000 (0.0000) spf_private_norm 0.0004 (0.0004) spf_private_orth_ratio 0.0000 (0.0000) lr 1.0000e-03 eta 0:00:00 user 4
Finish training: 4 user
Deploy the last-epoch model
4 User, Elapsed: 0:00:01
epoch [1/1] batch [1/2] time 0.702 (0.702) data 0.627 (0.627) loss 0.0744 (0.0744) acc 100.0000 (100.0000) spf_gamma 0.0500 (0.0500) spf_rank 8.0000 (8.0000) spf_shared_loss 0.0003 (0.0003) spf_private_loss 0.0000 (0.0000) spf_private_norm 0.0004 (0.0004) spf_private_orth_ratio 0.0000 (0.0000) lr 1.0000e-03 eta 0:00:00 user 5
epoch [1/1] batch [2/2] time 0.072 (0.387) data 0.000 (0.314) loss 0.0660 (0.0702) acc 100.0000 (100.0000) spf_gamma 0.0500 (0.0500) spf_rank 8.0000 (8.0000) spf_shared_loss 0.0003 (0.0003) spf_private_loss 0.0000 (0.0000) spf_private_norm 0.0004 (0.0004) spf_private_orth_ratio 0.0000 (0.0000) lr 1.0000e-03 eta 0:00:00 user 5
Finish training: 5 user
Deploy the last-epoch model
5 User, Elapsed: 0:00:01
epoch [1/1] batch [1/2] time 0.671 (0.671) data 0.596 (0.596) loss 0.2450 (0.2450) acc 87.5000 (87.5000) spf_gamma 0.0500 (0.0500) spf_rank 8.0000 (8.0000) spf_shared_loss 0.0003 (0.0003) spf_private_loss 0.0000 (0.0000) spf_private_norm 0.0004 (0.0004) spf_private_orth_ratio 0.0000 (0.0000) lr 1.0000e-03 eta 0:00:00 user 6
epoch [1/1] batch [2/2] time 0.073 (0.372) data 0.000 (0.298) loss 0.2876 (0.2663) acc 93.7500 (90.6250) spf_gamma 0.0500 (0.0500) spf_rank 8.0000 (8.0000) spf_shared_loss 0.0003 (0.0003) spf_private_loss 0.0000 (0.0000) spf_private_norm 0.0004 (0.0004) spf_private_orth_ratio 0.0000 (0.0000) lr 1.0000e-03 eta 0:00:00 user 6
Finish training: 6 user
Deploy the last-epoch model
6 User, Elapsed: 0:00:01
epoch [1/1] batch [1/2] time 0.784 (0.784) data 0.710 (0.710) loss 0.2652 (0.2652) acc 93.7500 (93.7500) spf_gamma 0.0500 (0.0500) spf_rank 8.0000 (8.0000) spf_shared_loss 0.0003 (0.0003) spf_private_loss 0.0000 (0.0000) spf_private_norm 0.0004 (0.0004) spf_private_orth_ratio 0.0000 (0.0000) lr 1.0000e-03 eta 0:00:00 user 7
epoch [1/1] batch [2/2] time 0.072 (0.428) data 0.000 (0.355) loss 0.1375 (0.2013) acc 96.8750 (95.3125) spf_gamma 0.0500 (0.0500) spf_rank 8.0000 (8.0000) spf_shared_loss 0.0003 (0.0003) spf_private_loss 0.0000 (0.0000) spf_private_norm 0.0004 (0.0004) spf_private_orth_ratio 0.0000 (0.0000) lr 1.0000e-03 eta 0:00:00 user 7
Finish training: 7 user
Deploy the last-epoch model
7 User, Elapsed: 0:00:01
epoch [1/1] batch [1/2] time 0.690 (0.690) data 0.617 (0.617) loss 0.3770 (0.3770) acc 93.7500 (93.7500) spf_gamma 0.0500 (0.0500) spf_rank 8.0000 (8.0000) spf_shared_loss 0.0003 (0.0003) spf_private_loss 0.0000 (0.0000) spf_private_norm 0.0004 (0.0004) spf_private_orth_ratio 0.0000 (0.0000) lr 1.0000e-03 eta 0:00:00 user 8
epoch [1/1] batch [2/2] time 0.072 (0.381) data 0.000 (0.309) loss 0.6480 (0.5125) acc 78.1250 (85.9375) spf_gamma 0.0500 (0.0500) spf_rank 8.0000 (8.0000) spf_shared_loss 0.0003 (0.0003) spf_private_loss 0.0000 (0.0000) spf_private_norm 0.0004 (0.0004) spf_private_orth_ratio 0.0000 (0.0000) lr 1.0000e-03 eta 0:00:00 user 8
Finish training: 8 user
Deploy the last-epoch model
8 User, Elapsed: 0:00:01
epoch [1/1] batch [1/1] time 0.666 (0.666) data 0.593 (0.593) loss 0.0974 (0.0974) acc 96.8750 (96.8750) spf_gamma 0.0500 (0.0500) spf_rank 8.0000 (8.0000) spf_shared_loss 0.0003 (0.0003) spf_private_loss 0.0000 (0.0000) spf_private_norm 0.0004 (0.0004) spf_private_orth_ratio 0.0000 (0.0000) lr 1.0000e-03 eta 0:00:00 user 9
Finish training: 9 user
Deploy the last-epoch model
9 User, Elapsed: 0:00:01
------------local train finish epoch: 22 -------------
------------local test start-------------
Evaluate on the client0_test set
  0%|          | 0/2 [00:00<?, ?it/s] 50%|█████     | 1/2 [00:01<00:01,  1.33s/it]100%|██████████| 2/2 [00:01<00:00,  1.33it/s]
=> result
* total: 180
* correct: 166
* accuracy: 92.2%
* error: 7.8%
* macro_f1: 92.4%
Evaluate on the client1_test set
  0%|          | 0/2 [00:00<?, ?it/s] 50%|█████     | 1/2 [00:01<00:01,  1.42s/it]100%|██████████| 2/2 [00:01<00:00,  1.25it/s]
=> result
* total: 180
* correct: 167
* accuracy: 92.8%
* error: 7.2%
* macro_f1: 93.7%
Evaluate on the client2_test set
  0%|          | 0/2 [00:00<?, ?it/s] 50%|█████     | 1/2 [00:01<00:01,  1.42s/it]100%|██████████| 2/2 [00:01<00:00,  1.27it/s]
=> result
* total: 180
* correct: 147
* accuracy: 81.7%
* error: 18.3%
* macro_f1: 81.5%
Evaluate on the client3_test set
  0%|          | 0/2 [00:00<?, ?it/s] 50%|█████     | 1/2 [00:01<00:01,  1.50s/it]100%|██████████| 2/2 [00:01<00:00,  1.42it/s]100%|██████████| 2/2 [00:01<00:00,  1.15it/s]
=> result
* total: 180
* correct: 154
* accuracy: 85.6%
* error: 14.4%
* macro_f1: 89.1%
Evaluate on the client4_test set
  0%|          | 0/2 [00:00<?, ?it/s] 50%|█████     | 1/2 [00:01<00:01,  1.29s/it]100%|██████████| 2/2 [00:01<00:00,  1.36it/s]
=> result
* total: 180
* correct: 156
* accuracy: 86.7%
* error: 13.3%
* macro_f1: 86.8%
Evaluate on the client5_test set
  0%|          | 0/2 [00:00<?, ?it/s] 50%|█████     | 1/2 [00:01<00:01,  1.31s/it]100%|██████████| 2/2 [00:01<00:00,  1.36it/s]
=> result
* total: 180
* correct: 170
* accuracy: 94.4%
* error: 5.6%
* macro_f1: 95.0%
Evaluate on the client6_test set
  0%|          | 0/2 [00:00<?, ?it/s] 50%|█████     | 1/2 [00:01<00:01,  1.37s/it]100%|██████████| 2/2 [00:01<00:00,  1.53it/s]100%|██████████| 2/2 [00:01<00:00,  1.23it/s]
=> result
* total: 180
* correct: 169
* accuracy: 93.9%
* error: 6.1%
* macro_f1: 94.2%
Evaluate on the client7_test set
  0%|          | 0/2 [00:00<?, ?it/s] 50%|█████     | 1/2 [00:01<00:01,  1.34s/it]100%|██████████| 2/2 [00:01<00:00,  1.33it/s]
=> result
* total: 180
* correct: 171
* accuracy: 95.0%
* error: 5.0%
* macro_f1: 95.0%
Evaluate on the client8_test set
  0%|          | 0/2 [00:00<?, ?it/s] 50%|█████     | 1/2 [00:01<00:01,  1.42s/it]100%|██████████| 2/2 [00:01<00:00,  1.26it/s]
=> result
* total: 180
* correct: 143
* accuracy: 79.4%
* error: 20.6%
* macro_f1: 79.4%
Evaluate on the client9_test set
  0%|          | 0/1 [00:00<?, ?it/s]100%|██████████| 1/1 [00:01<00:00,  1.04s/it]100%|██████████| 1/1 [00:01<00:00,  1.12s/it]=> result
* total: 72
* correct: 68
* accuracy: 94.4%
* error: 5.6%
* macro_f1: 94.4%
0 --Local test acc: 92.22222222222223
1 --Local test acc: 92.77777777777777
2 --Local test acc: 81.66666666666667
3 --Local test acc: 85.55555555555556
4 --Local test acc: 86.66666666666667
5 --Local test acc: 94.44444444444444
6 --Local test acc: 93.88888888888889
7 --Local test acc: 95.0
8 --Local test acc: 79.44444444444444
9 --Local test acc: 94.44444444444444
--Global test acc: 89.61111111111111
Epoch:22
------------local test finish-------------
idxs_users [0, 1, 2, 3, 4, 5, 6, 7, 8, 9]
------------local train start epoch: 23 -------------

epoch [1/1] batch [1/2] time 0.729 (0.729) data 0.648 (0.648) loss 0.1789 (0.1789) acc 96.8750 (96.8750) spf_gamma 0.0500 (0.0500) spf_rank 8.0000 (8.0000) spf_shared_loss 0.0003 (0.0003) spf_private_loss 0.0000 (0.0000) spf_private_norm 0.0004 (0.0004) spf_private_orth_ratio 0.0000 (0.0000) lr 1.0000e-03 eta 0:00:00 user 0
epoch [1/1] batch [2/2] time 0.079 (0.404) data 0.000 (0.324) loss 0.0711 (0.1250) acc 96.8750 (96.8750) spf_gamma 0.0500 (0.0500) spf_rank 8.0000 (8.0000) spf_shared_loss 0.0003 (0.0003) spf_private_loss 0.0000 (0.0000) spf_private_norm 0.0004 (0.0004) spf_private_orth_ratio 0.0000 (0.0000) lr 1.0000e-03 eta 0:00:00 user 0
Finish training: 0 user
Deploy the last-epoch model
0 User, Elapsed: 0:00:01
epoch [1/1] batch [1/2] time 0.731 (0.731) data 0.653 (0.653) loss 0.3062 (0.3062) acc 93.7500 (93.7500) spf_gamma 0.0500 (0.0500) spf_rank 8.0000 (8.0000) spf_shared_loss 0.0003 (0.0003) spf_private_loss 0.0000 (0.0000) spf_private_norm 0.0004 (0.0004) spf_private_orth_ratio 0.0000 (0.0000) lr 1.0000e-03 eta 0:00:00 user 1
epoch [1/1] batch [2/2] time 0.073 (0.402) data 0.000 (0.326) loss 0.1500 (0.2281) acc 100.0000 (96.8750) spf_gamma 0.0500 (0.0500) spf_rank 8.0000 (8.0000) spf_shared_loss 0.0003 (0.0003) spf_private_loss 0.0000 (0.0000) spf_private_norm 0.0004 (0.0004) spf_private_orth_ratio 0.0000 (0.0000) lr 1.0000e-03 eta 0:00:00 user 1
Finish training: 1 user
Deploy the last-epoch model
1 User, Elapsed: 0:00:01
epoch [1/1] batch [1/2] time 0.803 (0.803) data 0.606 (0.606) loss 0.2522 (0.2522) acc 93.7500 (93.7500) spf_gamma 0.0500 (0.0500) spf_rank 8.0000 (8.0000) spf_shared_loss 0.0003 (0.0003) spf_private_loss 0.0000 (0.0000) spf_private_norm 0.0004 (0.0004) spf_private_orth_ratio 0.0000 (0.0000) lr 1.0000e-03 eta 0:00:00 user 2
epoch [1/1] batch [2/2] time 0.163 (0.483) data 0.000 (0.303) loss 0.4143 (0.3333) acc 87.5000 (90.6250) spf_gamma 0.0500 (0.0500) spf_rank 8.0000 (8.0000) spf_shared_loss 0.0003 (0.0003) spf_private_loss 0.0000 (0.0000) spf_private_norm 0.0004 (0.0004) spf_private_orth_ratio 0.0000 (0.0000) lr 1.0000e-03 eta 0:00:00 user 2
Finish training: 2 user
Deploy the last-epoch model
2 User, Elapsed: 0:00:01
epoch [1/1] batch [1/2] time 0.676 (0.676) data 0.586 (0.586) loss 0.1707 (0.1707) acc 100.0000 (100.0000) spf_gamma 0.0500 (0.0500) spf_rank 8.0000 (8.0000) spf_shared_loss 0.0003 (0.0003) spf_private_loss 0.0000 (0.0000) spf_private_norm 0.0004 (0.0004) spf_private_orth_ratio 0.0000 (0.0000) lr 1.0000e-03 eta 0:00:00 user 3
epoch [1/1] batch [2/2] time 0.080 (0.378) data 0.000 (0.293) loss 0.1540 (0.1623) acc 100.0000 (100.0000) spf_gamma 0.0500 (0.0500) spf_rank 8.0000 (8.0000) spf_shared_loss 0.0003 (0.0003) spf_private_loss 0.0000 (0.0000) spf_private_norm 0.0004 (0.0004) spf_private_orth_ratio 0.0000 (0.0000) lr 1.0000e-03 eta 0:00:00 user 3
Finish training: 3 user
Deploy the last-epoch model
3 User, Elapsed: 0:00:01
epoch [1/1] batch [1/2] time 0.755 (0.755) data 0.659 (0.659) loss 0.4077 (0.4077) acc 87.5000 (87.5000) spf_gamma 0.0500 (0.0500) spf_rank 8.0000 (8.0000) spf_shared_loss 0.0003 (0.0003) spf_private_loss 0.0000 (0.0000) spf_private_norm 0.0004 (0.0004) spf_private_orth_ratio 0.0000 (0.0000) lr 1.0000e-03 eta 0:00:00 user 4
epoch [1/1] batch [2/2] time 0.078 (0.417) data 0.000 (0.329) loss 0.2453 (0.3265) acc 90.6250 (89.0625) spf_gamma 0.0500 (0.0500) spf_rank 8.0000 (8.0000) spf_shared_loss 0.0003 (0.0003) spf_private_loss 0.0000 (0.0000) spf_private_norm 0.0004 (0.0004) spf_private_orth_ratio 0.0000 (0.0000) lr 1.0000e-03 eta 0:00:00 user 4
Finish training: 4 user
Deploy the last-epoch model
4 User, Elapsed: 0:00:01
epoch [1/1] batch [1/2] time 0.756 (0.756) data 0.680 (0.680) loss 0.0816 (0.0816) acc 100.0000 (100.0000) spf_gamma 0.0500 (0.0500) spf_rank 8.0000 (8.0000) spf_shared_loss 0.0003 (0.0003) spf_private_loss 0.0000 (0.0000) spf_private_norm 0.0004 (0.0004) spf_private_orth_ratio 0.0000 (0.0000) lr 1.0000e-03 eta 0:00:00 user 5
epoch [1/1] batch [2/2] time 0.079 (0.417) data 0.000 (0.340) loss 0.1006 (0.0911) acc 96.8750 (98.4375) spf_gamma 0.0500 (0.0500) spf_rank 8.0000 (8.0000) spf_shared_loss 0.0003 (0.0003) spf_private_loss 0.0000 (0.0000) spf_private_norm 0.0004 (0.0004) spf_private_orth_ratio 0.0000 (0.0000) lr 1.0000e-03 eta 0:00:00 user 5
Finish training: 5 user
Deploy the last-epoch model
5 User, Elapsed: 0:00:01
epoch [1/1] batch [1/2] time 0.651 (0.651) data 0.573 (0.573) loss 0.2862 (0.2862) acc 90.6250 (90.6250) spf_gamma 0.0500 (0.0500) spf_rank 8.0000 (8.0000) spf_shared_loss 0.0003 (0.0003) spf_private_loss 0.0000 (0.0000) spf_private_norm 0.0004 (0.0004) spf_private_orth_ratio 0.0000 (0.0000) lr 1.0000e-03 eta 0:00:00 user 6
epoch [1/1] batch [2/2] time 0.073 (0.362) data 0.000 (0.287) loss 0.2393 (0.2627) acc 87.5000 (89.0625) spf_gamma 0.0500 (0.0500) spf_rank 8.0000 (8.0000) spf_shared_loss 0.0003 (0.0003) spf_private_loss 0.0000 (0.0000) spf_private_norm 0.0004 (0.0004) spf_private_orth_ratio 0.0000 (0.0000) lr 1.0000e-03 eta 0:00:00 user 6
Finish training: 6 user
Deploy the last-epoch model
6 User, Elapsed: 0:00:01
epoch [1/1] batch [1/2] time 0.708 (0.708) data 0.626 (0.626) loss 0.0862 (0.0862) acc 100.0000 (100.0000) spf_gamma 0.0500 (0.0500) spf_rank 8.0000 (8.0000) spf_shared_loss 0.0003 (0.0003) spf_private_loss 0.0000 (0.0000) spf_private_norm 0.0004 (0.0004) spf_private_orth_ratio 0.0000 (0.0000) lr 1.0000e-03 eta 0:00:00 user 7
epoch [1/1] batch [2/2] time 0.092 (0.400) data 0.000 (0.313) loss 0.0750 (0.0806) acc 96.8750 (98.4375) spf_gamma 0.0500 (0.0500) spf_rank 8.0000 (8.0000) spf_shared_loss 0.0003 (0.0003) spf_private_loss 0.0000 (0.0000) spf_private_norm 0.0004 (0.0004) spf_private_orth_ratio 0.0000 (0.0000) lr 1.0000e-03 eta 0:00:00 user 7
Finish training: 7 user
Deploy the last-epoch model
7 User, Elapsed: 0:00:01
epoch [1/1] batch [1/2] time 0.710 (0.710) data 0.633 (0.633) loss 0.4810 (0.4810) acc 84.3750 (84.3750) spf_gamma 0.0500 (0.0500) spf_rank 8.0000 (8.0000) spf_shared_loss 0.0003 (0.0003) spf_private_loss 0.0000 (0.0000) spf_private_norm 0.0004 (0.0004) spf_private_orth_ratio 0.0000 (0.0000) lr 1.0000e-03 eta 0:00:00 user 8
epoch [1/1] batch [2/2] time 0.074 (0.392) data 0.000 (0.317) loss 0.5127 (0.4969) acc 81.2500 (82.8125) spf_gamma 0.0500 (0.0500) spf_rank 8.0000 (8.0000) spf_shared_loss 0.0003 (0.0003) spf_private_loss 0.0000 (0.0000) spf_private_norm 0.0004 (0.0004) spf_private_orth_ratio 0.0000 (0.0000) lr 1.0000e-03 eta 0:00:00 user 8
Finish training: 8 user
Deploy the last-epoch model
8 User, Elapsed: 0:00:01
epoch [1/1] batch [1/1] time 0.794 (0.794) data 0.625 (0.625) loss 0.1044 (0.1044) acc 100.0000 (100.0000) spf_gamma 0.0500 (0.0500) spf_rank 8.0000 (8.0000) spf_shared_loss 0.0003 (0.0003) spf_private_loss 0.0000 (0.0000) spf_private_norm 0.0004 (0.0004) spf_private_orth_ratio 0.0000 (0.0000) lr 1.0000e-03 eta 0:00:00 user 9
Finish training: 9 user
Deploy the last-epoch model
9 User, Elapsed: 0:00:01
------------local train finish epoch: 23 -------------
------------local test start-------------
Evaluate on the client0_test set
  0%|          | 0/2 [00:00<?, ?it/s] 50%|█████     | 1/2 [00:01<00:01,  1.29s/it]100%|██████████| 2/2 [00:01<00:00,  1.54it/s]100%|██████████| 2/2 [00:01<00:00,  1.24it/s]
=> result
* total: 180
* correct: 168
* accuracy: 93.3%
* error: 6.7%
* macro_f1: 93.6%
Evaluate on the client1_test set
  0%|          | 0/2 [00:00<?, ?it/s] 50%|█████     | 1/2 [00:01<00:01,  1.33s/it]100%|██████████| 2/2 [00:01<00:00,  1.51it/s]100%|██████████| 2/2 [00:01<00:00,  1.24it/s]
=> result
* total: 180
* correct: 163
* accuracy: 90.6%
* error: 9.4%
* macro_f1: 91.3%
Evaluate on the client2_test set
  0%|          | 0/2 [00:00<?, ?it/s] 50%|█████     | 1/2 [00:01<00:01,  1.32s/it]100%|██████████| 2/2 [00:01<00:00,  1.35it/s]
=> result
* total: 180
* correct: 160
* accuracy: 88.9%
* error: 11.1%
* macro_f1: 89.1%
Evaluate on the client3_test set
  0%|          | 0/2 [00:00<?, ?it/s] 50%|█████     | 1/2 [00:01<00:01,  1.39s/it]100%|██████████| 2/2 [00:01<00:00,  1.52it/s]100%|██████████| 2/2 [00:01<00:00,  1.21it/s]
=> result
* total: 180
* correct: 166
* accuracy: 92.2%
* error: 7.8%
* macro_f1: 92.2%
Evaluate on the client4_test set
  0%|          | 0/2 [00:00<?, ?it/s] 50%|█████     | 1/2 [00:01<00:01,  1.30s/it]100%|██████████| 2/2 [00:01<00:00,  1.36it/s]
=> result
* total: 180
* correct: 156
* accuracy: 86.7%
* error: 13.3%
* macro_f1: 86.8%
Evaluate on the client5_test set
  0%|          | 0/2 [00:00<?, ?it/s] 50%|█████     | 1/2 [00:01<00:01,  1.36s/it]100%|██████████| 2/2 [00:01<00:00,  1.31it/s]
=> result
* total: 180
* correct: 168
* accuracy: 93.3%
* error: 6.7%
* macro_f1: 94.3%
Evaluate on the client6_test set
  0%|          | 0/2 [00:00<?, ?it/s] 50%|█████     | 1/2 [00:01<00:01,  1.50s/it]100%|██████████| 2/2 [00:01<00:00,  1.20it/s]
=> result
* total: 180
* correct: 165
* accuracy: 91.7%
* error: 8.3%
* macro_f1: 91.7%
Evaluate on the client7_test set
  0%|          | 0/2 [00:00<?, ?it/s] 50%|█████     | 1/2 [00:01<00:01,  1.38s/it]100%|██████████| 2/2 [00:01<00:00,  1.28it/s]
=> result
* total: 180
* correct: 169
* accuracy: 93.9%
* error: 6.1%
* macro_f1: 94.2%
Evaluate on the client8_test set
  0%|          | 0/2 [00:00<?, ?it/s] 50%|█████     | 1/2 [00:01<00:01,  1.35s/it]100%|██████████| 2/2 [00:01<00:00,  1.31it/s]
=> result
* total: 180
* correct: 141
* accuracy: 78.3%
* error: 21.7%
* macro_f1: 74.5%
Evaluate on the client9_test set
  0%|          | 0/1 [00:00<?, ?it/s]100%|██████████| 1/1 [00:00<00:00,  1.02it/s]100%|██████████| 1/1 [00:01<00:00,  1.07s/it]=> result
* total: 72
* correct: 70
* accuracy: 97.2%
* error: 2.8%
* macro_f1: 97.2%
0 --Local test acc: 93.33333333333333
1 --Local test acc: 90.55555555555556
2 --Local test acc: 88.88888888888889
3 --Local test acc: 92.22222222222223
4 --Local test acc: 86.66666666666667
5 --Local test acc: 93.33333333333333
6 --Local test acc: 91.66666666666667
7 --Local test acc: 93.88888888888889
8 --Local test acc: 78.33333333333333
9 --Local test acc: 97.22222222222223
--Global test acc: 90.61111111111111
Epoch:23
------------local test finish-------------
idxs_users [0, 1, 2, 3, 4, 5, 6, 7, 8, 9]
------------local train start epoch: 24 -------------

epoch [1/1] batch [1/2] time 0.664 (0.664) data 0.584 (0.584) loss 0.2769 (0.2769) acc 87.5000 (87.5000) spf_gamma 0.0500 (0.0500) spf_rank 8.0000 (8.0000) spf_shared_loss 0.0003 (0.0003) spf_private_loss 0.0000 (0.0000) spf_private_norm 0.0004 (0.0004) spf_private_orth_ratio 0.0000 (0.0000) lr 1.0000e-03 eta 0:00:00 user 0
epoch [1/1] batch [2/2] time 0.072 (0.368) data 0.000 (0.292) loss 0.0716 (0.1742) acc 100.0000 (93.7500) spf_gamma 0.0500 (0.0500) spf_rank 8.0000 (8.0000) spf_shared_loss 0.0003 (0.0003) spf_private_loss 0.0000 (0.0000) spf_private_norm 0.0004 (0.0004) spf_private_orth_ratio 0.0000 (0.0000) lr 1.0000e-03 eta 0:00:00 user 0
Finish training: 0 user
Deploy the last-epoch model
0 User, Elapsed: 0:00:01
epoch [1/1] batch [1/2] time 0.650 (0.650) data 0.567 (0.567) loss 0.1623 (0.1623) acc 100.0000 (100.0000) spf_gamma 0.0500 (0.0500) spf_rank 8.0000 (8.0000) spf_shared_loss 0.0003 (0.0003) spf_private_loss 0.0000 (0.0000) spf_private_norm 0.0004 (0.0004) spf_private_orth_ratio 0.0000 (0.0000) lr 1.0000e-03 eta 0:00:00 user 1
epoch [1/1] batch [2/2] time 0.073 (0.362) data 0.000 (0.284) loss 0.1856 (0.1739) acc 96.8750 (98.4375) spf_gamma 0.0500 (0.0500) spf_rank 8.0000 (8.0000) spf_shared_loss 0.0003 (0.0003) spf_private_loss 0.0000 (0.0000) spf_private_norm 0.0004 (0.0004) spf_private_orth_ratio 0.0000 (0.0000) lr 1.0000e-03 eta 0:00:00 user 1
Finish training: 1 user
Deploy the last-epoch model
1 User, Elapsed: 0:00:01
epoch [1/1] batch [1/2] time 0.692 (0.692) data 0.601 (0.601) loss 0.1415 (0.1415) acc 100.0000 (100.0000) spf_gamma 0.0500 (0.0500) spf_rank 8.0000 (8.0000) spf_shared_loss 0.0003 (0.0003) spf_private_loss 0.0000 (0.0000) spf_private_norm 0.0004 (0.0004) spf_private_orth_ratio 0.0000 (0.0000) lr 1.0000e-03 eta 0:00:00 user 2
epoch [1/1] batch [2/2] time 0.072 (0.382) data 0.000 (0.300) loss 0.2321 (0.1868) acc 84.3750 (92.1875) spf_gamma 0.0500 (0.0500) spf_rank 8.0000 (8.0000) spf_shared_loss 0.0003 (0.0003) spf_private_loss 0.0000 (0.0000) spf_private_norm 0.0004 (0.0004) spf_private_orth_ratio 0.0000 (0.0000) lr 1.0000e-03 eta 0:00:00 user 2
Finish training: 2 user
Deploy the last-epoch model
2 User, Elapsed: 0:00:01
epoch [1/1] batch [1/2] time 0.649 (0.649) data 0.571 (0.571) loss 0.1273 (0.1273) acc 93.7500 (93.7500) spf_gamma 0.0500 (0.0500) spf_rank 8.0000 (8.0000) spf_shared_loss 0.0003 (0.0003) spf_private_loss 0.0000 (0.0000) spf_private_norm 0.0004 (0.0004) spf_private_orth_ratio 0.0000 (0.0000) lr 1.0000e-03 eta 0:00:00 user 3
epoch [1/1] batch [2/2] time 0.077 (0.363) data 0.000 (0.285) loss 0.0719 (0.0996) acc 100.0000 (96.8750) spf_gamma 0.0500 (0.0500) spf_rank 8.0000 (8.0000) spf_shared_loss 0.0003 (0.0003) spf_private_loss 0.0000 (0.0000) spf_private_norm 0.0004 (0.0004) spf_private_orth_ratio 0.0000 (0.0000) lr 1.0000e-03 eta 0:00:00 user 3
Finish training: 3 user
Deploy the last-epoch model
3 User, Elapsed: 0:00:01
epoch [1/1] batch [1/2] time 0.698 (0.698) data 0.622 (0.622) loss 0.5537 (0.5537) acc 84.3750 (84.3750) spf_gamma 0.0500 (0.0500) spf_rank 8.0000 (8.0000) spf_shared_loss 0.0003 (0.0003) spf_private_loss 0.0000 (0.0000) spf_private_norm 0.0004 (0.0004) spf_private_orth_ratio 0.0000 (0.0000) lr 1.0000e-03 eta 0:00:00 user 4
epoch [1/1] batch [2/2] time 0.072 (0.385) data 0.000 (0.311) loss 0.2283 (0.3910) acc 100.0000 (92.1875) spf_gamma 0.0500 (0.0500) spf_rank 8.0000 (8.0000) spf_shared_loss 0.0003 (0.0003) spf_private_loss 0.0000 (0.0000) spf_private_norm 0.0004 (0.0004) spf_private_orth_ratio 0.0000 (0.0000) lr 1.0000e-03 eta 0:00:00 user 4
Finish training: 4 user
Deploy the last-epoch model
4 User, Elapsed: 0:00:01
epoch [1/1] batch [1/2] time 0.714 (0.714) data 0.635 (0.635) loss 0.1254 (0.1254) acc 96.8750 (96.8750) spf_gamma 0.0500 (0.0500) spf_rank 8.0000 (8.0000) spf_shared_loss 0.0003 (0.0003) spf_private_loss 0.0000 (0.0000) spf_private_norm 0.0004 (0.0004) spf_private_orth_ratio 0.0000 (0.0000) lr 1.0000e-03 eta 0:00:00 user 5
epoch [1/1] batch [2/2] time 0.072 (0.393) data 0.000 (0.318) loss 0.0821 (0.1037) acc 100.0000 (98.4375) spf_gamma 0.0500 (0.0500) spf_rank 8.0000 (8.0000) spf_shared_loss 0.0003 (0.0003) spf_private_loss 0.0000 (0.0000) spf_private_norm 0.0004 (0.0004) spf_private_orth_ratio 0.0000 (0.0000) lr 1.0000e-03 eta 0:00:00 user 5
Finish training: 5 user
Deploy the last-epoch model
5 User, Elapsed: 0:00:01
epoch [1/1] batch [1/2] time 0.813 (0.813) data 0.638 (0.638) loss 0.2959 (0.2959) acc 87.5000 (87.5000) spf_gamma 0.0500 (0.0500) spf_rank 8.0000 (8.0000) spf_shared_loss 0.0003 (0.0003) spf_private_loss 0.0000 (0.0000) spf_private_norm 0.0004 (0.0004) spf_private_orth_ratio 0.0000 (0.0000) lr 1.0000e-03 eta 0:00:00 user 6
epoch [1/1] batch [2/2] time 0.164 (0.488) data 0.000 (0.319) loss 0.2324 (0.2642) acc 93.7500 (90.6250) spf_gamma 0.0500 (0.0500) spf_rank 8.0000 (8.0000) spf_shared_loss 0.0003 (0.0003) spf_private_loss 0.0000 (0.0000) spf_private_norm 0.0004 (0.0004) spf_private_orth_ratio 0.0000 (0.0000) lr 1.0000e-03 eta 0:00:00 user 6
Finish training: 6 user
Deploy the last-epoch model
6 User, Elapsed: 0:00:01
epoch [1/1] batch [1/2] time 0.717 (0.717) data 0.632 (0.632) loss 0.1277 (0.1277) acc 96.8750 (96.8750) spf_gamma 0.0500 (0.0500) spf_rank 8.0000 (8.0000) spf_shared_loss 0.0003 (0.0003) spf_private_loss 0.0000 (0.0000) spf_private_norm 0.0004 (0.0004) spf_private_orth_ratio 0.0000 (0.0000) lr 1.0000e-03 eta 0:00:00 user 7
epoch [1/1] batch [2/2] time 0.077 (0.397) data 0.000 (0.316) loss 0.1865 (0.1571) acc 93.7500 (95.3125) spf_gamma 0.0500 (0.0500) spf_rank 8.0000 (8.0000) spf_shared_loss 0.0003 (0.0003) spf_private_loss 0.0000 (0.0000) spf_private_norm 0.0004 (0.0004) spf_private_orth_ratio 0.0000 (0.0000) lr 1.0000e-03 eta 0:00:00 user 7
Finish training: 7 user
Deploy the last-epoch model
7 User, Elapsed: 0:00:01
epoch [1/1] batch [1/2] time 0.681 (0.681) data 0.601 (0.601) loss 0.7769 (0.7769) acc 75.0000 (75.0000) spf_gamma 0.0500 (0.0500) spf_rank 8.0000 (8.0000) spf_shared_loss 0.0003 (0.0003) spf_private_loss 0.0000 (0.0000) spf_private_norm 0.0004 (0.0004) spf_private_orth_ratio 0.0000 (0.0000) lr 1.0000e-03 eta 0:00:00 user 8
epoch [1/1] batch [2/2] time 0.078 (0.379) data 0.000 (0.301) loss 0.3755 (0.5762) acc 87.5000 (81.2500) spf_gamma 0.0500 (0.0500) spf_rank 8.0000 (8.0000) spf_shared_loss 0.0003 (0.0003) spf_private_loss 0.0000 (0.0000) spf_private_norm 0.0004 (0.0004) spf_private_orth_ratio 0.0000 (0.0000) lr 1.0000e-03 eta 0:00:00 user 8
Finish training: 8 user
Deploy the last-epoch model
8 User, Elapsed: 0:00:01
epoch [1/1] batch [1/1] time 0.684 (0.684) data 0.611 (0.611) loss 0.0649 (0.0649) acc 100.0000 (100.0000) spf_gamma 0.0500 (0.0500) spf_rank 8.0000 (8.0000) spf_shared_loss 0.0003 (0.0003) spf_private_loss 0.0000 (0.0000) spf_private_norm 0.0004 (0.0004) spf_private_orth_ratio 0.0000 (0.0000) lr 1.0000e-03 eta 0:00:00 user 9
Finish training: 9 user
Deploy the last-epoch model
9 User, Elapsed: 0:00:01
------------local train finish epoch: 24 -------------
------------local test start-------------
Evaluate on the client0_test set
  0%|          | 0/2 [00:00<?, ?it/s] 50%|█████     | 1/2 [00:01<00:01,  1.31s/it]100%|██████████| 2/2 [00:01<00:00,  1.35it/s]
=> result
* total: 180
* correct: 164
* accuracy: 91.1%
* error: 8.9%
* macro_f1: 91.6%
Evaluate on the client1_test set
  0%|          | 0/2 [00:00<?, ?it/s] 50%|█████     | 1/2 [00:01<00:01,  1.28s/it]100%|██████████| 2/2 [00:01<00:00,  1.39it/s]
=> result
* total: 180
* correct: 164
* accuracy: 91.1%
* error: 8.9%
* macro_f1: 91.6%
Evaluate on the client2_test set
  0%|          | 0/2 [00:00<?, ?it/s] 50%|█████     | 1/2 [00:01<00:01,  1.28s/it]100%|██████████| 2/2 [00:01<00:00,  1.37it/s]
=> result
* total: 180
* correct: 154
* accuracy: 85.6%
* error: 14.4%
* macro_f1: 85.3%
Evaluate on the client3_test set
  0%|          | 0/2 [00:00<?, ?it/s] 50%|█████     | 1/2 [00:01<00:01,  1.34s/it]100%|██████████| 2/2 [00:01<00:00,  1.32it/s]
=> result
* total: 180
* correct: 167
* accuracy: 92.8%
* error: 7.2%
* macro_f1: 92.8%
Evaluate on the client4_test set
  0%|          | 0/2 [00:00<?, ?it/s] 50%|█████     | 1/2 [00:01<00:01,  1.48s/it]100%|██████████| 2/2 [00:01<00:00,  1.21it/s]
=> result
* total: 180
* correct: 151
* accuracy: 83.9%
* error: 16.1%
* macro_f1: 84.6%
Evaluate on the client5_test set
  0%|          | 0/2 [00:00<?, ?it/s] 50%|█████     | 1/2 [00:01<00:01,  1.32s/it]100%|██████████| 2/2 [00:01<00:00,  1.35it/s]
=> result
* total: 180
* correct: 170
* accuracy: 94.4%
* error: 5.6%
* macro_f1: 95.0%
Evaluate on the client6_test set
  0%|          | 0/2 [00:00<?, ?it/s] 50%|█████     | 1/2 [00:01<00:01,  1.29s/it]100%|██████████| 2/2 [00:01<00:00,  1.37it/s]
=> result
* total: 180
* correct: 168
* accuracy: 93.3%
* error: 6.7%
* macro_f1: 93.9%
Evaluate on the client7_test set
  0%|          | 0/2 [00:00<?, ?it/s] 50%|█████     | 1/2 [00:01<00:01,  1.41s/it]100%|██████████| 2/2 [00:01<00:00,  1.27it/s]
=> result
* total: 180
* correct: 166
* accuracy: 92.2%
* error: 7.8%
* macro_f1: 93.0%
Evaluate on the client8_test set
  0%|          | 0/2 [00:00<?, ?it/s] 50%|█████     | 1/2 [00:01<00:01,  1.34s/it]100%|██████████| 2/2 [00:01<00:00,  1.58it/s]100%|██████████| 2/2 [00:01<00:00,  1.27it/s]
=> result
* total: 180
* correct: 145
* accuracy: 80.6%
* error: 19.4%
* macro_f1: 80.0%
Evaluate on the client9_test set
  0%|          | 0/1 [00:00<?, ?it/s]100%|██████████| 1/1 [00:01<00:00,  1.02s/it]100%|██████████| 1/1 [00:01<00:00,  1.12s/it]=> result
* total: 72
* correct: 70
* accuracy: 97.2%
* error: 2.8%
* macro_f1: 97.2%
0 --Local test acc: 91.11111111111111
1 --Local test acc: 91.11111111111111
2 --Local test acc: 85.55555555555556
3 --Local test acc: 92.77777777777777
4 --Local test acc: 83.88888888888889
5 --Local test acc: 94.44444444444444
6 --Local test acc: 93.33333333333333
7 --Local test acc: 92.22222222222223
8 --Local test acc: 80.55555555555556
9 --Local test acc: 97.22222222222223
--Global test acc: 90.22222222222224
Epoch:24
------------local test finish-------------
idxs_users [0, 1, 2, 3, 4, 5, 6, 7, 8, 9]
------------local train start epoch: 25 -------------

epoch [1/1] batch [1/2] time 0.771 (0.771) data 0.697 (0.697) loss 0.1433 (0.1433) acc 93.7500 (93.7500) spf_gamma 0.0500 (0.0500) spf_rank 8.0000 (8.0000) spf_shared_loss 0.0003 (0.0003) spf_private_loss 0.0000 (0.0000) spf_private_norm 0.0004 (0.0004) spf_private_orth_ratio 0.0000 (0.0000) lr 1.0000e-03 eta 0:00:00 user 0
epoch [1/1] batch [2/2] time 0.072 (0.421) data 0.000 (0.348) loss 0.1275 (0.1354) acc 93.7500 (93.7500) spf_gamma 0.0500 (0.0500) spf_rank 8.0000 (8.0000) spf_shared_loss 0.0003 (0.0003) spf_private_loss 0.0000 (0.0000) spf_private_norm 0.0004 (0.0004) spf_private_orth_ratio 0.0000 (0.0000) lr 1.0000e-03 eta 0:00:00 user 0
Finish training: 0 user
Deploy the last-epoch model
0 User, Elapsed: 0:00:01
epoch [1/1] batch [1/2] time 0.676 (0.676) data 0.599 (0.599) loss 0.1823 (0.1823) acc 100.0000 (100.0000) spf_gamma 0.0500 (0.0500) spf_rank 8.0000 (8.0000) spf_shared_loss 0.0003 (0.0003) spf_private_loss 0.0000 (0.0000) spf_private_norm 0.0004 (0.0004) spf_private_orth_ratio 0.0000 (0.0000) lr 1.0000e-03 eta 0:00:00 user 1
epoch [1/1] batch [2/2] time 0.190 (0.433) data 0.000 (0.300) loss 0.2969 (0.2396) acc 93.7500 (96.8750) spf_gamma 0.0500 (0.0500) spf_rank 8.0000 (8.0000) spf_shared_loss 0.0003 (0.0003) spf_private_loss 0.0000 (0.0000) spf_private_norm 0.0004 (0.0004) spf_private_orth_ratio 0.0000 (0.0000) lr 1.0000e-03 eta 0:00:00 user 1
Finish training: 1 user
Deploy the last-epoch model
1 User, Elapsed: 0:00:01
epoch [1/1] batch [1/2] time 0.691 (0.691) data 0.604 (0.604) loss 0.1334 (0.1334) acc 100.0000 (100.0000) spf_gamma 0.0500 (0.0500) spf_rank 8.0000 (8.0000) spf_shared_loss 0.0003 (0.0003) spf_private_loss 0.0000 (0.0000) spf_private_norm 0.0004 (0.0004) spf_private_orth_ratio 0.0000 (0.0000) lr 1.0000e-03 eta 0:00:00 user 2
epoch [1/1] batch [2/2] time 0.080 (0.386) data 0.004 (0.304) loss 0.3047 (0.2191) acc 87.5000 (93.7500) spf_gamma 0.0500 (0.0500) spf_rank 8.0000 (8.0000) spf_shared_loss 0.0003 (0.0003) spf_private_loss 0.0000 (0.0000) spf_private_norm 0.0004 (0.0004) spf_private_orth_ratio 0.0000 (0.0000) lr 1.0000e-03 eta 0:00:00 user 2
Finish training: 2 user
Deploy the last-epoch model
2 User, Elapsed: 0:00:01
epoch [1/1] batch [1/2] time 0.754 (0.754) data 0.583 (0.583) loss 0.1319 (0.1319) acc 96.8750 (96.8750) spf_gamma 0.0500 (0.0500) spf_rank 8.0000 (8.0000) spf_shared_loss 0.0003 (0.0003) spf_private_loss 0.0000 (0.0000) spf_private_norm 0.0004 (0.0004) spf_private_orth_ratio 0.0000 (0.0000) lr 1.0000e-03 eta 0:00:00 user 3
epoch [1/1] batch [2/2] time 0.143 (0.449) data 0.000 (0.292) loss 0.1086 (0.1202) acc 96.8750 (96.8750) spf_gamma 0.0500 (0.0500) spf_rank 8.0000 (8.0000) spf_shared_loss 0.0003 (0.0003) spf_private_loss 0.0000 (0.0000) spf_private_norm 0.0004 (0.0004) spf_private_orth_ratio 0.0000 (0.0000) lr 1.0000e-03 eta 0:00:00 user 3
Finish training: 3 user
Deploy the last-epoch model
3 User, Elapsed: 0:00:01
epoch [1/1] batch [1/2] time 0.741 (0.741) data 0.665 (0.665) loss 0.3882 (0.3882) acc 84.3750 (84.3750) spf_gamma 0.0500 (0.0500) spf_rank 8.0000 (8.0000) spf_shared_loss 0.0003 (0.0003) spf_private_loss 0.0000 (0.0000) spf_private_norm 0.0004 (0.0004) spf_private_orth_ratio 0.0000 (0.0000) lr 1.0000e-03 eta 0:00:00 user 4
epoch [1/1] batch [2/2] time 0.072 (0.407) data 0.000 (0.333) loss 0.4370 (0.4126) acc 81.2500 (82.8125) spf_gamma 0.0500 (0.0500) spf_rank 8.0000 (8.0000) spf_shared_loss 0.0003 (0.0003) spf_private_loss 0.0000 (0.0000) spf_private_norm 0.0004 (0.0004) spf_private_orth_ratio 0.0000 (0.0000) lr 1.0000e-03 eta 0:00:00 user 4
Finish training: 4 user
Deploy the last-epoch model
4 User, Elapsed: 0:00:01
epoch [1/1] batch [1/2] time 0.690 (0.690) data 0.613 (0.613) loss 0.0516 (0.0516) acc 100.0000 (100.0000) spf_gamma 0.0500 (0.0500) spf_rank 8.0000 (8.0000) spf_shared_loss 0.0003 (0.0003) spf_private_loss 0.0000 (0.0000) spf_private_norm 0.0004 (0.0004) spf_private_orth_ratio 0.0000 (0.0000) lr 1.0000e-03 eta 0:00:00 user 5
epoch [1/1] batch [2/2] time 0.072 (0.381) data 0.000 (0.306) loss 0.1341 (0.0928) acc 96.8750 (98.4375) spf_gamma 0.0500 (0.0500) spf_rank 8.0000 (8.0000) spf_shared_loss 0.0003 (0.0003) spf_private_loss 0.0000 (0.0000) spf_private_norm 0.0004 (0.0004) spf_private_orth_ratio 0.0000 (0.0000) lr 1.0000e-03 eta 0:00:00 user 5
Finish training: 5 user
Deploy the last-epoch model
5 User, Elapsed: 0:00:01
epoch [1/1] batch [1/2] time 0.646 (0.646) data 0.567 (0.567) loss 0.3626 (0.3626) acc 87.5000 (87.5000) spf_gamma 0.0500 (0.0500) spf_rank 8.0000 (8.0000) spf_shared_loss 0.0003 (0.0003) spf_private_loss 0.0000 (0.0000) spf_private_norm 0.0004 (0.0004) spf_private_orth_ratio 0.0000 (0.0000) lr 1.0000e-03 eta 0:00:00 user 6
epoch [1/1] batch [2/2] time 0.076 (0.361) data 0.000 (0.283) loss 0.2652 (0.3139) acc 90.6250 (89.0625) spf_gamma 0.0500 (0.0500) spf_rank 8.0000 (8.0000) spf_shared_loss 0.0003 (0.0003) spf_private_loss 0.0000 (0.0000) spf_private_norm 0.0004 (0.0004) spf_private_orth_ratio 0.0000 (0.0000) lr 1.0000e-03 eta 0:00:00 user 6
Finish training: 6 user
Deploy the last-epoch model
6 User, Elapsed: 0:00:01
epoch [1/1] batch [1/2] time 0.769 (0.769) data 0.696 (0.696) loss 0.2359 (0.2359) acc 93.7500 (93.7500) spf_gamma 0.0500 (0.0500) spf_rank 8.0000 (8.0000) spf_shared_loss 0.0003 (0.0003) spf_private_loss 0.0000 (0.0000) spf_private_norm 0.0004 (0.0004) spf_private_orth_ratio 0.0000 (0.0000) lr 1.0000e-03 eta 0:00:00 user 7
epoch [1/1] batch [2/2] time 0.072 (0.421) data 0.000 (0.348) loss 0.1073 (0.1716) acc 96.8750 (95.3125) spf_gamma 0.0500 (0.0500) spf_rank 8.0000 (8.0000) spf_shared_loss 0.0003 (0.0003) spf_private_loss 0.0000 (0.0000) spf_private_norm 0.0004 (0.0004) spf_private_orth_ratio 0.0000 (0.0000) lr 1.0000e-03 eta 0:00:00 user 7
Finish training: 7 user
Deploy the last-epoch model
7 User, Elapsed: 0:00:01
epoch [1/1] batch [1/2] time 0.766 (0.766) data 0.660 (0.660) loss 0.4409 (0.4409) acc 84.3750 (84.3750) spf_gamma 0.0500 (0.0500) spf_rank 8.0000 (8.0000) spf_shared_loss 0.0003 (0.0003) spf_private_loss 0.0000 (0.0000) spf_private_norm 0.0004 (0.0004) spf_private_orth_ratio 0.0000 (0.0000) lr 1.0000e-03 eta 0:00:00 user 8
epoch [1/1] batch [2/2] time 0.197 (0.481) data 0.000 (0.330) loss 0.4651 (0.4530) acc 87.5000 (85.9375) spf_gamma 0.0500 (0.0500) spf_rank 8.0000 (8.0000) spf_shared_loss 0.0003 (0.0003) spf_private_loss 0.0000 (0.0000) spf_private_norm 0.0004 (0.0004) spf_private_orth_ratio 0.0000 (0.0000) lr 1.0000e-03 eta 0:00:00 user 8
Finish training: 8 user
Deploy the last-epoch model
8 User, Elapsed: 0:00:01
epoch [1/1] batch [1/1] time 0.696 (0.696) data 0.611 (0.611) loss 0.0284 (0.0284) acc 100.0000 (100.0000) spf_gamma 0.0500 (0.0500) spf_rank 8.0000 (8.0000) spf_shared_loss 0.0003 (0.0003) spf_private_loss 0.0000 (0.0000) spf_private_norm 0.0004 (0.0004) spf_private_orth_ratio 0.0000 (0.0000) lr 1.0000e-03 eta 0:00:00 user 9
Finish training: 9 user
Deploy the last-epoch model
9 User, Elapsed: 0:00:01
------------local train finish epoch: 25 -------------
------------local test start-------------
Evaluate on the client0_test set
  0%|          | 0/2 [00:00<?, ?it/s] 50%|█████     | 1/2 [00:01<00:01,  1.33s/it]100%|██████████| 2/2 [00:01<00:00,  1.33it/s]
=> result
* total: 180
* correct: 164
* accuracy: 91.1%
* error: 8.9%
* macro_f1: 91.6%
Evaluate on the client1_test set
  0%|          | 0/2 [00:00<?, ?it/s] 50%|█████     | 1/2 [00:01<00:01,  1.34s/it]100%|██████████| 2/2 [00:01<00:00,  1.32it/s]
=> result
* total: 180
* correct: 168
* accuracy: 93.3%
* error: 6.7%
* macro_f1: 94.0%
Evaluate on the client2_test set
  0%|          | 0/2 [00:00<?, ?it/s] 50%|█████     | 1/2 [00:01<00:01,  1.34s/it]100%|██████████| 2/2 [00:01<00:00,  1.32it/s]
=> result
* total: 180
* correct: 155
* accuracy: 86.1%
* error: 13.9%
* macro_f1: 85.7%
Evaluate on the client3_test set
  0%|          | 0/2 [00:00<?, ?it/s] 50%|█████     | 1/2 [00:01<00:01,  1.33s/it]100%|██████████| 2/2 [00:01<00:00,  1.32it/s]
=> result
* total: 180
* correct: 164
* accuracy: 91.1%
* error: 8.9%
* macro_f1: 91.0%
Evaluate on the client4_test set
  0%|          | 0/2 [00:00<?, ?it/s] 50%|█████     | 1/2 [00:01<00:01,  1.48s/it]100%|██████████| 2/2 [00:01<00:00,  1.21it/s]
=> result
* total: 180
* correct: 155
* accuracy: 86.1%
* error: 13.9%
* macro_f1: 86.2%
Evaluate on the client5_test set
  0%|          | 0/2 [00:00<?, ?it/s] 50%|█████     | 1/2 [00:01<00:01,  1.33s/it]100%|██████████| 2/2 [00:01<00:00,  1.34it/s]
=> result
* total: 180
* correct: 170
* accuracy: 94.4%
* error: 5.6%
* macro_f1: 94.9%
Evaluate on the client6_test set
  0%|          | 0/2 [00:00<?, ?it/s] 50%|█████     | 1/2 [00:01<00:01,  1.36s/it]100%|██████████| 2/2 [00:01<00:00,  1.30it/s]
=> result
* total: 180
* correct: 167
* accuracy: 92.8%
* error: 7.2%
* macro_f1: 92.8%
Evaluate on the client7_test set
  0%|          | 0/2 [00:00<?, ?it/s] 50%|█████     | 1/2 [00:01<00:01,  1.38s/it]100%|██████████| 2/2 [00:01<00:00,  1.29it/s]
=> result
* total: 180
* correct: 167
* accuracy: 92.8%
* error: 7.2%
* macro_f1: 93.5%
Evaluate on the client8_test set
  0%|          | 0/2 [00:00<?, ?it/s] 50%|█████     | 1/2 [00:01<00:01,  1.45s/it]100%|██████████| 2/2 [00:01<00:00,  1.23it/s]
=> result
* total: 180
* correct: 143
* accuracy: 79.4%
* error: 20.6%
* macro_f1: 78.8%
Evaluate on the client9_test set
  0%|          | 0/1 [00:00<?, ?it/s]100%|██████████| 1/1 [00:01<00:00,  1.10s/it]100%|██████████| 1/1 [00:01<00:00,  1.19s/it]=> result
* total: 72
* correct: 70
* accuracy: 97.2%
* error: 2.8%
* macro_f1: 97.2%
0 --Local test acc: 91.11111111111111
1 --Local test acc: 93.33333333333333
2 --Local test acc: 86.11111111111111
3 --Local test acc: 91.11111111111111
4 --Local test acc: 86.11111111111111
5 --Local test acc: 94.44444444444444
6 --Local test acc: 92.77777777777777
7 --Local test acc: 92.77777777777777
8 --Local test acc: 79.44444444444444
9 --Local test acc: 97.22222222222223
--Global test acc: 90.44444444444446
Epoch:25
------------local test finish-------------
idxs_users [0, 1, 2, 3, 4, 5, 6, 7, 8, 9]
------------local train start epoch: 26 -------------

epoch [1/1] batch [1/2] time 0.710 (0.710) data 0.634 (0.634) loss 0.2300 (0.2300) acc 90.6250 (90.6250) spf_gamma 0.0500 (0.0500) spf_rank 8.0000 (8.0000) spf_shared_loss 0.0003 (0.0003) spf_private_loss 0.0000 (0.0000) spf_private_norm 0.0004 (0.0004) spf_private_orth_ratio 0.0000 (0.0000) lr 1.0000e-03 eta 0:00:00 user 0
epoch [1/1] batch [2/2] time 0.072 (0.391) data 0.000 (0.317) loss 0.0963 (0.1631) acc 96.8750 (93.7500) spf_gamma 0.0500 (0.0500) spf_rank 8.0000 (8.0000) spf_shared_loss 0.0003 (0.0003) spf_private_loss 0.0000 (0.0000) spf_private_norm 0.0004 (0.0004) spf_private_orth_ratio 0.0000 (0.0000) lr 1.0000e-03 eta 0:00:00 user 0
Finish training: 0 user
Deploy the last-epoch model
0 User, Elapsed: 0:00:01
epoch [1/1] batch [1/2] time 0.832 (0.832) data 0.661 (0.661) loss 0.2766 (0.2766) acc 96.8750 (96.8750) spf_gamma 0.0500 (0.0500) spf_rank 8.0000 (8.0000) spf_shared_loss 0.0003 (0.0003) spf_private_loss 0.0000 (0.0000) spf_private_norm 0.0004 (0.0004) spf_private_orth_ratio 0.0000 (0.0000) lr 1.0000e-03 eta 0:00:00 user 1
epoch [1/1] batch [2/2] time 0.165 (0.498) data 0.000 (0.330) loss 0.1437 (0.2102) acc 100.0000 (98.4375) spf_gamma 0.0500 (0.0500) spf_rank 8.0000 (8.0000) spf_shared_loss 0.0003 (0.0003) spf_private_loss 0.0000 (0.0000) spf_private_norm 0.0004 (0.0004) spf_private_orth_ratio 0.0000 (0.0000) lr 1.0000e-03 eta 0:00:00 user 1
Finish training: 1 user
Deploy the last-epoch model
1 User, Elapsed: 0:00:01
epoch [1/1] batch [1/2] time 0.717 (0.717) data 0.639 (0.639) loss 0.1759 (0.1759) acc 93.7500 (93.7500) spf_gamma 0.0500 (0.0500) spf_rank 8.0000 (8.0000) spf_shared_loss 0.0003 (0.0003) spf_private_loss 0.0000 (0.0000) spf_private_norm 0.0004 (0.0004) spf_private_orth_ratio 0.0000 (0.0000) lr 1.0000e-03 eta 0:00:00 user 2
epoch [1/1] batch [2/2] time 0.076 (0.396) data 0.000 (0.320) loss 0.2046 (0.1903) acc 93.7500 (93.7500) spf_gamma 0.0500 (0.0500) spf_rank 8.0000 (8.0000) spf_shared_loss 0.0003 (0.0003) spf_private_loss 0.0000 (0.0000) spf_private_norm 0.0004 (0.0004) spf_private_orth_ratio 0.0000 (0.0000) lr 1.0000e-03 eta 0:00:00 user 2
Finish training: 2 user
Deploy the last-epoch model
2 User, Elapsed: 0:00:01
epoch [1/1] batch [1/2] time 0.689 (0.689) data 0.608 (0.608) loss 0.1045 (0.1045) acc 96.8750 (96.8750) spf_gamma 0.0500 (0.0500) spf_rank 8.0000 (8.0000) spf_shared_loss 0.0003 (0.0003) spf_private_loss 0.0000 (0.0000) spf_private_norm 0.0004 (0.0004) spf_private_orth_ratio 0.0000 (0.0000) lr 1.0000e-03 eta 0:00:00 user 3
epoch [1/1] batch [2/2] time 0.082 (0.386) data 0.000 (0.304) loss 0.0562 (0.0803) acc 100.0000 (98.4375) spf_gamma 0.0500 (0.0500) spf_rank 8.0000 (8.0000) spf_shared_loss 0.0003 (0.0003) spf_private_loss 0.0000 (0.0000) spf_private_norm 0.0004 (0.0004) spf_private_orth_ratio 0.0000 (0.0000) lr 1.0000e-03 eta 0:00:00 user 3
Finish training: 3 user
Deploy the last-epoch model
3 User, Elapsed: 0:00:01
epoch [1/1] batch [1/2] time 0.697 (0.697) data 0.620 (0.620) loss 0.3296 (0.3296) acc 90.6250 (90.6250) spf_gamma 0.0500 (0.0500) spf_rank 8.0000 (8.0000) spf_shared_loss 0.0003 (0.0003) spf_private_loss 0.0000 (0.0000) spf_private_norm 0.0004 (0.0004) spf_private_orth_ratio 0.0000 (0.0000) lr 1.0000e-03 eta 0:00:00 user 4
epoch [1/1] batch [2/2] time 0.077 (0.387) data 0.000 (0.310) loss 0.3645 (0.3471) acc 84.3750 (87.5000) spf_gamma 0.0500 (0.0500) spf_rank 8.0000 (8.0000) spf_shared_loss 0.0003 (0.0003) spf_private_loss 0.0000 (0.0000) spf_private_norm 0.0004 (0.0004) spf_private_orth_ratio 0.0000 (0.0000) lr 1.0000e-03 eta 0:00:00 user 4
Finish training: 4 user
Deploy the last-epoch model
4 User, Elapsed: 0:00:01
epoch [1/1] batch [1/2] time 0.694 (0.694) data 0.602 (0.602) loss 0.0752 (0.0752) acc 100.0000 (100.0000) spf_gamma 0.0500 (0.0500) spf_rank 8.0000 (8.0000) spf_shared_loss 0.0003 (0.0003) spf_private_loss 0.0000 (0.0000) spf_private_norm 0.0004 (0.0004) spf_private_orth_ratio 0.0000 (0.0000) lr 1.0000e-03 eta 0:00:00 user 5
epoch [1/1] batch [2/2] time 0.073 (0.383) data 0.000 (0.301) loss 0.0571 (0.0661) acc 100.0000 (100.0000) spf_gamma 0.0500 (0.0500) spf_rank 8.0000 (8.0000) spf_shared_loss 0.0003 (0.0003) spf_private_loss 0.0000 (0.0000) spf_private_norm 0.0004 (0.0004) spf_private_orth_ratio 0.0000 (0.0000) lr 1.0000e-03 eta 0:00:00 user 5
Finish training: 5 user
Deploy the last-epoch model
5 User, Elapsed: 0:00:01
epoch [1/1] batch [1/2] time 0.866 (0.866) data 0.661 (0.661) loss 0.1886 (0.1886) acc 96.8750 (96.8750) spf_gamma 0.0500 (0.0500) spf_rank 8.0000 (8.0000) spf_shared_loss 0.0003 (0.0003) spf_private_loss 0.0000 (0.0000) spf_private_norm 0.0004 (0.0004) spf_private_orth_ratio 0.0000 (0.0000) lr 1.0000e-03 eta 0:00:00 user 6
epoch [1/1] batch [2/2] time 0.163 (0.515) data 0.000 (0.330) loss 0.4053 (0.2970) acc 87.5000 (92.1875) spf_gamma 0.0500 (0.0500) spf_rank 8.0000 (8.0000) spf_shared_loss 0.0003 (0.0003) spf_private_loss 0.0000 (0.0000) spf_private_norm 0.0004 (0.0004) spf_private_orth_ratio 0.0000 (0.0000) lr 1.0000e-03 eta 0:00:00 user 6
Finish training: 6 user
Deploy the last-epoch model
6 User, Elapsed: 0:00:01
epoch [1/1] batch [1/2] time 0.837 (0.837) data 0.758 (0.758) loss 0.1132 (0.1132) acc 100.0000 (100.0000) spf_gamma 0.0500 (0.0500) spf_rank 8.0000 (8.0000) spf_shared_loss 0.0003 (0.0003) spf_private_loss 0.0000 (0.0000) spf_private_norm 0.0004 (0.0004) spf_private_orth_ratio 0.0000 (0.0000) lr 1.0000e-03 eta 0:00:00 user 7
epoch [1/1] batch [2/2] time 0.072 (0.455) data 0.000 (0.379) loss 0.2000 (0.1566) acc 93.7500 (96.8750) spf_gamma 0.0500 (0.0500) spf_rank 8.0000 (8.0000) spf_shared_loss 0.0003 (0.0003) spf_private_loss 0.0000 (0.0000) spf_private_norm 0.0004 (0.0004) spf_private_orth_ratio 0.0000 (0.0000) lr 1.0000e-03 eta 0:00:00 user 7
Finish training: 7 user
Deploy the last-epoch model
7 User, Elapsed: 0:00:01
epoch [1/1] batch [1/2] time 0.675 (0.675) data 0.601 (0.601) loss 0.4519 (0.4519) acc 93.7500 (93.7500) spf_gamma 0.0500 (0.0500) spf_rank 8.0000 (8.0000) spf_shared_loss 0.0003 (0.0003) spf_private_loss 0.0000 (0.0000) spf_private_norm 0.0004 (0.0004) spf_private_orth_ratio 0.0000 (0.0000) lr 1.0000e-03 eta 0:00:00 user 8
epoch [1/1] batch [2/2] time 0.072 (0.374) data 0.000 (0.301) loss 0.2661 (0.3590) acc 87.5000 (90.6250) spf_gamma 0.0500 (0.0500) spf_rank 8.0000 (8.0000) spf_shared_loss 0.0003 (0.0003) spf_private_loss 0.0000 (0.0000) spf_private_norm 0.0004 (0.0004) spf_private_orth_ratio 0.0000 (0.0000) lr 1.0000e-03 eta 0:00:00 user 8
Finish training: 8 user
Deploy the last-epoch model
8 User, Elapsed: 0:00:01
epoch [1/1] batch [1/1] time 0.659 (0.659) data 0.580 (0.580) loss 0.0337 (0.0337) acc 100.0000 (100.0000) spf_gamma 0.0500 (0.0500) spf_rank 8.0000 (8.0000) spf_shared_loss 0.0003 (0.0003) spf_private_loss 0.0000 (0.0000) spf_private_norm 0.0004 (0.0004) spf_private_orth_ratio 0.0000 (0.0000) lr 1.0000e-03 eta 0:00:00 user 9
Finish training: 9 user
Deploy the last-epoch model
9 User, Elapsed: 0:00:01
------------local train finish epoch: 26 -------------
------------local test start-------------
Evaluate on the client0_test set
  0%|          | 0/2 [00:00<?, ?it/s] 50%|█████     | 1/2 [00:01<00:01,  1.29s/it]100%|██████████| 2/2 [00:01<00:00,  1.37it/s]
=> result
* total: 180
* correct: 166
* accuracy: 92.2%
* error: 7.8%
* macro_f1: 92.4%
Evaluate on the client1_test set
  0%|          | 0/2 [00:00<?, ?it/s] 50%|█████     | 1/2 [00:01<00:01,  1.35s/it]100%|██████████| 2/2 [00:01<00:00,  1.31it/s]
=> result
* total: 180
* correct: 168
* accuracy: 93.3%
* error: 6.7%
* macro_f1: 94.0%
Evaluate on the client2_test set
  0%|          | 0/2 [00:00<?, ?it/s] 50%|█████     | 1/2 [00:01<00:01,  1.36s/it]100%|██████████| 2/2 [00:01<00:00,  1.31it/s]
=> result
* total: 180
* correct: 151
* accuracy: 83.9%
* error: 16.1%
* macro_f1: 83.9%
Evaluate on the client3_test set
  0%|          | 0/2 [00:00<?, ?it/s] 50%|█████     | 1/2 [00:01<00:01,  1.32s/it]100%|██████████| 2/2 [00:01<00:00,  1.34it/s]
=> result
* total: 180
* correct: 165
* accuracy: 91.7%
* error: 8.3%
* macro_f1: 92.4%
Evaluate on the client4_test set
  0%|          | 0/2 [00:00<?, ?it/s] 50%|█████     | 1/2 [00:01<00:01,  1.30s/it]100%|██████████| 2/2 [00:01<00:00,  1.36it/s]
=> result
* total: 180
* correct: 156
* accuracy: 86.7%
* error: 13.3%
* macro_f1: 86.9%
Evaluate on the client5_test set
  0%|          | 0/2 [00:00<?, ?it/s] 50%|█████     | 1/2 [00:01<00:01,  1.44s/it]100%|██████████| 2/2 [00:01<00:00,  1.46it/s]100%|██████████| 2/2 [00:01<00:00,  1.17it/s]
=> result
* total: 180
* correct: 169
* accuracy: 93.9%
* error: 6.1%
* macro_f1: 94.4%
Evaluate on the client6_test set
  0%|          | 0/2 [00:00<?, ?it/s] 50%|█████     | 1/2 [00:01<00:01,  1.39s/it]100%|██████████| 2/2 [00:01<00:00,  1.28it/s]
=> result
* total: 180
* correct: 169
* accuracy: 93.9%
* error: 6.1%
* macro_f1: 94.2%
Evaluate on the client7_test set
  0%|          | 0/2 [00:00<?, ?it/s] 50%|█████     | 1/2 [00:01<00:01,  1.41s/it]100%|██████████| 2/2 [00:01<00:00,  1.26it/s]
=> result
* total: 180
* correct: 169
* accuracy: 93.9%
* error: 6.1%
* macro_f1: 93.9%
Evaluate on the client8_test set
  0%|          | 0/2 [00:00<?, ?it/s] 50%|█████     | 1/2 [00:01<00:01,  1.38s/it]100%|██████████| 2/2 [00:01<00:00,  1.30it/s]
=> result
* total: 180
* correct: 151
* accuracy: 83.9%
* error: 16.1%
* macro_f1: 83.8%
Evaluate on the client9_test set
  0%|          | 0/1 [00:00<?, ?it/s]100%|██████████| 1/1 [00:01<00:00,  1.02s/it]100%|██████████| 1/1 [00:01<00:00,  1.11s/it]=> result
* total: 72
* correct: 70
* accuracy: 97.2%
* error: 2.8%
* macro_f1: 97.2%
0 --Local test acc: 92.22222222222223
1 --Local test acc: 93.33333333333333
2 --Local test acc: 83.88888888888889
3 --Local test acc: 91.66666666666667
4 --Local test acc: 86.66666666666667
5 --Local test acc: 93.88888888888889
6 --Local test acc: 93.88888888888889
7 --Local test acc: 93.88888888888889
8 --Local test acc: 83.88888888888889
9 --Local test acc: 97.22222222222223
--Global test acc: 91.05555555555557
Epoch:26
------------local test finish-------------
idxs_users [0, 1, 2, 3, 4, 5, 6, 7, 8, 9]
------------local train start epoch: 27 -------------

epoch [1/1] batch [1/2] time 0.707 (0.707) data 0.626 (0.626) loss 0.2213 (0.2213) acc 90.6250 (90.6250) spf_gamma 0.0500 (0.0500) spf_rank 8.0000 (8.0000) spf_shared_loss 0.0003 (0.0003) spf_private_loss 0.0000 (0.0000) spf_private_norm 0.0004 (0.0004) spf_private_orth_ratio 0.0000 (0.0000) lr 1.0000e-03 eta 0:00:00 user 0
epoch [1/1] batch [2/2] time 0.075 (0.391) data 0.000 (0.313) loss 0.0588 (0.1401) acc 100.0000 (95.3125) spf_gamma 0.0500 (0.0500) spf_rank 8.0000 (8.0000) spf_shared_loss 0.0003 (0.0003) spf_private_loss 0.0000 (0.0000) spf_private_norm 0.0004 (0.0004) spf_private_orth_ratio 0.0000 (0.0000) lr 1.0000e-03 eta 0:00:00 user 0
Finish training: 0 user
Deploy the last-epoch model
0 User, Elapsed: 0:00:01
epoch [1/1] batch [1/2] time 0.730 (0.730) data 0.647 (0.647) loss 0.0869 (0.0869) acc 100.0000 (100.0000) spf_gamma 0.0500 (0.0500) spf_rank 8.0000 (8.0000) spf_shared_loss 0.0003 (0.0003) spf_private_loss 0.0000 (0.0000) spf_private_norm 0.0004 (0.0004) spf_private_orth_ratio 0.0000 (0.0000) lr 1.0000e-03 eta 0:00:00 user 1
epoch [1/1] batch [2/2] time 0.075 (0.402) data 0.000 (0.324) loss 0.1803 (0.1336) acc 96.8750 (98.4375) spf_gamma 0.0500 (0.0500) spf_rank 8.0000 (8.0000) spf_shared_loss 0.0003 (0.0003) spf_private_loss 0.0000 (0.0000) spf_private_norm 0.0004 (0.0004) spf_private_orth_ratio 0.0000 (0.0000) lr 1.0000e-03 eta 0:00:00 user 1
Finish training: 1 user
Deploy the last-epoch model
1 User, Elapsed: 0:00:01
epoch [1/1] batch [1/2] time 0.652 (0.652) data 0.571 (0.571) loss 0.2593 (0.2593) acc 93.7500 (93.7500) spf_gamma 0.0500 (0.0500) spf_rank 8.0000 (8.0000) spf_shared_loss 0.0003 (0.0003) spf_private_loss 0.0000 (0.0000) spf_private_norm 0.0004 (0.0004) spf_private_orth_ratio 0.0000 (0.0000) lr 1.0000e-03 eta 0:00:00 user 2
epoch [1/1] batch [2/2] time 0.076 (0.364) data 0.000 (0.285) loss 0.1544 (0.2069) acc 96.8750 (95.3125) spf_gamma 0.0500 (0.0500) spf_rank 8.0000 (8.0000) spf_shared_loss 0.0003 (0.0003) spf_private_loss 0.0000 (0.0000) spf_private_norm 0.0004 (0.0004) spf_private_orth_ratio 0.0000 (0.0000) lr 1.0000e-03 eta 0:00:00 user 2
Finish training: 2 user
Deploy the last-epoch model
2 User, Elapsed: 0:00:01
epoch [1/1] batch [1/2] time 0.684 (0.684) data 0.604 (0.604) loss 0.0637 (0.0637) acc 100.0000 (100.0000) spf_gamma 0.0500 (0.0500) spf_rank 8.0000 (8.0000) spf_shared_loss 0.0003 (0.0003) spf_private_loss 0.0000 (0.0000) spf_private_norm 0.0004 (0.0004) spf_private_orth_ratio 0.0000 (0.0000) lr 1.0000e-03 eta 0:00:00 user 3
epoch [1/1] batch [2/2] time 0.077 (0.381) data 0.000 (0.302) loss 0.1013 (0.0825) acc 100.0000 (100.0000) spf_gamma 0.0500 (0.0500) spf_rank 8.0000 (8.0000) spf_shared_loss 0.0003 (0.0003) spf_private_loss 0.0000 (0.0000) spf_private_norm 0.0004 (0.0004) spf_private_orth_ratio 0.0000 (0.0000) lr 1.0000e-03 eta 0:00:00 user 3
Finish training: 3 user
Deploy the last-epoch model
3 User, Elapsed: 0:00:01
epoch [1/1] batch [1/2] time 0.728 (0.728) data 0.593 (0.593) loss 0.1737 (0.1737) acc 96.8750 (96.8750) spf_gamma 0.0500 (0.0500) spf_rank 8.0000 (8.0000) spf_shared_loss 0.0003 (0.0003) spf_private_loss 0.0000 (0.0000) spf_private_norm 0.0004 (0.0004) spf_private_orth_ratio 0.0000 (0.0000) lr 1.0000e-03 eta 0:00:00 user 4
epoch [1/1] batch [2/2] time 0.196 (0.462) data 0.000 (0.297) loss 0.2154 (0.1945) acc 90.6250 (93.7500) spf_gamma 0.0500 (0.0500) spf_rank 8.0000 (8.0000) spf_shared_loss 0.0003 (0.0003) spf_private_loss 0.0000 (0.0000) spf_private_norm 0.0004 (0.0004) spf_private_orth_ratio 0.0000 (0.0000) lr 1.0000e-03 eta 0:00:00 user 4
Finish training: 4 user
Deploy the last-epoch model
4 User, Elapsed: 0:00:01
epoch [1/1] batch [1/2] time 0.689 (0.689) data 0.597 (0.597) loss 0.0653 (0.0653) acc 100.0000 (100.0000) spf_gamma 0.0500 (0.0500) spf_rank 8.0000 (8.0000) spf_shared_loss 0.0003 (0.0003) spf_private_loss 0.0000 (0.0000) spf_private_norm 0.0004 (0.0004) spf_private_orth_ratio 0.0000 (0.0000) lr 1.0000e-03 eta 0:00:00 user 5
epoch [1/1] batch [2/2] time 0.079 (0.384) data 0.000 (0.299) loss 0.0575 (0.0614) acc 96.8750 (98.4375) spf_gamma 0.0500 (0.0500) spf_rank 8.0000 (8.0000) spf_shared_loss 0.0003 (0.0003) spf_private_loss 0.0000 (0.0000) spf_private_norm 0.0004 (0.0004) spf_private_orth_ratio 0.0000 (0.0000) lr 1.0000e-03 eta 0:00:00 user 5
Finish training: 5 user
Deploy the last-epoch model
5 User, Elapsed: 0:00:01
epoch [1/1] batch [1/2] time 0.698 (0.698) data 0.615 (0.615) loss 0.1204 (0.1204) acc 96.8750 (96.8750) spf_gamma 0.0500 (0.0500) spf_rank 8.0000 (8.0000) spf_shared_loss 0.0003 (0.0003) spf_private_loss 0.0000 (0.0000) spf_private_norm 0.0004 (0.0004) spf_private_orth_ratio 0.0000 (0.0000) lr 1.0000e-03 eta 0:00:00 user 6
epoch [1/1] batch [2/2] time 0.078 (0.388) data 0.000 (0.308) loss 0.2857 (0.2030) acc 90.6250 (93.7500) spf_gamma 0.0500 (0.0500) spf_rank 8.0000 (8.0000) spf_shared_loss 0.0003 (0.0003) spf_private_loss 0.0000 (0.0000) spf_private_norm 0.0004 (0.0004) spf_private_orth_ratio 0.0000 (0.0000) lr 1.0000e-03 eta 0:00:00 user 6
Finish training: 6 user
Deploy the last-epoch model
6 User, Elapsed: 0:00:01
epoch [1/1] batch [1/2] time 0.714 (0.714) data 0.639 (0.639) loss 0.2964 (0.2964) acc 93.7500 (93.7500) spf_gamma 0.0500 (0.0500) spf_rank 8.0000 (8.0000) spf_shared_loss 0.0003 (0.0003) spf_private_loss 0.0000 (0.0000) spf_private_norm 0.0004 (0.0004) spf_private_orth_ratio 0.0000 (0.0000) lr 1.0000e-03 eta 0:00:00 user 7
epoch [1/1] batch [2/2] time 0.078 (0.396) data 0.000 (0.319) loss 0.1341 (0.2152) acc 100.0000 (96.8750) spf_gamma 0.0500 (0.0500) spf_rank 8.0000 (8.0000) spf_shared_loss 0.0003 (0.0003) spf_private_loss 0.0000 (0.0000) spf_private_norm 0.0004 (0.0004) spf_private_orth_ratio 0.0000 (0.0000) lr 1.0000e-03 eta 0:00:00 user 7
Finish training: 7 user
Deploy the last-epoch model
7 User, Elapsed: 0:00:01
epoch [1/1] batch [1/2] time 0.700 (0.700) data 0.617 (0.617) loss 0.2316 (0.2316) acc 90.6250 (90.6250) spf_gamma 0.0500 (0.0500) spf_rank 8.0000 (8.0000) spf_shared_loss 0.0003 (0.0003) spf_private_loss 0.0000 (0.0000) spf_private_norm 0.0004 (0.0004) spf_private_orth_ratio 0.0000 (0.0000) lr 1.0000e-03 eta 0:00:00 user 8
epoch [1/1] batch [2/2] time 0.077 (0.389) data 0.000 (0.308) loss 0.2669 (0.2492) acc 93.7500 (92.1875) spf_gamma 0.0500 (0.0500) spf_rank 8.0000 (8.0000) spf_shared_loss 0.0003 (0.0003) spf_private_loss 0.0000 (0.0000) spf_private_norm 0.0004 (0.0004) spf_private_orth_ratio 0.0000 (0.0000) lr 1.0000e-03 eta 0:00:00 user 8
Finish training: 8 user
Deploy the last-epoch model
8 User, Elapsed: 0:00:01
epoch [1/1] batch [1/1] time 0.690 (0.690) data 0.611 (0.611) loss 0.0624 (0.0624) acc 96.8750 (96.8750) spf_gamma 0.0500 (0.0500) spf_rank 8.0000 (8.0000) spf_shared_loss 0.0003 (0.0003) spf_private_loss 0.0000 (0.0000) spf_private_norm 0.0004 (0.0004) spf_private_orth_ratio 0.0000 (0.0000) lr 1.0000e-03 eta 0:00:00 user 9
Finish training: 9 user
Deploy the last-epoch model
9 User, Elapsed: 0:00:01
------------local train finish epoch: 27 -------------
------------local test start-------------
Evaluate on the client0_test set
  0%|          | 0/2 [00:00<?, ?it/s] 50%|█████     | 1/2 [00:01<00:01,  1.33s/it]100%|██████████| 2/2 [00:01<00:00,  1.33it/s]
=> result
* total: 180
* correct: 161
* accuracy: 89.4%
* error: 10.6%
* macro_f1: 89.4%
Evaluate on the client1_test set
  0%|          | 0/2 [00:00<?, ?it/s] 50%|█████     | 1/2 [00:01<00:01,  1.42s/it]100%|██████████| 2/2 [00:01<00:00,  1.26it/s]
=> result
* total: 180
* correct: 167
* accuracy: 92.8%
* error: 7.2%
* macro_f1: 93.3%
Evaluate on the client2_test set
  0%|          | 0/2 [00:00<?, ?it/s] 50%|█████     | 1/2 [00:01<00:01,  1.33s/it]100%|██████████| 2/2 [00:01<00:00,  1.53it/s]100%|██████████| 2/2 [00:01<00:00,  1.24it/s]
=> result
* total: 180
* correct: 144
* accuracy: 80.0%
* error: 20.0%
* macro_f1: 79.2%
Evaluate on the client3_test set
  0%|          | 0/2 [00:00<?, ?it/s] 50%|█████     | 1/2 [00:01<00:01,  1.34s/it]100%|██████████| 2/2 [00:01<00:00,  1.33it/s]
=> result
* total: 180
* correct: 167
* accuracy: 92.8%
* error: 7.2%
* macro_f1: 92.8%
Evaluate on the client4_test set
  0%|          | 0/2 [00:00<?, ?it/s] 50%|█████     | 1/2 [00:01<00:01,  1.32s/it]100%|██████████| 2/2 [00:01<00:00,  1.35it/s]
=> result
* total: 180
* correct: 155
* accuracy: 86.1%
* error: 13.9%
* macro_f1: 86.3%
Evaluate on the client5_test set
  0%|          | 0/2 [00:00<?, ?it/s] 50%|█████     | 1/2 [00:01<00:01,  1.38s/it]100%|██████████| 2/2 [00:01<00:00,  1.52it/s]100%|██████████| 2/2 [00:01<00:00,  1.23it/s]
=> result
* total: 180
* correct: 169
* accuracy: 93.9%
* error: 6.1%
* macro_f1: 94.6%
Evaluate on the client6_test set
  0%|          | 0/2 [00:00<?, ?it/s] 50%|█████     | 1/2 [00:01<00:01,  1.44s/it]100%|██████████| 2/2 [00:01<00:00,  1.23it/s]
=> result
* total: 180
* correct: 168
* accuracy: 93.3%
* error: 6.7%
* macro_f1: 93.4%
Evaluate on the client7_test set
  0%|          | 0/2 [00:00<?, ?it/s] 50%|█████     | 1/2 [00:01<00:01,  1.47s/it]100%|██████████| 2/2 [00:01<00:00,  1.22it/s]
=> result
* total: 180
* correct: 169
* accuracy: 93.9%
* error: 6.1%
* macro_f1: 94.2%
Evaluate on the client8_test set
  0%|          | 0/2 [00:00<?, ?it/s] 50%|█████     | 1/2 [00:01<00:01,  1.33s/it]100%|██████████| 2/2 [00:01<00:00,  1.33it/s]
=> result
* total: 180
* correct: 150
* accuracy: 83.3%
* error: 16.7%
* macro_f1: 83.1%
Evaluate on the client9_test set
  0%|          | 0/1 [00:00<?, ?it/s]100%|██████████| 1/1 [00:01<00:00,  1.03s/it]100%|██████████| 1/1 [00:01<00:00,  1.10s/it]=> result
* total: 72
* correct: 69
* accuracy: 95.8%
* error: 4.2%
* macro_f1: 95.8%
0 --Local test acc: 89.44444444444444
1 --Local test acc: 92.77777777777777
2 --Local test acc: 80.0
3 --Local test acc: 92.77777777777777
4 --Local test acc: 86.11111111111111
5 --Local test acc: 93.88888888888889
6 --Local test acc: 93.33333333333333
7 --Local test acc: 93.88888888888889
8 --Local test acc: 83.33333333333333
9 --Local test acc: 95.83333333333333
--Global test acc: 90.1388888888889
Epoch:27
------------local test finish-------------
idxs_users [0, 1, 2, 3, 4, 5, 6, 7, 8, 9]
------------local train start epoch: 28 -------------

epoch [1/1] batch [1/2] time 0.691 (0.691) data 0.617 (0.617) loss 0.1119 (0.1119) acc 96.8750 (96.8750) spf_gamma 0.0500 (0.0500) spf_rank 8.0000 (8.0000) spf_shared_loss 0.0003 (0.0003) spf_private_loss 0.0000 (0.0000) spf_private_norm 0.0004 (0.0004) spf_private_orth_ratio 0.0000 (0.0000) lr 1.0000e-03 eta 0:00:00 user 0
epoch [1/1] batch [2/2] time 0.071 (0.381) data 0.000 (0.309) loss 0.0722 (0.0921) acc 96.8750 (96.8750) spf_gamma 0.0500 (0.0500) spf_rank 8.0000 (8.0000) spf_shared_loss 0.0003 (0.0003) spf_private_loss 0.0000 (0.0000) spf_private_norm 0.0004 (0.0004) spf_private_orth_ratio 0.0000 (0.0000) lr 1.0000e-03 eta 0:00:00 user 0
Finish training: 0 user
Deploy the last-epoch model
0 User, Elapsed: 0:00:01
epoch [1/1] batch [1/2] time 0.736 (0.736) data 0.664 (0.664) loss 0.1291 (0.1291) acc 93.7500 (93.7500) spf_gamma 0.0500 (0.0500) spf_rank 8.0000 (8.0000) spf_shared_loss 0.0003 (0.0003) spf_private_loss 0.0000 (0.0000) spf_private_norm 0.0004 (0.0004) spf_private_orth_ratio 0.0000 (0.0000) lr 1.0000e-03 eta 0:00:00 user 1
epoch [1/1] batch [2/2] time 0.072 (0.404) data 0.000 (0.332) loss 0.1021 (0.1156) acc 100.0000 (96.8750) spf_gamma 0.0500 (0.0500) spf_rank 8.0000 (8.0000) spf_shared_loss 0.0003 (0.0003) spf_private_loss 0.0000 (0.0000) spf_private_norm 0.0004 (0.0004) spf_private_orth_ratio 0.0000 (0.0000) lr 1.0000e-03 eta 0:00:00 user 1
Finish training: 1 user
Deploy the last-epoch model
1 User, Elapsed: 0:00:01
epoch [1/1] batch [1/2] time 0.650 (0.650) data 0.578 (0.578) loss 0.1742 (0.1742) acc 96.8750 (96.8750) spf_gamma 0.0500 (0.0500) spf_rank 8.0000 (8.0000) spf_shared_loss 0.0003 (0.0003) spf_private_loss 0.0000 (0.0000) spf_private_norm 0.0004 (0.0004) spf_private_orth_ratio 0.0000 (0.0000) lr 1.0000e-03 eta 0:00:00 user 2
epoch [1/1] batch [2/2] time 0.072 (0.361) data 0.000 (0.289) loss 0.3682 (0.2712) acc 87.5000 (92.1875) spf_gamma 0.0500 (0.0500) spf_rank 8.0000 (8.0000) spf_shared_loss 0.0003 (0.0003) spf_private_loss 0.0000 (0.0000) spf_private_norm 0.0004 (0.0004) spf_private_orth_ratio 0.0000 (0.0000) lr 1.0000e-03 eta 0:00:00 user 2
Finish training: 2 user
Deploy the last-epoch model
2 User, Elapsed: 0:00:01
epoch [1/1] batch [1/2] time 0.670 (0.670) data 0.591 (0.591) loss 0.0610 (0.0610) acc 100.0000 (100.0000) spf_gamma 0.0500 (0.0500) spf_rank 8.0000 (8.0000) spf_shared_loss 0.0003 (0.0003) spf_private_loss 0.0000 (0.0000) spf_private_norm 0.0004 (0.0004) spf_private_orth_ratio 0.0000 (0.0000) lr 1.0000e-03 eta 0:00:00 user 3
epoch [1/1] batch [2/2] time 0.072 (0.371) data 0.000 (0.296) loss 0.0268 (0.0439) acc 100.0000 (100.0000) spf_gamma 0.0500 (0.0500) spf_rank 8.0000 (8.0000) spf_shared_loss 0.0003 (0.0003) spf_private_loss 0.0000 (0.0000) spf_private_norm 0.0004 (0.0004) spf_private_orth_ratio 0.0000 (0.0000) lr 1.0000e-03 eta 0:00:00 user 3
Finish training: 3 user
Deploy the last-epoch model
3 User, Elapsed: 0:00:01
epoch [1/1] batch [1/2] time 0.651 (0.651) data 0.578 (0.578) loss 0.3513 (0.3513) acc 87.5000 (87.5000) spf_gamma 0.0500 (0.0500) spf_rank 8.0000 (8.0000) spf_shared_loss 0.0003 (0.0003) spf_private_loss 0.0000 (0.0000) spf_private_norm 0.0004 (0.0004) spf_private_orth_ratio 0.0000 (0.0000) lr 1.0000e-03 eta 0:00:00 user 4
epoch [1/1] batch [2/2] time 0.072 (0.361) data 0.000 (0.289) loss 0.3140 (0.3327) acc 90.6250 (89.0625) spf_gamma 0.0500 (0.0500) spf_rank 8.0000 (8.0000) spf_shared_loss 0.0003 (0.0003) spf_private_loss 0.0000 (0.0000) spf_private_norm 0.0004 (0.0004) spf_private_orth_ratio 0.0000 (0.0000) lr 1.0000e-03 eta 0:00:00 user 4
Finish training: 4 user
Deploy the last-epoch model
4 User, Elapsed: 0:00:01
epoch [1/1] batch [1/2] time 0.794 (0.794) data 0.720 (0.720) loss 0.0407 (0.0407) acc 100.0000 (100.0000) spf_gamma 0.0500 (0.0500) spf_rank 8.0000 (8.0000) spf_shared_loss 0.0003 (0.0003) spf_private_loss 0.0000 (0.0000) spf_private_norm 0.0004 (0.0004) spf_private_orth_ratio 0.0000 (0.0000) lr 1.0000e-03 eta 0:00:00 user 5
epoch [1/1] batch [2/2] time 0.078 (0.436) data 0.000 (0.360) loss 0.1167 (0.0787) acc 96.8750 (98.4375) spf_gamma 0.0500 (0.0500) spf_rank 8.0000 (8.0000) spf_shared_loss 0.0003 (0.0003) spf_private_loss 0.0000 (0.0000) spf_private_norm 0.0004 (0.0004) spf_private_orth_ratio 0.0000 (0.0000) lr 1.0000e-03 eta 0:00:00 user 5
Finish training: 5 user
Deploy the last-epoch model
5 User, Elapsed: 0:00:01
epoch [1/1] batch [1/2] time 0.838 (0.838) data 0.640 (0.640) loss 0.3943 (0.3943) acc 87.5000 (87.5000) spf_gamma 0.0500 (0.0500) spf_rank 8.0000 (8.0000) spf_shared_loss 0.0003 (0.0003) spf_private_loss 0.0000 (0.0000) spf_private_norm 0.0004 (0.0004) spf_private_orth_ratio 0.0000 (0.0000) lr 1.0000e-03 eta 0:00:00 user 6
epoch [1/1] batch [2/2] time 0.151 (0.494) data 0.000 (0.320) loss 0.2852 (0.3397) acc 90.6250 (89.0625) spf_gamma 0.0500 (0.0500) spf_rank 8.0000 (8.0000) spf_shared_loss 0.0003 (0.0003) spf_private_loss 0.0000 (0.0000) spf_private_norm 0.0004 (0.0004) spf_private_orth_ratio 0.0000 (0.0000) lr 1.0000e-03 eta 0:00:00 user 6
Finish training: 6 user
Deploy the last-epoch model
6 User, Elapsed: 0:00:01
epoch [1/1] batch [1/2] time 0.699 (0.699) data 0.622 (0.622) loss 0.1736 (0.1736) acc 93.7500 (93.7500) spf_gamma 0.0500 (0.0500) spf_rank 8.0000 (8.0000) spf_shared_loss 0.0003 (0.0003) spf_private_loss 0.0000 (0.0000) spf_private_norm 0.0004 (0.0004) spf_private_orth_ratio 0.0000 (0.0000) lr 1.0000e-03 eta 0:00:00 user 7
epoch [1/1] batch [2/2] time 0.077 (0.388) data 0.000 (0.311) loss 0.1490 (0.1613) acc 93.7500 (93.7500) spf_gamma 0.0500 (0.0500) spf_rank 8.0000 (8.0000) spf_shared_loss 0.0003 (0.0003) spf_private_loss 0.0000 (0.0000) spf_private_norm 0.0004 (0.0004) spf_private_orth_ratio 0.0000 (0.0000) lr 1.0000e-03 eta 0:00:00 user 7
Finish training: 7 user
Deploy the last-epoch model
7 User, Elapsed: 0:00:01
epoch [1/1] batch [1/2] time 0.699 (0.699) data 0.615 (0.615) loss 0.2625 (0.2625) acc 84.3750 (84.3750) spf_gamma 0.0500 (0.0500) spf_rank 8.0000 (8.0000) spf_shared_loss 0.0003 (0.0003) spf_private_loss 0.0000 (0.0000) spf_private_norm 0.0004 (0.0004) spf_private_orth_ratio 0.0000 (0.0000) lr 1.0000e-03 eta 0:00:00 user 8
epoch [1/1] batch [2/2] time 0.078 (0.389) data 0.000 (0.308) loss 0.4881 (0.3753) acc 81.2500 (82.8125) spf_gamma 0.0500 (0.0500) spf_rank 8.0000 (8.0000) spf_shared_loss 0.0003 (0.0003) spf_private_loss 0.0000 (0.0000) spf_private_norm 0.0004 (0.0004) spf_private_orth_ratio 0.0000 (0.0000) lr 1.0000e-03 eta 0:00:00 user 8
Finish training: 8 user
Deploy the last-epoch model
8 User, Elapsed: 0:00:01
epoch [1/1] batch [1/1] time 0.718 (0.718) data 0.640 (0.640) loss 0.0349 (0.0349) acc 100.0000 (100.0000) spf_gamma 0.0500 (0.0500) spf_rank 8.0000 (8.0000) spf_shared_loss 0.0003 (0.0003) spf_private_loss 0.0000 (0.0000) spf_private_norm 0.0004 (0.0004) spf_private_orth_ratio 0.0000 (0.0000) lr 1.0000e-03 eta 0:00:00 user 9
Finish training: 9 user
Deploy the last-epoch model
9 User, Elapsed: 0:00:01
------------local train finish epoch: 28 -------------
------------local test start-------------
Evaluate on the client0_test set
  0%|          | 0/2 [00:00<?, ?it/s] 50%|█████     | 1/2 [00:01<00:01,  1.31s/it]100%|██████████| 2/2 [00:01<00:00,  1.33it/s]
=> result
* total: 180
* correct: 168
* accuracy: 93.3%
* error: 6.7%
* macro_f1: 93.5%
Evaluate on the client1_test set
  0%|          | 0/2 [00:00<?, ?it/s] 50%|█████     | 1/2 [00:01<00:01,  1.38s/it]100%|██████████| 2/2 [00:01<00:00,  1.29it/s]
=> result
* total: 180
* correct: 170
* accuracy: 94.4%
* error: 5.6%
* macro_f1: 94.9%
Evaluate on the client2_test set
  0%|          | 0/2 [00:00<?, ?it/s] 50%|█████     | 1/2 [00:01<00:01,  1.31s/it]100%|██████████| 2/2 [00:01<00:00,  1.35it/s]
=> result
* total: 180
* correct: 160
* accuracy: 88.9%
* error: 11.1%
* macro_f1: 89.5%
Evaluate on the client3_test set
  0%|          | 0/2 [00:00<?, ?it/s] 50%|█████     | 1/2 [00:01<00:01,  1.39s/it]100%|██████████| 2/2 [00:01<00:00,  1.26it/s]
=> result
* total: 180
* correct: 168
* accuracy: 93.3%
* error: 6.7%
* macro_f1: 93.3%
Evaluate on the client4_test set
  0%|          | 0/2 [00:00<?, ?it/s] 50%|█████     | 1/2 [00:01<00:01,  1.28s/it]100%|██████████| 2/2 [00:01<00:00,  1.38it/s]
=> result
* total: 180
* correct: 157
* accuracy: 87.2%
* error: 12.8%
* macro_f1: 87.3%
Evaluate on the client5_test set
  0%|          | 0/2 [00:00<?, ?it/s] 50%|█████     | 1/2 [00:01<00:01,  1.28s/it]100%|██████████| 2/2 [00:01<00:00,  1.69it/s]100%|██████████| 2/2 [00:01<00:00,  1.34it/s]
=> result
* total: 180
* correct: 169
* accuracy: 93.9%
* error: 6.1%
* macro_f1: 94.4%
Evaluate on the client6_test set
  0%|          | 0/2 [00:00<?, ?it/s] 50%|█████     | 1/2 [00:01<00:01,  1.29s/it]100%|██████████| 2/2 [00:01<00:00,  1.36it/s]
=> result
* total: 180
* correct: 169
* accuracy: 93.9%
* error: 6.1%
* macro_f1: 94.2%
Evaluate on the client7_test set
  0%|          | 0/2 [00:00<?, ?it/s] 50%|█████     | 1/2 [00:01<00:01,  1.37s/it]100%|██████████| 2/2 [00:01<00:00,  1.29it/s]
=> result
* total: 180
* correct: 165
* accuracy: 91.7%
* error: 8.3%
* macro_f1: 91.9%
Evaluate on the client8_test set
  0%|          | 0/2 [00:00<?, ?it/s] 50%|█████     | 1/2 [00:01<00:01,  1.29s/it]100%|██████████| 2/2 [00:01<00:00,  1.60it/s]100%|██████████| 2/2 [00:01<00:00,  1.28it/s]
=> result
* total: 180
* correct: 156
* accuracy: 86.7%
* error: 13.3%
* macro_f1: 86.8%
Evaluate on the client9_test set
  0%|          | 0/1 [00:00<?, ?it/s]100%|██████████| 1/1 [00:00<00:00,  1.02it/s]100%|██████████| 1/1 [00:01<00:00,  1.06s/it]=> result
* total: 72
* correct: 70
* accuracy: 97.2%
* error: 2.8%
* macro_f1: 97.2%
0 --Local test acc: 93.33333333333333
1 --Local test acc: 94.44444444444444
2 --Local test acc: 88.88888888888889
3 --Local test acc: 93.33333333333333
4 --Local test acc: 87.22222222222223
5 --Local test acc: 93.88888888888889
6 --Local test acc: 93.88888888888889
7 --Local test acc: 91.66666666666667
8 --Local test acc: 86.66666666666667
9 --Local test acc: 97.22222222222223
--Global test acc: 92.05555555555554
Epoch:28
------------local test finish-------------
idxs_users [0, 1, 2, 3, 4, 5, 6, 7, 8, 9]
------------local train start epoch: 29 -------------

epoch [1/1] batch [1/2] time 0.660 (0.660) data 0.579 (0.579) loss 0.1267 (0.1267) acc 96.8750 (96.8750) spf_gamma 0.0500 (0.0500) spf_rank 8.0000 (8.0000) spf_shared_loss 0.0003 (0.0003) spf_private_loss 0.0000 (0.0000) spf_private_norm 0.0004 (0.0004) spf_private_orth_ratio 0.0000 (0.0000) lr 1.0000e-03 eta 0:00:00 user 0
epoch [1/1] batch [2/2] time 0.078 (0.369) data 0.000 (0.290) loss 0.0775 (0.1021) acc 96.8750 (96.8750) spf_gamma 0.0500 (0.0500) spf_rank 8.0000 (8.0000) spf_shared_loss 0.0003 (0.0003) spf_private_loss 0.0000 (0.0000) spf_private_norm 0.0004 (0.0004) spf_private_orth_ratio 0.0000 (0.0000) lr 1.0000e-03 eta 0:00:00 user 0
Finish training: 0 user
Deploy the last-epoch model
0 User, Elapsed: 0:00:01
epoch [1/1] batch [1/2] time 0.732 (0.732) data 0.628 (0.628) loss 0.3108 (0.3108) acc 93.7500 (93.7500) spf_gamma 0.0500 (0.0500) spf_rank 8.0000 (8.0000) spf_shared_loss 0.0003 (0.0003) spf_private_loss 0.0000 (0.0000) spf_private_norm 0.0004 (0.0004) spf_private_orth_ratio 0.0000 (0.0000) lr 1.0000e-03 eta 0:00:00 user 1
epoch [1/1] batch [2/2] time 0.199 (0.465) data 0.000 (0.314) loss 0.0680 (0.1894) acc 100.0000 (96.8750) spf_gamma 0.0500 (0.0500) spf_rank 8.0000 (8.0000) spf_shared_loss 0.0003 (0.0003) spf_private_loss 0.0000 (0.0000) spf_private_norm 0.0004 (0.0004) spf_private_orth_ratio 0.0000 (0.0000) lr 1.0000e-03 eta 0:00:00 user 1
Finish training: 1 user
Deploy the last-epoch model
1 User, Elapsed: 0:00:01
epoch [1/1] batch [1/2] time 0.684 (0.684) data 0.604 (0.604) loss 0.2512 (0.2512) acc 90.6250 (90.6250) spf_gamma 0.0500 (0.0500) spf_rank 8.0000 (8.0000) spf_shared_loss 0.0003 (0.0003) spf_private_loss 0.0000 (0.0000) spf_private_norm 0.0004 (0.0004) spf_private_orth_ratio 0.0000 (0.0000) lr 1.0000e-03 eta 0:00:00 user 2
epoch [1/1] batch [2/2] time 0.073 (0.378) data 0.000 (0.302) loss 0.1562 (0.2037) acc 100.0000 (95.3125) spf_gamma 0.0500 (0.0500) spf_rank 8.0000 (8.0000) spf_shared_loss 0.0003 (0.0003) spf_private_loss 0.0000 (0.0000) spf_private_norm 0.0004 (0.0004) spf_private_orth_ratio 0.0000 (0.0000) lr 1.0000e-03 eta 0:00:00 user 2
Finish training: 2 user
Deploy the last-epoch model
2 User, Elapsed: 0:00:01
epoch [1/1] batch [1/2] time 0.757 (0.757) data 0.591 (0.591) loss 0.0515 (0.0515) acc 100.0000 (100.0000) spf_gamma 0.0500 (0.0500) spf_rank 8.0000 (8.0000) spf_shared_loss 0.0003 (0.0003) spf_private_loss 0.0000 (0.0000) spf_private_norm 0.0004 (0.0004) spf_private_orth_ratio 0.0000 (0.0000) lr 1.0000e-03 eta 0:00:00 user 3
epoch [1/1] batch [2/2] time 0.073 (0.415) data 0.000 (0.296) loss 0.0616 (0.0565) acc 100.0000 (100.0000) spf_gamma 0.0500 (0.0500) spf_rank 8.0000 (8.0000) spf_shared_loss 0.0003 (0.0003) spf_private_loss 0.0000 (0.0000) spf_private_norm 0.0004 (0.0004) spf_private_orth_ratio 0.0000 (0.0000) lr 1.0000e-03 eta 0:00:00 user 3
Finish training: 3 user
Deploy the last-epoch model
3 User, Elapsed: 0:00:01
epoch [1/1] batch [1/2] time 0.701 (0.701) data 0.620 (0.620) loss 0.3076 (0.3076) acc 87.5000 (87.5000) spf_gamma 0.0500 (0.0500) spf_rank 8.0000 (8.0000) spf_shared_loss 0.0003 (0.0003) spf_private_loss 0.0000 (0.0000) spf_private_norm 0.0004 (0.0004) spf_private_orth_ratio 0.0000 (0.0000) lr 1.0000e-03 eta 0:00:00 user 4
epoch [1/1] batch [2/2] time 0.079 (0.390) data 0.000 (0.310) loss 0.2201 (0.2639) acc 90.6250 (89.0625) spf_gamma 0.0500 (0.0500) spf_rank 8.0000 (8.0000) spf_shared_loss 0.0003 (0.0003) spf_private_loss 0.0000 (0.0000) spf_private_norm 0.0004 (0.0004) spf_private_orth_ratio 0.0000 (0.0000) lr 1.0000e-03 eta 0:00:00 user 4
Finish training: 4 user
Deploy the last-epoch model
4 User, Elapsed: 0:00:01
epoch [1/1] batch [1/2] time 0.670 (0.670) data 0.592 (0.592) loss 0.0521 (0.0521) acc 100.0000 (100.0000) spf_gamma 0.0500 (0.0500) spf_rank 8.0000 (8.0000) spf_shared_loss 0.0003 (0.0003) spf_private_loss 0.0000 (0.0000) spf_private_norm 0.0004 (0.0004) spf_private_orth_ratio 0.0000 (0.0000) lr 1.0000e-03 eta 0:00:00 user 5
epoch [1/1] batch [2/2] time 0.073 (0.371) data 0.000 (0.296) loss 0.0647 (0.0584) acc 96.8750 (98.4375) spf_gamma 0.0500 (0.0500) spf_rank 8.0000 (8.0000) spf_shared_loss 0.0003 (0.0003) spf_private_loss 0.0000 (0.0000) spf_private_norm 0.0004 (0.0004) spf_private_orth_ratio 0.0000 (0.0000) lr 1.0000e-03 eta 0:00:00 user 5
Finish training: 5 user
Deploy the last-epoch model
5 User, Elapsed: 0:00:01
epoch [1/1] batch [1/2] time 0.687 (0.687) data 0.612 (0.612) loss 0.1275 (0.1275) acc 100.0000 (100.0000) spf_gamma 0.0500 (0.0500) spf_rank 8.0000 (8.0000) spf_shared_loss 0.0003 (0.0003) spf_private_loss 0.0000 (0.0000) spf_private_norm 0.0004 (0.0004) spf_private_orth_ratio 0.0000 (0.0000) lr 1.0000e-03 eta 0:00:00 user 6
epoch [1/1] batch [2/2] time 0.078 (0.382) data 0.000 (0.306) loss 0.4153 (0.2714) acc 87.5000 (93.7500) spf_gamma 0.0500 (0.0500) spf_rank 8.0000 (8.0000) spf_shared_loss 0.0003 (0.0003) spf_private_loss 0.0000 (0.0000) spf_private_norm 0.0004 (0.0004) spf_private_orth_ratio 0.0000 (0.0000) lr 1.0000e-03 eta 0:00:00 user 6
Finish training: 6 user
Deploy the last-epoch model
6 User, Elapsed: 0:00:01
epoch [1/1] batch [1/2] time 0.733 (0.733) data 0.648 (0.648) loss 0.0611 (0.0611) acc 100.0000 (100.0000) spf_gamma 0.0500 (0.0500) spf_rank 8.0000 (8.0000) spf_shared_loss 0.0003 (0.0003) spf_private_loss 0.0000 (0.0000) spf_private_norm 0.0004 (0.0004) spf_private_orth_ratio 0.0000 (0.0000) lr 1.0000e-03 eta 0:00:00 user 7
epoch [1/1] batch [2/2] time 0.074 (0.403) data 0.000 (0.324) loss 0.0894 (0.0753) acc 96.8750 (98.4375) spf_gamma 0.0500 (0.0500) spf_rank 8.0000 (8.0000) spf_shared_loss 0.0003 (0.0003) spf_private_loss 0.0000 (0.0000) spf_private_norm 0.0004 (0.0004) spf_private_orth_ratio 0.0000 (0.0000) lr 1.0000e-03 eta 0:00:00 user 7
Finish training: 7 user
Deploy the last-epoch model
7 User, Elapsed: 0:00:01
epoch [1/1] batch [1/2] time 0.708 (0.708) data 0.614 (0.614) loss 0.3472 (0.3472) acc 90.6250 (90.6250) spf_gamma 0.0500 (0.0500) spf_rank 8.0000 (8.0000) spf_shared_loss 0.0003 (0.0003) spf_private_loss 0.0000 (0.0000) spf_private_norm 0.0004 (0.0004) spf_private_orth_ratio 0.0000 (0.0000) lr 1.0000e-03 eta 0:00:00 user 8
epoch [1/1] batch [2/2] time 0.198 (0.453) data 0.000 (0.307) loss 0.2149 (0.2810) acc 100.0000 (95.3125) spf_gamma 0.0500 (0.0500) spf_rank 8.0000 (8.0000) spf_shared_loss 0.0003 (0.0003) spf_private_loss 0.0000 (0.0000) spf_private_norm 0.0004 (0.0004) spf_private_orth_ratio 0.0000 (0.0000) lr 1.0000e-03 eta 0:00:00 user 8
Finish training: 8 user
Deploy the last-epoch model
8 User, Elapsed: 0:00:01
epoch [1/1] batch [1/1] time 0.751 (0.751) data 0.676 (0.676) loss 0.0573 (0.0573) acc 100.0000 (100.0000) spf_gamma 0.0500 (0.0500) spf_rank 8.0000 (8.0000) spf_shared_loss 0.0003 (0.0003) spf_private_loss 0.0000 (0.0000) spf_private_norm 0.0004 (0.0004) spf_private_orth_ratio 0.0000 (0.0000) lr 1.0000e-03 eta 0:00:00 user 9
Finish training: 9 user
Deploy the last-epoch model
9 User, Elapsed: 0:00:01
------------local train finish epoch: 29 -------------
------------local test start-------------
Evaluate on the client0_test set
  0%|          | 0/2 [00:00<?, ?it/s] 50%|█████     | 1/2 [00:01<00:01,  1.27s/it]100%|██████████| 2/2 [00:01<00:00,  1.39it/s]
=> result
* total: 180
* correct: 172
* accuracy: 95.6%
* error: 4.4%
* macro_f1: 95.8%
Evaluate on the client1_test set
  0%|          | 0/2 [00:00<?, ?it/s] 50%|█████     | 1/2 [00:01<00:01,  1.30s/it]100%|██████████| 2/2 [00:01<00:00,  1.35it/s]
=> result
* total: 180
* correct: 170
* accuracy: 94.4%
* error: 5.6%
* macro_f1: 94.9%
Evaluate on the client2_test set
  0%|          | 0/2 [00:00<?, ?it/s] 50%|█████     | 1/2 [00:01<00:01,  1.27s/it]100%|██████████| 2/2 [00:01<00:00,  1.38it/s]
=> result
* total: 180
* correct: 153
* accuracy: 85.0%
* error: 15.0%
* macro_f1: 84.7%
Evaluate on the client3_test set
  0%|          | 0/2 [00:00<?, ?it/s] 50%|█████     | 1/2 [00:01<00:01,  1.53s/it]100%|██████████| 2/2 [00:01<00:00,  1.18it/s]
=> result
* total: 180
* correct: 167
* accuracy: 92.8%
* error: 7.2%
* macro_f1: 92.8%
Evaluate on the client4_test set
  0%|          | 0/2 [00:00<?, ?it/s] 50%|█████     | 1/2 [00:01<00:01,  1.37s/it]100%|██████████| 2/2 [00:01<00:00,  1.59it/s]100%|██████████| 2/2 [00:01<00:00,  1.27it/s]
=> result
* total: 180
* correct: 155
* accuracy: 86.1%
* error: 13.9%
* macro_f1: 86.5%
Evaluate on the client5_test set
  0%|          | 0/2 [00:00<?, ?it/s] 50%|█████     | 1/2 [00:01<00:01,  1.37s/it]100%|██████████| 2/2 [00:01<00:00,  1.30it/s]
=> result
* total: 180
* correct: 168
* accuracy: 93.3%
* error: 6.7%
* macro_f1: 93.8%
Evaluate on the client6_test set
  0%|          | 0/2 [00:00<?, ?it/s] 50%|█████     | 1/2 [00:01<00:01,  1.49s/it]100%|██████████| 2/2 [00:01<00:00,  1.20it/s]
=> result
* total: 180
* correct: 170
* accuracy: 94.4%
* error: 5.6%
* macro_f1: 94.4%
Evaluate on the client7_test set
  0%|          | 0/2 [00:00<?, ?it/s] 50%|█████     | 1/2 [00:01<00:01,  1.36s/it]100%|██████████| 2/2 [00:01<00:00,  1.30it/s]
=> result
* total: 180
* correct: 167
* accuracy: 92.8%
* error: 7.2%
* macro_f1: 93.0%
Evaluate on the client8_test set
  0%|          | 0/2 [00:00<?, ?it/s] 50%|█████     | 1/2 [00:01<00:01,  1.45s/it]100%|██████████| 2/2 [00:01<00:00,  1.23it/s]
=> result
* total: 180
* correct: 150
* accuracy: 83.3%
* error: 16.7%
* macro_f1: 83.0%
Evaluate on the client9_test set
  0%|          | 0/1 [00:00<?, ?it/s]100%|██████████| 1/1 [00:00<00:00,  1.01it/s]100%|██████████| 1/1 [00:01<00:00,  1.08s/it]=> result
* total: 72
* correct: 69
* accuracy: 95.8%
* error: 4.2%
* macro_f1: 95.8%
0 --Local test acc: 95.55555555555556
1 --Local test acc: 94.44444444444444
2 --Local test acc: 85.0
3 --Local test acc: 92.77777777777777
4 --Local test acc: 86.11111111111111
5 --Local test acc: 93.33333333333333
6 --Local test acc: 94.44444444444444
7 --Local test acc: 92.77777777777777
8 --Local test acc: 83.33333333333333
9 --Local test acc: 95.83333333333333
--Global test acc: 91.36111111111113
Epoch:29
------------local test finish-------------
idxs_users [0, 1, 2, 3, 4, 5, 6, 7, 8, 9]
------------local train start epoch: 30 -------------

epoch [1/1] batch [1/2] time 0.713 (0.713) data 0.624 (0.624) loss 0.1067 (0.1067) acc 100.0000 (100.0000) spf_gamma 0.0500 (0.0500) spf_rank 8.0000 (8.0000) spf_shared_loss 0.0003 (0.0003) spf_private_loss 0.0000 (0.0000) spf_private_norm 0.0004 (0.0004) spf_private_orth_ratio 0.0000 (0.0000) lr 1.0000e-03 eta 0:00:00 user 0
epoch [1/1] batch [2/2] time 0.078 (0.395) data 0.000 (0.312) loss 0.1698 (0.1383) acc 93.7500 (96.8750) spf_gamma 0.0500 (0.0500) spf_rank 8.0000 (8.0000) spf_shared_loss 0.0003 (0.0003) spf_private_loss 0.0000 (0.0000) spf_private_norm 0.0004 (0.0004) spf_private_orth_ratio 0.0000 (0.0000) lr 1.0000e-03 eta 0:00:00 user 0
Finish training: 0 user
Deploy the last-epoch model
0 User, Elapsed: 0:00:01
epoch [1/1] batch [1/2] time 0.839 (0.839) data 0.642 (0.642) loss 0.1018 (0.1018) acc 100.0000 (100.0000) spf_gamma 0.0500 (0.0500) spf_rank 8.0000 (8.0000) spf_shared_loss 0.0003 (0.0003) spf_private_loss 0.0000 (0.0000) spf_private_norm 0.0004 (0.0004) spf_private_orth_ratio 0.0000 (0.0000) lr 1.0000e-03 eta 0:00:00 user 1
epoch [1/1] batch [2/2] time 0.164 (0.502) data 0.000 (0.321) loss 0.1118 (0.1068) acc 96.8750 (98.4375) spf_gamma 0.0500 (0.0500) spf_rank 8.0000 (8.0000) spf_shared_loss 0.0003 (0.0003) spf_private_loss 0.0000 (0.0000) spf_private_norm 0.0004 (0.0004) spf_private_orth_ratio 0.0000 (0.0000) lr 1.0000e-03 eta 0:00:00 user 1
Finish training: 1 user
Deploy the last-epoch model
1 User, Elapsed: 0:00:01
epoch [1/1] batch [1/2] time 0.684 (0.684) data 0.611 (0.611) loss 0.2488 (0.2488) acc 90.6250 (90.6250) spf_gamma 0.0500 (0.0500) spf_rank 8.0000 (8.0000) spf_shared_loss 0.0003 (0.0003) spf_private_loss 0.0000 (0.0000) spf_private_norm 0.0004 (0.0004) spf_private_orth_ratio 0.0000 (0.0000) lr 1.0000e-03 eta 0:00:00 user 2
epoch [1/1] batch [2/2] time 0.072 (0.378) data 0.000 (0.306) loss 0.1544 (0.2016) acc 96.8750 (93.7500) spf_gamma 0.0500 (0.0500) spf_rank 8.0000 (8.0000) spf_shared_loss 0.0003 (0.0003) spf_private_loss 0.0000 (0.0000) spf_private_norm 0.0004 (0.0004) spf_private_orth_ratio 0.0000 (0.0000) lr 1.0000e-03 eta 0:00:00 user 2
Finish training: 2 user
Deploy the last-epoch model
2 User, Elapsed: 0:00:01
epoch [1/1] batch [1/2] time 0.684 (0.684) data 0.596 (0.596) loss 0.0970 (0.0970) acc 93.7500 (93.7500) spf_gamma 0.0500 (0.0500) spf_rank 8.0000 (8.0000) spf_shared_loss 0.0003 (0.0003) spf_private_loss 0.0000 (0.0000) spf_private_norm 0.0004 (0.0004) spf_private_orth_ratio 0.0000 (0.0000) lr 1.0000e-03 eta 0:00:00 user 3
epoch [1/1] batch [2/2] time 0.073 (0.378) data 0.000 (0.298) loss 0.0771 (0.0871) acc 100.0000 (96.8750) spf_gamma 0.0500 (0.0500) spf_rank 8.0000 (8.0000) spf_shared_loss 0.0003 (0.0003) spf_private_loss 0.0000 (0.0000) spf_private_norm 0.0004 (0.0004) spf_private_orth_ratio 0.0000 (0.0000) lr 1.0000e-03 eta 0:00:00 user 3
Finish training: 3 user
Deploy the last-epoch model
3 User, Elapsed: 0:00:01
epoch [1/1] batch [1/2] time 0.673 (0.673) data 0.599 (0.599) loss 0.3267 (0.3267) acc 84.3750 (84.3750) spf_gamma 0.0500 (0.0500) spf_rank 8.0000 (8.0000) spf_shared_loss 0.0003 (0.0003) spf_private_loss 0.0000 (0.0000) spf_private_norm 0.0004 (0.0004) spf_private_orth_ratio 0.0000 (0.0000) lr 1.0000e-03 eta 0:00:00 user 4
epoch [1/1] batch [2/2] time 0.072 (0.372) data 0.000 (0.300) loss 0.1807 (0.2537) acc 90.6250 (87.5000) spf_gamma 0.0500 (0.0500) spf_rank 8.0000 (8.0000) spf_shared_loss 0.0003 (0.0003) spf_private_loss 0.0000 (0.0000) spf_private_norm 0.0004 (0.0004) spf_private_orth_ratio 0.0000 (0.0000) lr 1.0000e-03 eta 0:00:00 user 4
Finish training: 4 user
Deploy the last-epoch model
4 User, Elapsed: 0:00:01
epoch [1/1] batch [1/2] time 0.711 (0.711) data 0.637 (0.637) loss 0.0433 (0.0433) acc 100.0000 (100.0000) spf_gamma 0.0500 (0.0500) spf_rank 8.0000 (8.0000) spf_shared_loss 0.0003 (0.0003) spf_private_loss 0.0000 (0.0000) spf_private_norm 0.0004 (0.0004) spf_private_orth_ratio 0.0000 (0.0000) lr 1.0000e-03 eta 0:00:00 user 5
epoch [1/1] batch [2/2] time 0.072 (0.391) data 0.000 (0.319) loss 0.0413 (0.0423) acc 100.0000 (100.0000) spf_gamma 0.0500 (0.0500) spf_rank 8.0000 (8.0000) spf_shared_loss 0.0003 (0.0003) spf_private_loss 0.0000 (0.0000) spf_private_norm 0.0004 (0.0004) spf_private_orth_ratio 0.0000 (0.0000) lr 1.0000e-03 eta 0:00:00 user 5
Finish training: 5 user
Deploy the last-epoch model
5 User, Elapsed: 0:00:01
epoch [1/1] batch [1/2] time 0.663 (0.663) data 0.580 (0.580) loss 0.2360 (0.2360) acc 90.6250 (90.6250) spf_gamma 0.0500 (0.0500) spf_rank 8.0000 (8.0000) spf_shared_loss 0.0003 (0.0003) spf_private_loss 0.0000 (0.0000) spf_private_norm 0.0004 (0.0004) spf_private_orth_ratio 0.0000 (0.0000) lr 1.0000e-03 eta 0:00:00 user 6
epoch [1/1] batch [2/2] time 0.072 (0.368) data 0.000 (0.290) loss 0.1935 (0.2147) acc 90.6250 (90.6250) spf_gamma 0.0500 (0.0500) spf_rank 8.0000 (8.0000) spf_shared_loss 0.0003 (0.0003) spf_private_loss 0.0000 (0.0000) spf_private_norm 0.0004 (0.0004) spf_private_orth_ratio 0.0000 (0.0000) lr 1.0000e-03 eta 0:00:00 user 6
Finish training: 6 user
Deploy the last-epoch model
6 User, Elapsed: 0:00:01
epoch [1/1] batch [1/2] time 0.732 (0.732) data 0.650 (0.650) loss 0.0629 (0.0629) acc 96.8750 (96.8750) spf_gamma 0.0500 (0.0500) spf_rank 8.0000 (8.0000) spf_shared_loss 0.0003 (0.0003) spf_private_loss 0.0000 (0.0000) spf_private_norm 0.0004 (0.0004) spf_private_orth_ratio 0.0000 (0.0000) lr 1.0000e-03 eta 0:00:00 user 7
epoch [1/1] batch [2/2] time 0.079 (0.406) data 0.000 (0.325) loss 0.1483 (0.1056) acc 100.0000 (98.4375) spf_gamma 0.0500 (0.0500) spf_rank 8.0000 (8.0000) spf_shared_loss 0.0003 (0.0003) spf_private_loss 0.0000 (0.0000) spf_private_norm 0.0004 (0.0004) spf_private_orth_ratio 0.0000 (0.0000) lr 1.0000e-03 eta 0:00:00 user 7
Finish training: 7 user
Deploy the last-epoch model
7 User, Elapsed: 0:00:01
epoch [1/1] batch [1/2] time 0.713 (0.713) data 0.601 (0.601) loss 0.3311 (0.3311) acc 90.6250 (90.6250) spf_gamma 0.0500 (0.0500) spf_rank 8.0000 (8.0000) spf_shared_loss 0.0003 (0.0003) spf_private_loss 0.0000 (0.0000) spf_private_norm 0.0004 (0.0004) spf_private_orth_ratio 0.0000 (0.0000) lr 1.0000e-03 eta 0:00:00 user 8
epoch [1/1] batch [2/2] time 0.197 (0.455) data 0.000 (0.301) loss 0.1842 (0.2577) acc 96.8750 (93.7500) spf_gamma 0.0500 (0.0500) spf_rank 8.0000 (8.0000) spf_shared_loss 0.0003 (0.0003) spf_private_loss 0.0000 (0.0000) spf_private_norm 0.0004 (0.0004) spf_private_orth_ratio 0.0000 (0.0000) lr 1.0000e-03 eta 0:00:00 user 8
Finish training: 8 user
Deploy the last-epoch model
8 User, Elapsed: 0:00:01
epoch [1/1] batch [1/1] time 0.676 (0.676) data 0.600 (0.600) loss 0.0537 (0.0537) acc 100.0000 (100.0000) spf_gamma 0.0500 (0.0500) spf_rank 8.0000 (8.0000) spf_shared_loss 0.0003 (0.0003) spf_private_loss 0.0000 (0.0000) spf_private_norm 0.0004 (0.0004) spf_private_orth_ratio 0.0000 (0.0000) lr 1.0000e-03 eta 0:00:00 user 9
Finish training: 9 user
Deploy the last-epoch model
9 User, Elapsed: 0:00:01
------------local train finish epoch: 30 -------------
------------local test start-------------
Evaluate on the client0_test set
  0%|          | 0/2 [00:00<?, ?it/s] 50%|█████     | 1/2 [00:01<00:01,  1.33s/it]100%|██████████| 2/2 [00:01<00:00,  1.32it/s]
=> result
* total: 180
* correct: 165
* accuracy: 91.7%
* error: 8.3%
* macro_f1: 91.8%
Evaluate on the client1_test set
  0%|          | 0/2 [00:00<?, ?it/s] 50%|█████     | 1/2 [00:01<00:01,  1.33s/it]100%|██████████| 2/2 [00:01<00:00,  1.33it/s]
=> result
* total: 180
* correct: 171
* accuracy: 95.0%
* error: 5.0%
* macro_f1: 95.5%
Evaluate on the client2_test set
  0%|          | 0/2 [00:00<?, ?it/s] 50%|█████     | 1/2 [00:01<00:01,  1.35s/it]100%|██████████| 2/2 [00:01<00:00,  1.31it/s]
=> result
* total: 180
* correct: 155
* accuracy: 86.1%
* error: 13.9%
* macro_f1: 86.5%
Evaluate on the client3_test set
  0%|          | 0/2 [00:00<?, ?it/s] 50%|█████     | 1/2 [00:01<00:01,  1.38s/it]100%|██████████| 2/2 [00:01<00:00,  1.30it/s]
=> result
* total: 180
* correct: 166
* accuracy: 92.2%
* error: 7.8%
* macro_f1: 92.2%
Evaluate on the client4_test set
  0%|          | 0/2 [00:00<?, ?it/s] 50%|█████     | 1/2 [00:01<00:01,  1.51s/it]100%|██████████| 2/2 [00:01<00:00,  1.45it/s]100%|██████████| 2/2 [00:01<00:00,  1.16it/s]
=> result
* total: 180
* correct: 163
* accuracy: 90.6%
* error: 9.4%
* macro_f1: 90.6%
Evaluate on the client5_test set
  0%|          | 0/2 [00:00<?, ?it/s] 50%|█████     | 1/2 [00:01<00:01,  1.34s/it]100%|██████████| 2/2 [00:01<00:00,  1.31it/s]
=> result
* total: 180
* correct: 167
* accuracy: 92.8%
* error: 7.2%
* macro_f1: 93.3%
Evaluate on the client6_test set
  0%|          | 0/2 [00:00<?, ?it/s] 50%|█████     | 1/2 [00:01<00:01,  1.32s/it]100%|██████████| 2/2 [00:01<00:00,  1.35it/s]
=> result
* total: 180
* correct: 169
* accuracy: 93.9%
* error: 6.1%
* macro_f1: 94.1%
Evaluate on the client7_test set
  0%|          | 0/2 [00:00<?, ?it/s] 50%|█████     | 1/2 [00:01<00:01,  1.39s/it]100%|██████████| 2/2 [00:01<00:00,  1.50it/s]100%|██████████| 2/2 [00:01<00:00,  1.21it/s]
=> result
* total: 180
* correct: 167
* accuracy: 92.8%
* error: 7.2%
* macro_f1: 93.1%
Evaluate on the client8_test set
  0%|          | 0/2 [00:00<?, ?it/s] 50%|█████     | 1/2 [00:01<00:01,  1.32s/it]100%|██████████| 2/2 [00:01<00:00,  1.35it/s]
=> result
* total: 180
* correct: 152
* accuracy: 84.4%
* error: 15.6%
* macro_f1: 84.2%
Evaluate on the client9_test set
  0%|          | 0/1 [00:00<?, ?it/s]100%|██████████| 1/1 [00:01<00:00,  1.05s/it]100%|██████████| 1/1 [00:01<00:00,  1.14s/it]=> result
* total: 72
* correct: 69
* accuracy: 95.8%
* error: 4.2%
* macro_f1: 95.8%
0 --Local test acc: 91.66666666666667
1 --Local test acc: 95.0
2 --Local test acc: 86.11111111111111
3 --Local test acc: 92.22222222222223
4 --Local test acc: 90.55555555555556
5 --Local test acc: 92.77777777777777
6 --Local test acc: 93.88888888888889
7 --Local test acc: 92.77777777777777
8 --Local test acc: 84.44444444444444
9 --Local test acc: 95.83333333333333
--Global test acc: 91.52777777777779
Epoch:30
------------local test finish-------------
idxs_users [0, 1, 2, 3, 4, 5, 6, 7, 8, 9]
------------local train start epoch: 31 -------------

epoch [1/1] batch [1/2] time 0.696 (0.696) data 0.623 (0.623) loss 0.1328 (0.1328) acc 96.8750 (96.8750) spf_gamma 0.0500 (0.0500) spf_rank 8.0000 (8.0000) spf_shared_loss 0.0003 (0.0003) spf_private_loss 0.0000 (0.0000) spf_private_norm 0.0004 (0.0004) spf_private_orth_ratio 0.0000 (0.0000) lr 1.0000e-03 eta 0:00:00 user 0
epoch [1/1] batch [2/2] time 0.072 (0.384) data 0.000 (0.312) loss 0.1077 (0.1203) acc 96.8750 (96.8750) spf_gamma 0.0500 (0.0500) spf_rank 8.0000 (8.0000) spf_shared_loss 0.0003 (0.0003) spf_private_loss 0.0000 (0.0000) spf_private_norm 0.0004 (0.0004) spf_private_orth_ratio 0.0000 (0.0000) lr 1.0000e-03 eta 0:00:00 user 0
Finish training: 0 user
Deploy the last-epoch model
0 User, Elapsed: 0:00:01
epoch [1/1] batch [1/2] time 0.686 (0.686) data 0.604 (0.604) loss 0.1045 (0.1045) acc 96.8750 (96.8750) spf_gamma 0.0500 (0.0500) spf_rank 8.0000 (8.0000) spf_shared_loss 0.0003 (0.0003) spf_private_loss 0.0000 (0.0000) spf_private_norm 0.0004 (0.0004) spf_private_orth_ratio 0.0000 (0.0000) lr 1.0000e-03 eta 0:00:00 user 1
epoch [1/1] batch [2/2] time 0.077 (0.381) data 0.000 (0.302) loss 0.0546 (0.0796) acc 100.0000 (98.4375) spf_gamma 0.0500 (0.0500) spf_rank 8.0000 (8.0000) spf_shared_loss 0.0003 (0.0003) spf_private_loss 0.0000 (0.0000) spf_private_norm 0.0004 (0.0004) spf_private_orth_ratio 0.0000 (0.0000) lr 1.0000e-03 eta 0:00:00 user 1
Finish training: 1 user
Deploy the last-epoch model
1 User, Elapsed: 0:00:01
epoch [1/1] batch [1/2] time 0.664 (0.664) data 0.583 (0.583) loss 0.3094 (0.3094) acc 90.6250 (90.6250) spf_gamma 0.0500 (0.0500) spf_rank 8.0000 (8.0000) spf_shared_loss 0.0003 (0.0003) spf_private_loss 0.0000 (0.0000) spf_private_norm 0.0004 (0.0004) spf_private_orth_ratio 0.0000 (0.0000) lr 1.0000e-03 eta 0:00:00 user 2
epoch [1/1] batch [2/2] time 0.072 (0.368) data 0.000 (0.292) loss 0.1729 (0.2411) acc 96.8750 (93.7500) spf_gamma 0.0500 (0.0500) spf_rank 8.0000 (8.0000) spf_shared_loss 0.0003 (0.0003) spf_private_loss 0.0000 (0.0000) spf_private_norm 0.0004 (0.0004) spf_private_orth_ratio 0.0000 (0.0000) lr 1.0000e-03 eta 0:00:00 user 2
Finish training: 2 user
Deploy the last-epoch model
2 User, Elapsed: 0:00:01
epoch [1/1] batch [1/2] time 0.668 (0.668) data 0.586 (0.586) loss 0.0445 (0.0445) acc 100.0000 (100.0000) spf_gamma 0.0500 (0.0500) spf_rank 8.0000 (8.0000) spf_shared_loss 0.0003 (0.0003) spf_private_loss 0.0000 (0.0000) spf_private_norm 0.0004 (0.0004) spf_private_orth_ratio 0.0000 (0.0000) lr 1.0000e-03 eta 0:00:00 user 3
epoch [1/1] batch [2/2] time 0.077 (0.372) data 0.000 (0.293) loss 0.0836 (0.0641) acc 100.0000 (100.0000) spf_gamma 0.0500 (0.0500) spf_rank 8.0000 (8.0000) spf_shared_loss 0.0003 (0.0003) spf_private_loss 0.0000 (0.0000) spf_private_norm 0.0004 (0.0004) spf_private_orth_ratio 0.0000 (0.0000) lr 1.0000e-03 eta 0:00:00 user 3
Finish training: 3 user
Deploy the last-epoch model
3 User, Elapsed: 0:00:01
epoch [1/1] batch [1/2] time 0.664 (0.664) data 0.587 (0.587) loss 0.2349 (0.2349) acc 87.5000 (87.5000) spf_gamma 0.0500 (0.0500) spf_rank 8.0000 (8.0000) spf_shared_loss 0.0003 (0.0003) spf_private_loss 0.0000 (0.0000) spf_private_norm 0.0004 (0.0004) spf_private_orth_ratio 0.0000 (0.0000) lr 1.0000e-03 eta 0:00:00 user 4
epoch [1/1] batch [2/2] time 0.072 (0.368) data 0.000 (0.294) loss 0.2290 (0.2320) acc 93.7500 (90.6250) spf_gamma 0.0500 (0.0500) spf_rank 8.0000 (8.0000) spf_shared_loss 0.0003 (0.0003) spf_private_loss 0.0000 (0.0000) spf_private_norm 0.0004 (0.0004) spf_private_orth_ratio 0.0000 (0.0000) lr 1.0000e-03 eta 0:00:00 user 4
Finish training: 4 user
Deploy the last-epoch model
4 User, Elapsed: 0:00:01
epoch [1/1] batch [1/2] time 0.867 (0.867) data 0.670 (0.670) loss 0.0498 (0.0498) acc 100.0000 (100.0000) spf_gamma 0.0500 (0.0500) spf_rank 8.0000 (8.0000) spf_shared_loss 0.0003 (0.0003) spf_private_loss 0.0000 (0.0000) spf_private_norm 0.0004 (0.0004) spf_private_orth_ratio 0.0000 (0.0000) lr 1.0000e-03 eta 0:00:00 user 5
epoch [1/1] batch [2/2] time 0.148 (0.508) data 0.000 (0.335) loss 0.0576 (0.0537) acc 96.8750 (98.4375) spf_gamma 0.0500 (0.0500) spf_rank 8.0000 (8.0000) spf_shared_loss 0.0003 (0.0003) spf_private_loss 0.0000 (0.0000) spf_private_norm 0.0004 (0.0004) spf_private_orth_ratio 0.0000 (0.0000) lr 1.0000e-03 eta 0:00:00 user 5
Finish training: 5 user
Deploy the last-epoch model
5 User, Elapsed: 0:00:01
epoch [1/1] batch [1/2] time 0.670 (0.670) data 0.590 (0.590) loss 0.2312 (0.2312) acc 93.7500 (93.7500) spf_gamma 0.0500 (0.0500) spf_rank 8.0000 (8.0000) spf_shared_loss 0.0003 (0.0003) spf_private_loss 0.0000 (0.0000) spf_private_norm 0.0004 (0.0004) spf_private_orth_ratio 0.0000 (0.0000) lr 1.0000e-03 eta 0:00:00 user 6
epoch [1/1] batch [2/2] time 0.076 (0.373) data 0.000 (0.295) loss 0.1562 (0.1937) acc 100.0000 (96.8750) spf_gamma 0.0500 (0.0500) spf_rank 8.0000 (8.0000) spf_shared_loss 0.0003 (0.0003) spf_private_loss 0.0000 (0.0000) spf_private_norm 0.0004 (0.0004) spf_private_orth_ratio 0.0000 (0.0000) lr 1.0000e-03 eta 0:00:00 user 6
Finish training: 6 user
Deploy the last-epoch model
6 User, Elapsed: 0:00:01
epoch [1/1] batch [1/2] time 0.680 (0.680) data 0.606 (0.606) loss 0.0717 (0.0717) acc 96.8750 (96.8750) spf_gamma 0.0500 (0.0500) spf_rank 8.0000 (8.0000) spf_shared_loss 0.0003 (0.0003) spf_private_loss 0.0000 (0.0000) spf_private_norm 0.0004 (0.0004) spf_private_orth_ratio 0.0000 (0.0000) lr 1.0000e-03 eta 0:00:00 user 7
epoch [1/1] batch [2/2] time 0.073 (0.377) data 0.000 (0.303) loss 0.0435 (0.0576) acc 100.0000 (98.4375) spf_gamma 0.0500 (0.0500) spf_rank 8.0000 (8.0000) spf_shared_loss 0.0003 (0.0003) spf_private_loss 0.0000 (0.0000) spf_private_norm 0.0004 (0.0004) spf_private_orth_ratio 0.0000 (0.0000) lr 1.0000e-03 eta 0:00:00 user 7
Finish training: 7 user
Deploy the last-epoch model
7 User, Elapsed: 0:00:01
epoch [1/1] batch [1/2] time 0.672 (0.672) data 0.594 (0.594) loss 0.1707 (0.1707) acc 93.7500 (93.7500) spf_gamma 0.0500 (0.0500) spf_rank 8.0000 (8.0000) spf_shared_loss 0.0003 (0.0003) spf_private_loss 0.0000 (0.0000) spf_private_norm 0.0004 (0.0004) spf_private_orth_ratio 0.0000 (0.0000) lr 1.0000e-03 eta 0:00:00 user 8
epoch [1/1] batch [2/2] time 0.080 (0.376) data 0.000 (0.297) loss 0.2588 (0.2147) acc 93.7500 (93.7500) spf_gamma 0.0500 (0.0500) spf_rank 8.0000 (8.0000) spf_shared_loss 0.0003 (0.0003) spf_private_loss 0.0000 (0.0000) spf_private_norm 0.0004 (0.0004) spf_private_orth_ratio 0.0000 (0.0000) lr 1.0000e-03 eta 0:00:00 user 8
Finish training: 8 user
Deploy the last-epoch model
8 User, Elapsed: 0:00:01
epoch [1/1] batch [1/1] time 0.729 (0.729) data 0.649 (0.649) loss 0.0761 (0.0761) acc 96.8750 (96.8750) spf_gamma 0.0500 (0.0500) spf_rank 8.0000 (8.0000) spf_shared_loss 0.0003 (0.0003) spf_private_loss 0.0000 (0.0000) spf_private_norm 0.0004 (0.0004) spf_private_orth_ratio 0.0000 (0.0000) lr 1.0000e-03 eta 0:00:00 user 9
Finish training: 9 user
Deploy the last-epoch model
9 User, Elapsed: 0:00:01
------------local train finish epoch: 31 -------------
------------local test start-------------
Evaluate on the client0_test set
  0%|          | 0/2 [00:00<?, ?it/s] 50%|█████     | 1/2 [00:01<00:01,  1.26s/it]100%|██████████| 2/2 [00:01<00:00,  1.40it/s]
=> result
* total: 180
* correct: 171
* accuracy: 95.0%
* error: 5.0%
* macro_f1: 95.3%
Evaluate on the client1_test set
  0%|          | 0/2 [00:00<?, ?it/s] 50%|█████     | 1/2 [00:01<00:01,  1.31s/it]100%|██████████| 2/2 [00:01<00:00,  1.36it/s]
=> result
* total: 180
* correct: 170
* accuracy: 94.4%
* error: 5.6%
* macro_f1: 95.1%
Evaluate on the client2_test set
  0%|          | 0/2 [00:00<?, ?it/s] 50%|█████     | 1/2 [00:01<00:01,  1.31s/it]100%|██████████| 2/2 [00:01<00:00,  1.35it/s]
=> result
* total: 180
* correct: 140
* accuracy: 77.8%
* error: 22.2%
* macro_f1: 77.6%
Evaluate on the client3_test set
  0%|          | 0/2 [00:00<?, ?it/s] 50%|█████     | 1/2 [00:01<00:01,  1.32s/it]100%|██████████| 2/2 [00:01<00:00,  1.33it/s]
=> result
* total: 180
* correct: 167
* accuracy: 92.8%
* error: 7.2%
* macro_f1: 92.8%
Evaluate on the client4_test set
  0%|          | 0/2 [00:00<?, ?it/s] 50%|█████     | 1/2 [00:01<00:01,  1.36s/it]100%|██████████| 2/2 [00:01<00:00,  1.32it/s]
=> result
* total: 180
* correct: 156
* accuracy: 86.7%
* error: 13.3%
* macro_f1: 87.0%
Evaluate on the client5_test set
  0%|          | 0/2 [00:00<?, ?it/s] 50%|█████     | 1/2 [00:01<00:01,  1.38s/it]100%|██████████| 2/2 [00:01<00:00,  1.30it/s]
=> result
* total: 180
* correct: 170
* accuracy: 94.4%
* error: 5.6%
* macro_f1: 95.0%
Evaluate on the client6_test set
  0%|          | 0/2 [00:00<?, ?it/s] 50%|█████     | 1/2 [00:01<00:01,  1.40s/it]100%|██████████| 2/2 [00:01<00:00,  1.50it/s]100%|██████████| 2/2 [00:01<00:00,  1.20it/s]
=> result
* total: 180
* correct: 168
* accuracy: 93.3%
* error: 6.7%
* macro_f1: 93.4%
Evaluate on the client7_test set
  0%|          | 0/2 [00:00<?, ?it/s] 50%|█████     | 1/2 [00:01<00:01,  1.33s/it]100%|██████████| 2/2 [00:01<00:00,  1.34it/s]
=> result
* total: 180
* correct: 169
* accuracy: 93.9%
* error: 6.1%
* macro_f1: 93.9%
Evaluate on the client8_test set
  0%|          | 0/2 [00:00<?, ?it/s] 50%|█████     | 1/2 [00:01<00:01,  1.38s/it]100%|██████████| 2/2 [00:01<00:00,  1.28it/s]
=> result
* total: 180
* correct: 149
* accuracy: 82.8%
* error: 17.2%
* macro_f1: 82.7%
Evaluate on the client9_test set
  0%|          | 0/1 [00:00<?, ?it/s]100%|██████████| 1/1 [00:01<00:00,  1.05s/it]100%|██████████| 1/1 [00:01<00:00,  1.15s/it]=> result
* total: 72
* correct: 67
* accuracy: 93.1%
* error: 6.9%
* macro_f1: 93.0%
0 --Local test acc: 95.0
1 --Local test acc: 94.44444444444444
2 --Local test acc: 77.77777777777777
3 --Local test acc: 92.77777777777777
4 --Local test acc: 86.66666666666667
5 --Local test acc: 94.44444444444444
6 --Local test acc: 93.33333333333333
7 --Local test acc: 93.88888888888889
8 --Local test acc: 82.77777777777777
9 --Local test acc: 93.05555555555556
--Global test acc: 90.41666666666666
Epoch:31
------------local test finish-------------
idxs_users [0, 1, 2, 3, 4, 5, 6, 7, 8, 9]
------------local train start epoch: 32 -------------

epoch [1/1] batch [1/2] time 0.861 (0.861) data 0.776 (0.776) loss 0.0458 (0.0458) acc 100.0000 (100.0000) spf_gamma 0.0500 (0.0500) spf_rank 8.0000 (8.0000) spf_shared_loss 0.0003 (0.0003) spf_private_loss 0.0000 (0.0000) spf_private_norm 0.0004 (0.0004) spf_private_orth_ratio 0.0000 (0.0000) lr 1.0000e-03 eta 0:00:00 user 0
epoch [1/1] batch [2/2] time 0.076 (0.468) data 0.000 (0.388) loss 0.1091 (0.0774) acc 96.8750 (98.4375) spf_gamma 0.0500 (0.0500) spf_rank 8.0000 (8.0000) spf_shared_loss 0.0003 (0.0003) spf_private_loss 0.0000 (0.0000) spf_private_norm 0.0004 (0.0004) spf_private_orth_ratio 0.0000 (0.0000) lr 1.0000e-03 eta 0:00:00 user 0
Finish training: 0 user
Deploy the last-epoch model
0 User, Elapsed: 0:00:01
epoch [1/1] batch [1/2] time 0.736 (0.736) data 0.651 (0.651) loss 0.0514 (0.0514) acc 100.0000 (100.0000) spf_gamma 0.0500 (0.0500) spf_rank 8.0000 (8.0000) spf_shared_loss 0.0003 (0.0003) spf_private_loss 0.0000 (0.0000) spf_private_norm 0.0004 (0.0004) spf_private_orth_ratio 0.0000 (0.0000) lr 1.0000e-03 eta 0:00:00 user 1
epoch [1/1] batch [2/2] time 0.080 (0.408) data 0.000 (0.326) loss 0.1172 (0.0843) acc 96.8750 (98.4375) spf_gamma 0.0500 (0.0500) spf_rank 8.0000 (8.0000) spf_shared_loss 0.0003 (0.0003) spf_private_loss 0.0000 (0.0000) spf_private_norm 0.0004 (0.0004) spf_private_orth_ratio 0.0000 (0.0000) lr 1.0000e-03 eta 0:00:00 user 1
Finish training: 1 user
Deploy the last-epoch model
1 User, Elapsed: 0:00:01
epoch [1/1] batch [1/2] time 0.741 (0.741) data 0.667 (0.667) loss 0.1503 (0.1503) acc 96.8750 (96.8750) spf_gamma 0.0500 (0.0500) spf_rank 8.0000 (8.0000) spf_shared_loss 0.0003 (0.0003) spf_private_loss 0.0000 (0.0000) spf_private_norm 0.0004 (0.0004) spf_private_orth_ratio 0.0000 (0.0000) lr 1.0000e-03 eta 0:00:00 user 2
epoch [1/1] batch [2/2] time 0.081 (0.411) data 0.000 (0.333) loss 0.2196 (0.1850) acc 93.7500 (95.3125) spf_gamma 0.0500 (0.0500) spf_rank 8.0000 (8.0000) spf_shared_loss 0.0003 (0.0003) spf_private_loss 0.0000 (0.0000) spf_private_norm 0.0004 (0.0004) spf_private_orth_ratio 0.0000 (0.0000) lr 1.0000e-03 eta 0:00:00 user 2
Finish training: 2 user
Deploy the last-epoch model
2 User, Elapsed: 0:00:01
epoch [1/1] batch [1/2] time 0.847 (0.847) data 0.660 (0.660) loss 0.0540 (0.0540) acc 96.8750 (96.8750) spf_gamma 0.0500 (0.0500) spf_rank 8.0000 (8.0000) spf_shared_loss 0.0003 (0.0003) spf_private_loss 0.0000 (0.0000) spf_private_norm 0.0004 (0.0004) spf_private_orth_ratio 0.0000 (0.0000) lr 1.0000e-03 eta 0:00:00 user 3
epoch [1/1] batch [2/2] time 0.077 (0.462) data 0.000 (0.330) loss 0.0535 (0.0537) acc 100.0000 (98.4375) spf_gamma 0.0500 (0.0500) spf_rank 8.0000 (8.0000) spf_shared_loss 0.0003 (0.0003) spf_private_loss 0.0000 (0.0000) spf_private_norm 0.0004 (0.0004) spf_private_orth_ratio 0.0000 (0.0000) lr 1.0000e-03 eta 0:00:00 user 3
Finish training: 3 user
Deploy the last-epoch model
3 User, Elapsed: 0:00:01
epoch [1/1] batch [1/2] time 0.681 (0.681) data 0.604 (0.604) loss 0.1828 (0.1828) acc 90.6250 (90.6250) spf_gamma 0.0500 (0.0500) spf_rank 8.0000 (8.0000) spf_shared_loss 0.0003 (0.0003) spf_private_loss 0.0000 (0.0000) spf_private_norm 0.0004 (0.0004) spf_private_orth_ratio 0.0000 (0.0000) lr 1.0000e-03 eta 0:00:00 user 4
epoch [1/1] batch [2/2] time 0.073 (0.377) data 0.000 (0.302) loss 0.1973 (0.1900) acc 93.7500 (92.1875) spf_gamma 0.0500 (0.0500) spf_rank 8.0000 (8.0000) spf_shared_loss 0.0003 (0.0003) spf_private_loss 0.0000 (0.0000) spf_private_norm 0.0004 (0.0004) spf_private_orth_ratio 0.0000 (0.0000) lr 1.0000e-03 eta 0:00:00 user 4
Finish training: 4 user
Deploy the last-epoch model
4 User, Elapsed: 0:00:01
epoch [1/1] batch [1/2] time 0.640 (0.640) data 0.563 (0.563) loss 0.0530 (0.0530) acc 100.0000 (100.0000) spf_gamma 0.0500 (0.0500) spf_rank 8.0000 (8.0000) spf_shared_loss 0.0003 (0.0003) spf_private_loss 0.0000 (0.0000) spf_private_norm 0.0004 (0.0004) spf_private_orth_ratio 0.0000 (0.0000) lr 1.0000e-03 eta 0:00:00 user 5
epoch [1/1] batch [2/2] time 0.076 (0.358) data 0.000 (0.282) loss 0.0319 (0.0424) acc 100.0000 (100.0000) spf_gamma 0.0500 (0.0500) spf_rank 8.0000 (8.0000) spf_shared_loss 0.0003 (0.0003) spf_private_loss 0.0000 (0.0000) spf_private_norm 0.0004 (0.0004) spf_private_orth_ratio 0.0000 (0.0000) lr 1.0000e-03 eta 0:00:00 user 5
Finish training: 5 user
Deploy the last-epoch model
5 User, Elapsed: 0:00:01
epoch [1/1] batch [1/2] time 0.733 (0.733) data 0.656 (0.656) loss 0.1929 (0.1929) acc 93.7500 (93.7500) spf_gamma 0.0500 (0.0500) spf_rank 8.0000 (8.0000) spf_shared_loss 0.0003 (0.0003) spf_private_loss 0.0000 (0.0000) spf_private_norm 0.0004 (0.0004) spf_private_orth_ratio 0.0000 (0.0000) lr 1.0000e-03 eta 0:00:00 user 6
epoch [1/1] batch [2/2] time 0.079 (0.406) data 0.000 (0.328) loss 0.1900 (0.1914) acc 90.6250 (92.1875) spf_gamma 0.0500 (0.0500) spf_rank 8.0000 (8.0000) spf_shared_loss 0.0003 (0.0003) spf_private_loss 0.0000 (0.0000) spf_private_norm 0.0004 (0.0004) spf_private_orth_ratio 0.0000 (0.0000) lr 1.0000e-03 eta 0:00:00 user 6
Finish training: 6 user
Deploy the last-epoch model
6 User, Elapsed: 0:00:01
epoch [1/1] batch [1/2] time 0.717 (0.717) data 0.642 (0.642) loss 0.3213 (0.3213) acc 93.7500 (93.7500) spf_gamma 0.0500 (0.0500) spf_rank 8.0000 (8.0000) spf_shared_loss 0.0003 (0.0003) spf_private_loss 0.0000 (0.0000) spf_private_norm 0.0004 (0.0004) spf_private_orth_ratio 0.0000 (0.0000) lr 1.0000e-03 eta 0:00:00 user 7
epoch [1/1] batch [2/2] time 0.076 (0.397) data 0.000 (0.321) loss 0.0444 (0.1829) acc 100.0000 (96.8750) spf_gamma 0.0500 (0.0500) spf_rank 8.0000 (8.0000) spf_shared_loss 0.0003 (0.0003) spf_private_loss 0.0000 (0.0000) spf_private_norm 0.0004 (0.0004) spf_private_orth_ratio 0.0000 (0.0000) lr 1.0000e-03 eta 0:00:00 user 7
Finish training: 7 user
Deploy the last-epoch model
7 User, Elapsed: 0:00:01
epoch [1/1] batch [1/2] time 0.663 (0.663) data 0.581 (0.581) loss 0.2158 (0.2158) acc 90.6250 (90.6250) spf_gamma 0.0500 (0.0500) spf_rank 8.0000 (8.0000) spf_shared_loss 0.0003 (0.0003) spf_private_loss 0.0000 (0.0000) spf_private_norm 0.0004 (0.0004) spf_private_orth_ratio 0.0000 (0.0000) lr 1.0000e-03 eta 0:00:00 user 8
epoch [1/1] batch [2/2] time 0.110 (0.386) data 0.000 (0.290) loss 0.1714 (0.1936) acc 100.0000 (95.3125) spf_gamma 0.0500 (0.0500) spf_rank 8.0000 (8.0000) spf_shared_loss 0.0003 (0.0003) spf_private_loss 0.0000 (0.0000) spf_private_norm 0.0004 (0.0004) spf_private_orth_ratio 0.0000 (0.0000) lr 1.0000e-03 eta 0:00:00 user 8
Finish training: 8 user
Deploy the last-epoch model
8 User, Elapsed: 0:00:01
epoch [1/1] batch [1/1] time 0.709 (0.709) data 0.629 (0.629) loss 0.0538 (0.0538) acc 100.0000 (100.0000) spf_gamma 0.0500 (0.0500) spf_rank 8.0000 (8.0000) spf_shared_loss 0.0003 (0.0003) spf_private_loss 0.0000 (0.0000) spf_private_norm 0.0004 (0.0004) spf_private_orth_ratio 0.0000 (0.0000) lr 1.0000e-03 eta 0:00:00 user 9
Finish training: 9 user
Deploy the last-epoch model
9 User, Elapsed: 0:00:01
------------local train finish epoch: 32 -------------
------------local test start-------------
Evaluate on the client0_test set
  0%|          | 0/2 [00:00<?, ?it/s] 50%|█████     | 1/2 [00:01<00:01,  1.33s/it]100%|██████████| 2/2 [00:01<00:00,  1.33it/s]
=> result
* total: 180
* correct: 169
* accuracy: 93.9%
* error: 6.1%
* macro_f1: 94.1%
Evaluate on the client1_test set
  0%|          | 0/2 [00:00<?, ?it/s] 50%|█████     | 1/2 [00:01<00:01,  1.37s/it]100%|██████████| 2/2 [00:01<00:00,  1.29it/s]
=> result
* total: 180
* correct: 170
* accuracy: 94.4%
* error: 5.6%
* macro_f1: 95.0%
Evaluate on the client2_test set
  0%|          | 0/2 [00:00<?, ?it/s] 50%|█████     | 1/2 [00:01<00:01,  1.33s/it]100%|██████████| 2/2 [00:01<00:00,  1.33it/s]
=> result
* total: 180
* correct: 156
* accuracy: 86.7%
* error: 13.3%
* macro_f1: 87.4%
Evaluate on the client3_test set
  0%|          | 0/2 [00:00<?, ?it/s] 50%|█████     | 1/2 [00:01<00:01,  1.55s/it]100%|██████████| 2/2 [00:01<00:00,  1.16it/s]
=> result
* total: 180
* correct: 166
* accuracy: 92.2%
* error: 7.8%
* macro_f1: 92.2%
Evaluate on the client4_test set
  0%|          | 0/2 [00:00<?, ?it/s] 50%|█████     | 1/2 [00:01<00:01,  1.28s/it]100%|██████████| 2/2 [00:01<00:00,  1.38it/s]
=> result
* total: 180
* correct: 158
* accuracy: 87.8%
* error: 12.2%
* macro_f1: 88.0%
Evaluate on the client5_test set
  0%|          | 0/2 [00:00<?, ?it/s] 50%|█████     | 1/2 [00:01<00:01,  1.31s/it]100%|██████████| 2/2 [00:01<00:00,  1.35it/s]
=> result
* total: 180
* correct: 165
* accuracy: 91.7%
* error: 8.3%
* macro_f1: 92.6%
Evaluate on the client6_test set
  0%|          | 0/2 [00:00<?, ?it/s] 50%|█████     | 1/2 [00:01<00:01,  1.48s/it]100%|██████████| 2/2 [00:01<00:00,  1.21it/s]
=> result
* total: 180
* correct: 170
* accuracy: 94.4%
* error: 5.6%
* macro_f1: 94.8%
Evaluate on the client7_test set
  0%|          | 0/2 [00:00<?, ?it/s] 50%|█████     | 1/2 [00:01<00:01,  1.30s/it]100%|██████████| 2/2 [00:01<00:00,  1.35it/s]
=> result
* total: 180
* correct: 167
* accuracy: 92.8%
* error: 7.2%
* macro_f1: 93.1%
Evaluate on the client8_test set
  0%|          | 0/2 [00:00<?, ?it/s] 50%|█████     | 1/2 [00:01<00:01,  1.42s/it]100%|██████████| 2/2 [00:01<00:00,  1.26it/s]
=> result
* total: 180
* correct: 157
* accuracy: 87.2%
* error: 12.8%
* macro_f1: 87.1%
Evaluate on the client9_test set
  0%|          | 0/1 [00:00<?, ?it/s]100%|██████████| 1/1 [00:01<00:00,  1.02s/it]100%|██████████| 1/1 [00:01<00:00,  1.12s/it]=> result
* total: 72
* correct: 69
* accuracy: 95.8%
* error: 4.2%
* macro_f1: 95.8%
0 --Local test acc: 93.88888888888889
1 --Local test acc: 94.44444444444444
2 --Local test acc: 86.66666666666667
3 --Local test acc: 92.22222222222223
4 --Local test acc: 87.77777777777777
5 --Local test acc: 91.66666666666667
6 --Local test acc: 94.44444444444444
7 --Local test acc: 92.77777777777777
8 --Local test acc: 87.22222222222223
9 --Local test acc: 95.83333333333333
--Global test acc: 91.69444444444444
Epoch:32
------------local test finish-------------
idxs_users [0, 1, 2, 3, 4, 5, 6, 7, 8, 9]
------------local train start epoch: 33 -------------

epoch [1/1] batch [1/2] time 0.787 (0.787) data 0.689 (0.689) loss 0.1481 (0.1481) acc 93.7500 (93.7500) spf_gamma 0.0500 (0.0500) spf_rank 8.0000 (8.0000) spf_shared_loss 0.0003 (0.0003) spf_private_loss 0.0000 (0.0000) spf_private_norm 0.0004 (0.0004) spf_private_orth_ratio 0.0000 (0.0000) lr 1.0000e-03 eta 0:00:00 user 0
epoch [1/1] batch [2/2] time 0.072 (0.430) data 0.000 (0.344) loss 0.0743 (0.1112) acc 100.0000 (96.8750) spf_gamma 0.0500 (0.0500) spf_rank 8.0000 (8.0000) spf_shared_loss 0.0003 (0.0003) spf_private_loss 0.0000 (0.0000) spf_private_norm 0.0004 (0.0004) spf_private_orth_ratio 0.0000 (0.0000) lr 1.0000e-03 eta 0:00:00 user 0
Finish training: 0 user
Deploy the last-epoch model
0 User, Elapsed: 0:00:01
epoch [1/1] batch [1/2] time 0.653 (0.653) data 0.581 (0.581) loss 0.1912 (0.1912) acc 96.8750 (96.8750) spf_gamma 0.0500 (0.0500) spf_rank 8.0000 (8.0000) spf_shared_loss 0.0003 (0.0003) spf_private_loss 0.0000 (0.0000) spf_private_norm 0.0004 (0.0004) spf_private_orth_ratio 0.0000 (0.0000) lr 1.0000e-03 eta 0:00:00 user 1
epoch [1/1] batch [2/2] time 0.072 (0.362) data 0.000 (0.290) loss 0.0965 (0.1439) acc 100.0000 (98.4375) spf_gamma 0.0500 (0.0500) spf_rank 8.0000 (8.0000) spf_shared_loss 0.0003 (0.0003) spf_private_loss 0.0000 (0.0000) spf_private_norm 0.0004 (0.0004) spf_private_orth_ratio 0.0000 (0.0000) lr 1.0000e-03 eta 0:00:00 user 1
Finish training: 1 user
Deploy the last-epoch model
1 User, Elapsed: 0:00:01
epoch [1/1] batch [1/2] time 0.720 (0.720) data 0.645 (0.645) loss 0.1348 (0.1348) acc 96.8750 (96.8750) spf_gamma 0.0500 (0.0500) spf_rank 8.0000 (8.0000) spf_shared_loss 0.0003 (0.0003) spf_private_loss 0.0000 (0.0000) spf_private_norm 0.0004 (0.0004) spf_private_orth_ratio 0.0000 (0.0000) lr 1.0000e-03 eta 0:00:00 user 2
epoch [1/1] batch [2/2] time 0.072 (0.396) data 0.000 (0.322) loss 0.1958 (0.1653) acc 90.6250 (93.7500) spf_gamma 0.0500 (0.0500) spf_rank 8.0000 (8.0000) spf_shared_loss 0.0003 (0.0003) spf_private_loss 0.0000 (0.0000) spf_private_norm 0.0004 (0.0004) spf_private_orth_ratio 0.0000 (0.0000) lr 1.0000e-03 eta 0:00:00 user 2
Finish training: 2 user
Deploy the last-epoch model
2 User, Elapsed: 0:00:01
epoch [1/1] batch [1/2] time 0.654 (0.654) data 0.580 (0.580) loss 0.0561 (0.0561) acc 96.8750 (96.8750) spf_gamma 0.0500 (0.0500) spf_rank 8.0000 (8.0000) spf_shared_loss 0.0003 (0.0003) spf_private_loss 0.0000 (0.0000) spf_private_norm 0.0004 (0.0004) spf_private_orth_ratio 0.0000 (0.0000) lr 1.0000e-03 eta 0:00:00 user 3
epoch [1/1] batch [2/2] time 0.072 (0.363) data 0.000 (0.290) loss 0.0552 (0.0556) acc 100.0000 (98.4375) spf_gamma 0.0500 (0.0500) spf_rank 8.0000 (8.0000) spf_shared_loss 0.0003 (0.0003) spf_private_loss 0.0000 (0.0000) spf_private_norm 0.0004 (0.0004) spf_private_orth_ratio 0.0000 (0.0000) lr 1.0000e-03 eta 0:00:00 user 3
Finish training: 3 user
Deploy the last-epoch model
3 User, Elapsed: 0:00:01
epoch [1/1] batch [1/2] time 0.679 (0.679) data 0.593 (0.593) loss 0.1962 (0.1962) acc 96.8750 (96.8750) spf_gamma 0.0500 (0.0500) spf_rank 8.0000 (8.0000) spf_shared_loss 0.0003 (0.0003) spf_private_loss 0.0000 (0.0000) spf_private_norm 0.0004 (0.0004) spf_private_orth_ratio 0.0000 (0.0000) lr 1.0000e-03 eta 0:00:00 user 4
epoch [1/1] batch [2/2] time 0.073 (0.376) data 0.000 (0.297) loss 0.1858 (0.1910) acc 93.7500 (95.3125) spf_gamma 0.0500 (0.0500) spf_rank 8.0000 (8.0000) spf_shared_loss 0.0003 (0.0003) spf_private_loss 0.0000 (0.0000) spf_private_norm 0.0004 (0.0004) spf_private_orth_ratio 0.0000 (0.0000) lr 1.0000e-03 eta 0:00:00 user 4
Finish training: 4 user
Deploy the last-epoch model
4 User, Elapsed: 0:00:01
epoch [1/1] batch [1/2] time 0.702 (0.702) data 0.621 (0.621) loss 0.0628 (0.0628) acc 100.0000 (100.0000) spf_gamma 0.0500 (0.0500) spf_rank 8.0000 (8.0000) spf_shared_loss 0.0003 (0.0003) spf_private_loss 0.0000 (0.0000) spf_private_norm 0.0004 (0.0004) spf_private_orth_ratio 0.0000 (0.0000) lr 1.0000e-03 eta 0:00:00 user 5
epoch [1/1] batch [2/2] time 0.083 (0.392) data 0.000 (0.311) loss 0.0707 (0.0668) acc 96.8750 (98.4375) spf_gamma 0.0500 (0.0500) spf_rank 8.0000 (8.0000) spf_shared_loss 0.0003 (0.0003) spf_private_loss 0.0000 (0.0000) spf_private_norm 0.0004 (0.0004) spf_private_orth_ratio 0.0000 (0.0000) lr 1.0000e-03 eta 0:00:00 user 5
Finish training: 5 user
Deploy the last-epoch model
5 User, Elapsed: 0:00:01
epoch [1/1] batch [1/2] time 0.740 (0.740) data 0.654 (0.654) loss 0.2840 (0.2840) acc 90.6250 (90.6250) spf_gamma 0.0500 (0.0500) spf_rank 8.0000 (8.0000) spf_shared_loss 0.0003 (0.0003) spf_private_loss 0.0000 (0.0000) spf_private_norm 0.0004 (0.0004) spf_private_orth_ratio 0.0000 (0.0000) lr 1.0000e-03 eta 0:00:00 user 6
epoch [1/1] batch [2/2] time 0.080 (0.410) data 0.000 (0.327) loss 0.3592 (0.3216) acc 87.5000 (89.0625) spf_gamma 0.0500 (0.0500) spf_rank 8.0000 (8.0000) spf_shared_loss 0.0003 (0.0003) spf_private_loss 0.0000 (0.0000) spf_private_norm 0.0004 (0.0004) spf_private_orth_ratio 0.0000 (0.0000) lr 1.0000e-03 eta 0:00:00 user 6
Finish training: 6 user
Deploy the last-epoch model
6 User, Elapsed: 0:00:01
epoch [1/1] batch [1/2] time 0.808 (0.808) data 0.651 (0.651) loss 0.1186 (0.1186) acc 96.8750 (96.8750) spf_gamma 0.0500 (0.0500) spf_rank 8.0000 (8.0000) spf_shared_loss 0.0003 (0.0003) spf_private_loss 0.0000 (0.0000) spf_private_norm 0.0004 (0.0004) spf_private_orth_ratio 0.0000 (0.0000) lr 1.0000e-03 eta 0:00:00 user 7
epoch [1/1] batch [2/2] time 0.079 (0.443) data 0.000 (0.325) loss 0.0780 (0.0983) acc 100.0000 (98.4375) spf_gamma 0.0500 (0.0500) spf_rank 8.0000 (8.0000) spf_shared_loss 0.0003 (0.0003) spf_private_loss 0.0000 (0.0000) spf_private_norm 0.0004 (0.0004) spf_private_orth_ratio 0.0000 (0.0000) lr 1.0000e-03 eta 0:00:00 user 7
Finish training: 7 user
Deploy the last-epoch model
7 User, Elapsed: 0:00:01
epoch [1/1] batch [1/2] time 0.660 (0.660) data 0.587 (0.587) loss 0.1320 (0.1320) acc 96.8750 (96.8750) spf_gamma 0.0500 (0.0500) spf_rank 8.0000 (8.0000) spf_shared_loss 0.0003 (0.0003) spf_private_loss 0.0000 (0.0000) spf_private_norm 0.0004 (0.0004) spf_private_orth_ratio 0.0000 (0.0000) lr 1.0000e-03 eta 0:00:00 user 8
epoch [1/1] batch [2/2] time 0.082 (0.371) data 0.000 (0.293) loss 0.1082 (0.1201) acc 100.0000 (98.4375) spf_gamma 0.0500 (0.0500) spf_rank 8.0000 (8.0000) spf_shared_loss 0.0003 (0.0003) spf_private_loss 0.0000 (0.0000) spf_private_norm 0.0004 (0.0004) spf_private_orth_ratio 0.0000 (0.0000) lr 1.0000e-03 eta 0:00:00 user 8
Finish training: 8 user
Deploy the last-epoch model
8 User, Elapsed: 0:00:01
epoch [1/1] batch [1/1] time 0.756 (0.756) data 0.675 (0.675) loss 0.0426 (0.0426) acc 100.0000 (100.0000) spf_gamma 0.0500 (0.0500) spf_rank 8.0000 (8.0000) spf_shared_loss 0.0003 (0.0003) spf_private_loss 0.0000 (0.0000) spf_private_norm 0.0004 (0.0004) spf_private_orth_ratio 0.0000 (0.0000) lr 1.0000e-03 eta 0:00:00 user 9
Finish training: 9 user
Deploy the last-epoch model
9 User, Elapsed: 0:00:01
------------local train finish epoch: 33 -------------
------------local test start-------------
Evaluate on the client0_test set
  0%|          | 0/2 [00:00<?, ?it/s] 50%|█████     | 1/2 [00:01<00:01,  1.39s/it]100%|██████████| 2/2 [00:01<00:00,  1.27it/s]
=> result
* total: 180
* correct: 171
* accuracy: 95.0%
* error: 5.0%
* macro_f1: 95.3%
Evaluate on the client1_test set
  0%|          | 0/2 [00:00<?, ?it/s] 50%|█████     | 1/2 [00:01<00:01,  1.42s/it]100%|██████████| 2/2 [00:01<00:00,  1.26it/s]
=> result
* total: 180
* correct: 171
* accuracy: 95.0%
* error: 5.0%
* macro_f1: 95.7%
Evaluate on the client2_test set
  0%|          | 0/2 [00:00<?, ?it/s] 50%|█████     | 1/2 [00:01<00:01,  1.37s/it]100%|██████████| 2/2 [00:01<00:00,  1.29it/s]
=> result
* total: 180
* correct: 154
* accuracy: 85.6%
* error: 14.4%
* macro_f1: 85.3%
Evaluate on the client3_test set
  0%|          | 0/2 [00:00<?, ?it/s] 50%|█████     | 1/2 [00:01<00:01,  1.42s/it]100%|██████████| 2/2 [00:01<00:00,  1.54it/s]100%|██████████| 2/2 [00:01<00:00,  1.24it/s]
=> result
* total: 180
* correct: 169
* accuracy: 93.9%
* error: 6.1%
* macro_f1: 93.9%
Evaluate on the client4_test set
  0%|          | 0/2 [00:00<?, ?it/s] 50%|█████     | 1/2 [00:01<00:01,  1.30s/it]100%|██████████| 2/2 [00:01<00:00,  1.36it/s]
=> result
* total: 180
* correct: 160
* accuracy: 88.9%
* error: 11.1%
* macro_f1: 88.9%
Evaluate on the client5_test set
  0%|          | 0/2 [00:00<?, ?it/s] 50%|█████     | 1/2 [00:01<00:01,  1.41s/it]100%|██████████| 2/2 [00:01<00:00,  1.26it/s]
=> result
* total: 180
* correct: 169
* accuracy: 93.9%
* error: 6.1%
* macro_f1: 94.4%
Evaluate on the client6_test set
  0%|          | 0/2 [00:00<?, ?it/s] 50%|█████     | 1/2 [00:01<00:01,  1.45s/it]100%|██████████| 2/2 [00:01<00:00,  1.47it/s]100%|██████████| 2/2 [00:01<00:00,  1.18it/s]
=> result
* total: 180
* correct: 167
* accuracy: 92.8%
* error: 7.2%
* macro_f1: 92.9%
Evaluate on the client7_test set
  0%|          | 0/2 [00:00<?, ?it/s] 50%|█████     | 1/2 [00:01<00:01,  1.38s/it]100%|██████████| 2/2 [00:01<00:00,  1.28it/s]
=> result
* total: 180
* correct: 170
* accuracy: 94.4%
* error: 5.6%
* macro_f1: 94.4%
Evaluate on the client8_test set
  0%|          | 0/2 [00:00<?, ?it/s] 50%|█████     | 1/2 [00:01<00:01,  1.42s/it]100%|██████████| 2/2 [00:01<00:00,  1.26it/s]
=> result
* total: 180
* correct: 156
* accuracy: 86.7%
* error: 13.3%
* macro_f1: 86.5%
Evaluate on the client9_test set
  0%|          | 0/1 [00:00<?, ?it/s]100%|██████████| 1/1 [00:00<00:00,  1.06it/s]100%|██████████| 1/1 [00:01<00:00,  1.04s/it]=> result
* total: 72
* correct: 69
* accuracy: 95.8%
* error: 4.2%
* macro_f1: 95.8%
0 --Local test acc: 95.0
1 --Local test acc: 95.0
2 --Local test acc: 85.55555555555556
3 --Local test acc: 93.88888888888889
4 --Local test acc: 88.88888888888889
5 --Local test acc: 93.88888888888889
6 --Local test acc: 92.77777777777777
7 --Local test acc: 94.44444444444444
8 --Local test acc: 86.66666666666667
9 --Local test acc: 95.83333333333333
--Global test acc: 92.19444444444444
Epoch:33
------------local test finish-------------
idxs_users [0, 1, 2, 3, 4, 5, 6, 7, 8, 9]
------------local train start epoch: 34 -------------

epoch [1/1] batch [1/2] time 0.737 (0.737) data 0.662 (0.662) loss 0.0983 (0.0983) acc 100.0000 (100.0000) spf_gamma 0.0500 (0.0500) spf_rank 8.0000 (8.0000) spf_shared_loss 0.0003 (0.0003) spf_private_loss 0.0000 (0.0000) spf_private_norm 0.0004 (0.0004) spf_private_orth_ratio 0.0000 (0.0000) lr 1.0000e-03 eta 0:00:00 user 0
epoch [1/1] batch [2/2] time 0.080 (0.409) data 0.000 (0.331) loss 0.1295 (0.1139) acc 96.8750 (98.4375) spf_gamma 0.0500 (0.0500) spf_rank 8.0000 (8.0000) spf_shared_loss 0.0003 (0.0003) spf_private_loss 0.0000 (0.0000) spf_private_norm 0.0004 (0.0004) spf_private_orth_ratio 0.0000 (0.0000) lr 1.0000e-03 eta 0:00:00 user 0
Finish training: 0 user
Deploy the last-epoch model
0 User, Elapsed: 0:00:01
epoch [1/1] batch [1/2] time 0.643 (0.643) data 0.563 (0.563) loss 0.1165 (0.1165) acc 96.8750 (96.8750) spf_gamma 0.0500 (0.0500) spf_rank 8.0000 (8.0000) spf_shared_loss 0.0003 (0.0003) spf_private_loss 0.0000 (0.0000) spf_private_norm 0.0004 (0.0004) spf_private_orth_ratio 0.0000 (0.0000) lr 1.0000e-03 eta 0:00:00 user 1
epoch [1/1] batch [2/2] time 0.078 (0.360) data 0.000 (0.282) loss 0.2158 (0.1662) acc 96.8750 (96.8750) spf_gamma 0.0500 (0.0500) spf_rank 8.0000 (8.0000) spf_shared_loss 0.0003 (0.0003) spf_private_loss 0.0000 (0.0000) spf_private_norm 0.0004 (0.0004) spf_private_orth_ratio 0.0000 (0.0000) lr 1.0000e-03 eta 0:00:00 user 1
Finish training: 1 user
Deploy the last-epoch model
1 User, Elapsed: 0:00:01
epoch [1/1] batch [1/2] time 0.668 (0.668) data 0.585 (0.585) loss 0.1337 (0.1337) acc 93.7500 (93.7500) spf_gamma 0.0500 (0.0500) spf_rank 8.0000 (8.0000) spf_shared_loss 0.0003 (0.0003) spf_private_loss 0.0000 (0.0000) spf_private_norm 0.0004 (0.0004) spf_private_orth_ratio 0.0000 (0.0000) lr 1.0000e-03 eta 0:00:00 user 2
epoch [1/1] batch [2/2] time 0.088 (0.378) data 0.000 (0.293) loss 0.2478 (0.1908) acc 90.6250 (92.1875) spf_gamma 0.0500 (0.0500) spf_rank 8.0000 (8.0000) spf_shared_loss 0.0003 (0.0003) spf_private_loss 0.0000 (0.0000) spf_private_norm 0.0004 (0.0004) spf_private_orth_ratio 0.0000 (0.0000) lr 1.0000e-03 eta 0:00:00 user 2
Finish training: 2 user
Deploy the last-epoch model
2 User, Elapsed: 0:00:01
epoch [1/1] batch [1/2] time 0.724 (0.724) data 0.651 (0.651) loss 0.0399 (0.0399) acc 100.0000 (100.0000) spf_gamma 0.0500 (0.0500) spf_rank 8.0000 (8.0000) spf_shared_loss 0.0003 (0.0003) spf_private_loss 0.0000 (0.0000) spf_private_norm 0.0004 (0.0004) spf_private_orth_ratio 0.0000 (0.0000) lr 1.0000e-03 eta 0:00:00 user 3
epoch [1/1] batch [2/2] time 0.073 (0.398) data 0.000 (0.326) loss 0.0337 (0.0368) acc 100.0000 (100.0000) spf_gamma 0.0500 (0.0500) spf_rank 8.0000 (8.0000) spf_shared_loss 0.0003 (0.0003) spf_private_loss 0.0000 (0.0000) spf_private_norm 0.0004 (0.0004) spf_private_orth_ratio 0.0000 (0.0000) lr 1.0000e-03 eta 0:00:00 user 3
Finish training: 3 user
Deploy the last-epoch model
3 User, Elapsed: 0:00:01
epoch [1/1] batch [1/2] time 0.675 (0.675) data 0.598 (0.598) loss 0.1198 (0.1198) acc 96.8750 (96.8750) spf_gamma 0.0500 (0.0500) spf_rank 8.0000 (8.0000) spf_shared_loss 0.0003 (0.0003) spf_private_loss 0.0000 (0.0000) spf_private_norm 0.0004 (0.0004) spf_private_orth_ratio 0.0000 (0.0000) lr 1.0000e-03 eta 0:00:00 user 4
epoch [1/1] batch [2/2] time 0.072 (0.373) data 0.000 (0.299) loss 0.2124 (0.1661) acc 93.7500 (95.3125) spf_gamma 0.0500 (0.0500) spf_rank 8.0000 (8.0000) spf_shared_loss 0.0003 (0.0003) spf_private_loss 0.0000 (0.0000) spf_private_norm 0.0004 (0.0004) spf_private_orth_ratio 0.0000 (0.0000) lr 1.0000e-03 eta 0:00:00 user 4
Finish training: 4 user
Deploy the last-epoch model
4 User, Elapsed: 0:00:01
epoch [1/1] batch [1/2] time 0.714 (0.714) data 0.612 (0.612) loss 0.0908 (0.0908) acc 96.8750 (96.8750) spf_gamma 0.0500 (0.0500) spf_rank 8.0000 (8.0000) spf_shared_loss 0.0003 (0.0003) spf_private_loss 0.0000 (0.0000) spf_private_norm 0.0004 (0.0004) spf_private_orth_ratio 0.0000 (0.0000) lr 1.0000e-03 eta 0:00:00 user 5
epoch [1/1] batch [2/2] time 0.197 (0.456) data 0.000 (0.306) loss 0.0520 (0.0714) acc 100.0000 (98.4375) spf_gamma 0.0500 (0.0500) spf_rank 8.0000 (8.0000) spf_shared_loss 0.0003 (0.0003) spf_private_loss 0.0000 (0.0000) spf_private_norm 0.0004 (0.0004) spf_private_orth_ratio 0.0000 (0.0000) lr 1.0000e-03 eta 0:00:00 user 5
Finish training: 5 user
Deploy the last-epoch model
5 User, Elapsed: 0:00:01
epoch [1/1] batch [1/2] time 0.707 (0.707) data 0.628 (0.628) loss 0.2703 (0.2703) acc 87.5000 (87.5000) spf_gamma 0.0500 (0.0500) spf_rank 8.0000 (8.0000) spf_shared_loss 0.0003 (0.0003) spf_private_loss 0.0000 (0.0000) spf_private_norm 0.0004 (0.0004) spf_private_orth_ratio 0.0000 (0.0000) lr 1.0000e-03 eta 0:00:00 user 6
epoch [1/1] batch [2/2] time 0.079 (0.393) data 0.000 (0.314) loss 0.2078 (0.2390) acc 90.6250 (89.0625) spf_gamma 0.0500 (0.0500) spf_rank 8.0000 (8.0000) spf_shared_loss 0.0003 (0.0003) spf_private_loss 0.0000 (0.0000) spf_private_norm 0.0004 (0.0004) spf_private_orth_ratio 0.0000 (0.0000) lr 1.0000e-03 eta 0:00:00 user 6
Finish training: 6 user
Deploy the last-epoch model
6 User, Elapsed: 0:00:01
epoch [1/1] batch [1/2] time 0.748 (0.748) data 0.669 (0.669) loss 0.2657 (0.2657) acc 90.6250 (90.6250) spf_gamma 0.0500 (0.0500) spf_rank 8.0000 (8.0000) spf_shared_loss 0.0003 (0.0003) spf_private_loss 0.0000 (0.0000) spf_private_norm 0.0004 (0.0004) spf_private_orth_ratio 0.0000 (0.0000) lr 1.0000e-03 eta 0:00:00 user 7
epoch [1/1] batch [2/2] time 0.084 (0.416) data 0.000 (0.334) loss 0.0568 (0.1612) acc 100.0000 (95.3125) spf_gamma 0.0500 (0.0500) spf_rank 8.0000 (8.0000) spf_shared_loss 0.0003 (0.0003) spf_private_loss 0.0000 (0.0000) spf_private_norm 0.0004 (0.0004) spf_private_orth_ratio 0.0000 (0.0000) lr 1.0000e-03 eta 0:00:00 user 7
Finish training: 7 user
Deploy the last-epoch model
7 User, Elapsed: 0:00:01
epoch [1/1] batch [1/2] time 0.640 (0.640) data 0.566 (0.566) loss 0.1874 (0.1874) acc 93.7500 (93.7500) spf_gamma 0.0500 (0.0500) spf_rank 8.0000 (8.0000) spf_shared_loss 0.0003 (0.0003) spf_private_loss 0.0000 (0.0000) spf_private_norm 0.0004 (0.0004) spf_private_orth_ratio 0.0000 (0.0000) lr 1.0000e-03 eta 0:00:00 user 8
epoch [1/1] batch [2/2] time 0.079 (0.359) data 0.000 (0.283) loss 0.2657 (0.2265) acc 93.7500 (93.7500) spf_gamma 0.0500 (0.0500) spf_rank 8.0000 (8.0000) spf_shared_loss 0.0003 (0.0003) spf_private_loss 0.0000 (0.0000) spf_private_norm 0.0004 (0.0004) spf_private_orth_ratio 0.0000 (0.0000) lr 1.0000e-03 eta 0:00:00 user 8
Finish training: 8 user
Deploy the last-epoch model
8 User, Elapsed: 0:00:01
epoch [1/1] batch [1/1] time 0.667 (0.667) data 0.588 (0.588) loss 0.0311 (0.0311) acc 100.0000 (100.0000) spf_gamma 0.0500 (0.0500) spf_rank 8.0000 (8.0000) spf_shared_loss 0.0003 (0.0003) spf_private_loss 0.0000 (0.0000) spf_private_norm 0.0004 (0.0004) spf_private_orth_ratio 0.0000 (0.0000) lr 1.0000e-03 eta 0:00:00 user 9
Finish training: 9 user
Deploy the last-epoch model
9 User, Elapsed: 0:00:01
------------local train finish epoch: 34 -------------
------------local test start-------------
Evaluate on the client0_test set
  0%|          | 0/2 [00:00<?, ?it/s] 50%|█████     | 1/2 [00:01<00:01,  1.28s/it]100%|██████████| 2/2 [00:01<00:00,  1.38it/s]
=> result
* total: 180
* correct: 172
* accuracy: 95.6%
* error: 4.4%
* macro_f1: 95.8%
Evaluate on the client1_test set
  0%|          | 0/2 [00:00<?, ?it/s] 50%|█████     | 1/2 [00:01<00:01,  1.37s/it]100%|██████████| 2/2 [00:01<00:00,  1.29it/s]
=> result
* total: 180
* correct: 169
* accuracy: 93.9%
* error: 6.1%
* macro_f1: 94.6%
Evaluate on the client2_test set
  0%|          | 0/2 [00:00<?, ?it/s] 50%|█████     | 1/2 [00:01<00:01,  1.47s/it]100%|██████████| 2/2 [00:01<00:00,  1.22it/s]
=> result
* total: 180
* correct: 155
* accuracy: 86.1%
* error: 13.9%
* macro_f1: 86.0%
Evaluate on the client3_test set
  0%|          | 0/2 [00:00<?, ?it/s] 50%|█████     | 1/2 [00:01<00:01,  1.34s/it]100%|██████████| 2/2 [00:01<00:00,  1.33it/s]
=> result
* total: 180
* correct: 168
* accuracy: 93.3%
* error: 6.7%
* macro_f1: 93.3%
Evaluate on the client4_test set
  0%|          | 0/2 [00:00<?, ?it/s] 50%|█████     | 1/2 [00:01<00:01,  1.39s/it]100%|██████████| 2/2 [00:01<00:00,  1.27it/s]
=> result
* total: 180
* correct: 157
* accuracy: 87.2%
* error: 12.8%
* macro_f1: 87.6%
Evaluate on the client5_test set
  0%|          | 0/2 [00:00<?, ?it/s] 50%|█████     | 1/2 [00:01<00:01,  1.31s/it]100%|██████████| 2/2 [00:01<00:00,  1.34it/s]
=> result
* total: 180
* correct: 170
* accuracy: 94.4%
* error: 5.6%
* macro_f1: 94.9%
Evaluate on the client6_test set
  0%|          | 0/2 [00:00<?, ?it/s] 50%|█████     | 1/2 [00:01<00:01,  1.34s/it]100%|██████████| 2/2 [00:01<00:00,  1.32it/s]
=> result
* total: 180
* correct: 171
* accuracy: 95.0%
* error: 5.0%
* macro_f1: 95.0%
Evaluate on the client7_test set
  0%|          | 0/2 [00:00<?, ?it/s] 50%|█████     | 1/2 [00:01<00:01,  1.38s/it]100%|██████████| 2/2 [00:01<00:00,  1.28it/s]
=> result
* total: 180
* correct: 164
* accuracy: 91.1%
* error: 8.9%
* macro_f1: 91.8%
Evaluate on the client8_test set
  0%|          | 0/2 [00:00<?, ?it/s] 50%|█████     | 1/2 [00:01<00:01,  1.47s/it]100%|██████████| 2/2 [00:01<00:00,  1.43it/s]100%|██████████| 2/2 [00:01<00:00,  1.15it/s]
=> result
* total: 180
* correct: 152
* accuracy: 84.4%
* error: 15.6%
* macro_f1: 84.0%
Evaluate on the client9_test set
  0%|          | 0/1 [00:00<?, ?it/s]100%|██████████| 1/1 [00:00<00:00,  1.02it/s]100%|██████████| 1/1 [00:01<00:00,  1.06s/it]=> result
* total: 72
* correct: 71
* accuracy: 98.6%
* error: 1.4%
* macro_f1: 98.6%
0 --Local test acc: 95.55555555555556
1 --Local test acc: 93.88888888888889
2 --Local test acc: 86.11111111111111
3 --Local test acc: 93.33333333333333
4 --Local test acc: 87.22222222222223
5 --Local test acc: 94.44444444444444
6 --Local test acc: 95.0
7 --Local test acc: 91.11111111111111
8 --Local test acc: 84.44444444444444
9 --Local test acc: 98.61111111111111
--Global test acc: 91.97222222222221
Epoch:34
------------local test finish-------------
idxs_users [0, 1, 2, 3, 4, 5, 6, 7, 8, 9]
------------local train start epoch: 35 -------------

epoch [1/1] batch [1/2] time 0.738 (0.738) data 0.647 (0.647) loss 0.1891 (0.1891) acc 90.6250 (90.6250) spf_gamma 0.0500 (0.0500) spf_rank 8.0000 (8.0000) spf_shared_loss 0.0003 (0.0003) spf_private_loss 0.0000 (0.0000) spf_private_norm 0.0004 (0.0004) spf_private_orth_ratio 0.0000 (0.0000) lr 1.0000e-03 eta 0:00:00 user 0
epoch [1/1] batch [2/2] time 0.077 (0.407) data 0.000 (0.324) loss 0.0432 (0.1162) acc 100.0000 (95.3125) spf_gamma 0.0500 (0.0500) spf_rank 8.0000 (8.0000) spf_shared_loss 0.0003 (0.0003) spf_private_loss 0.0000 (0.0000) spf_private_norm 0.0004 (0.0004) spf_private_orth_ratio 0.0000 (0.0000) lr 1.0000e-03 eta 0:00:00 user 0
Finish training: 0 user
Deploy the last-epoch model
0 User, Elapsed: 0:00:01
epoch [1/1] batch [1/2] time 0.680 (0.680) data 0.601 (0.601) loss 0.0520 (0.0520) acc 100.0000 (100.0000) spf_gamma 0.0500 (0.0500) spf_rank 8.0000 (8.0000) spf_shared_loss 0.0003 (0.0003) spf_private_loss 0.0000 (0.0000) spf_private_norm 0.0004 (0.0004) spf_private_orth_ratio 0.0000 (0.0000) lr 1.0000e-03 eta 0:00:00 user 1
epoch [1/1] batch [2/2] time 0.073 (0.376) data 0.000 (0.300) loss 0.0816 (0.0668) acc 100.0000 (100.0000) spf_gamma 0.0500 (0.0500) spf_rank 8.0000 (8.0000) spf_shared_loss 0.0003 (0.0003) spf_private_loss 0.0000 (0.0000) spf_private_norm 0.0004 (0.0004) spf_private_orth_ratio 0.0000 (0.0000) lr 1.0000e-03 eta 0:00:00 user 1
Finish training: 1 user
Deploy the last-epoch model
1 User, Elapsed: 0:00:01
epoch [1/1] batch [1/2] time 0.664 (0.664) data 0.572 (0.572) loss 0.1588 (0.1588) acc 93.7500 (93.7500) spf_gamma 0.0500 (0.0500) spf_rank 8.0000 (8.0000) spf_shared_loss 0.0003 (0.0003) spf_private_loss 0.0000 (0.0000) spf_private_norm 0.0004 (0.0004) spf_private_orth_ratio 0.0000 (0.0000) lr 1.0000e-03 eta 0:00:00 user 2
epoch [1/1] batch [2/2] time 0.073 (0.369) data 0.000 (0.286) loss 0.1374 (0.1481) acc 93.7500 (93.7500) spf_gamma 0.0500 (0.0500) spf_rank 8.0000 (8.0000) spf_shared_loss 0.0003 (0.0003) spf_private_loss 0.0000 (0.0000) spf_private_norm 0.0004 (0.0004) spf_private_orth_ratio 0.0000 (0.0000) lr 1.0000e-03 eta 0:00:00 user 2
Finish training: 2 user
Deploy the last-epoch model
2 User, Elapsed: 0:00:01
epoch [1/1] batch [1/2] time 0.735 (0.735) data 0.651 (0.651) loss 0.0301 (0.0301) acc 100.0000 (100.0000) spf_gamma 0.0500 (0.0500) spf_rank 8.0000 (8.0000) spf_shared_loss 0.0003 (0.0003) spf_private_loss 0.0000 (0.0000) spf_private_norm 0.0004 (0.0004) spf_private_orth_ratio 0.0000 (0.0000) lr 1.0000e-03 eta 0:00:00 user 3
epoch [1/1] batch [2/2] time 0.078 (0.407) data 0.000 (0.326) loss 0.0665 (0.0483) acc 100.0000 (100.0000) spf_gamma 0.0500 (0.0500) spf_rank 8.0000 (8.0000) spf_shared_loss 0.0003 (0.0003) spf_private_loss 0.0000 (0.0000) spf_private_norm 0.0004 (0.0004) spf_private_orth_ratio 0.0000 (0.0000) lr 1.0000e-03 eta 0:00:00 user 3
Finish training: 3 user
Deploy the last-epoch model
3 User, Elapsed: 0:00:01
epoch [1/1] batch [1/2] time 0.798 (0.798) data 0.600 (0.600) loss 0.1269 (0.1269) acc 96.8750 (96.8750) spf_gamma 0.0500 (0.0500) spf_rank 8.0000 (8.0000) spf_shared_loss 0.0003 (0.0003) spf_private_loss 0.0000 (0.0000) spf_private_norm 0.0004 (0.0004) spf_private_orth_ratio 0.0000 (0.0000) lr 1.0000e-03 eta 0:00:00 user 4
epoch [1/1] batch [2/2] time 0.161 (0.480) data 0.000 (0.300) loss 0.3787 (0.2528) acc 87.5000 (92.1875) spf_gamma 0.0500 (0.0500) spf_rank 8.0000 (8.0000) spf_shared_loss 0.0003 (0.0003) spf_private_loss 0.0000 (0.0000) spf_private_norm 0.0004 (0.0004) spf_private_orth_ratio 0.0000 (0.0000) lr 1.0000e-03 eta 0:00:00 user 4
Finish training: 4 user
Deploy the last-epoch model
4 User, Elapsed: 0:00:01
epoch [1/1] batch [1/2] time 0.678 (0.678) data 0.591 (0.591) loss 0.0493 (0.0493) acc 96.8750 (96.8750) spf_gamma 0.0500 (0.0500) spf_rank 8.0000 (8.0000) spf_shared_loss 0.0003 (0.0003) spf_private_loss 0.0000 (0.0000) spf_private_norm 0.0004 (0.0004) spf_private_orth_ratio 0.0000 (0.0000) lr 1.0000e-03 eta 0:00:00 user 5
epoch [1/1] batch [2/2] time 0.073 (0.376) data 0.000 (0.296) loss 0.0619 (0.0556) acc 100.0000 (98.4375) spf_gamma 0.0500 (0.0500) spf_rank 8.0000 (8.0000) spf_shared_loss 0.0003 (0.0003) spf_private_loss 0.0000 (0.0000) spf_private_norm 0.0004 (0.0004) spf_private_orth_ratio 0.0000 (0.0000) lr 1.0000e-03 eta 0:00:00 user 5
Finish training: 5 user
Deploy the last-epoch model
5 User, Elapsed: 0:00:01
epoch [1/1] batch [1/2] time 0.751 (0.751) data 0.626 (0.626) loss 0.2830 (0.2830) acc 90.6250 (90.6250) spf_gamma 0.0500 (0.0500) spf_rank 8.0000 (8.0000) spf_shared_loss 0.0003 (0.0003) spf_private_loss 0.0000 (0.0000) spf_private_norm 0.0004 (0.0004) spf_private_orth_ratio 0.0000 (0.0000) lr 1.0000e-03 eta 0:00:00 user 6
epoch [1/1] batch [2/2] time 0.078 (0.414) data 0.000 (0.313) loss 0.3494 (0.3162) acc 90.6250 (90.6250) spf_gamma 0.0500 (0.0500) spf_rank 8.0000 (8.0000) spf_shared_loss 0.0003 (0.0003) spf_private_loss 0.0000 (0.0000) spf_private_norm 0.0004 (0.0004) spf_private_orth_ratio 0.0000 (0.0000) lr 1.0000e-03 eta 0:00:00 user 6
Finish training: 6 user
Deploy the last-epoch model
6 User, Elapsed: 0:00:01
epoch [1/1] batch [1/2] time 0.713 (0.713) data 0.636 (0.636) loss 0.3206 (0.3206) acc 93.7500 (93.7500) spf_gamma 0.0500 (0.0500) spf_rank 8.0000 (8.0000) spf_shared_loss 0.0003 (0.0003) spf_private_loss 0.0000 (0.0000) spf_private_norm 0.0004 (0.0004) spf_private_orth_ratio 0.0000 (0.0000) lr 1.0000e-03 eta 0:00:00 user 7
epoch [1/1] batch [2/2] time 0.073 (0.393) data 0.000 (0.318) loss 0.0739 (0.1972) acc 96.8750 (95.3125) spf_gamma 0.0500 (0.0500) spf_rank 8.0000 (8.0000) spf_shared_loss 0.0003 (0.0003) spf_private_loss 0.0000 (0.0000) spf_private_norm 0.0004 (0.0004) spf_private_orth_ratio 0.0000 (0.0000) lr 1.0000e-03 eta 0:00:00 user 7
Finish training: 7 user
Deploy the last-epoch model
7 User, Elapsed: 0:00:01
epoch [1/1] batch [1/2] time 0.769 (0.769) data 0.687 (0.687) loss 0.2232 (0.2232) acc 90.6250 (90.6250) spf_gamma 0.0500 (0.0500) spf_rank 8.0000 (8.0000) spf_shared_loss 0.0003 (0.0003) spf_private_loss 0.0000 (0.0000) spf_private_norm 0.0004 (0.0004) spf_private_orth_ratio 0.0000 (0.0000) lr 1.0000e-03 eta 0:00:00 user 8
epoch [1/1] batch [2/2] time 0.088 (0.428) data 0.000 (0.344) loss 0.3365 (0.2798) acc 87.5000 (89.0625) spf_gamma 0.0500 (0.0500) spf_rank 8.0000 (8.0000) spf_shared_loss 0.0003 (0.0003) spf_private_loss 0.0000 (0.0000) spf_private_norm 0.0004 (0.0004) spf_private_orth_ratio 0.0000 (0.0000) lr 1.0000e-03 eta 0:00:00 user 8
Finish training: 8 user
Deploy the last-epoch model
8 User, Elapsed: 0:00:01
epoch [1/1] batch [1/1] time 0.894 (0.894) data 0.709 (0.709) loss 0.0280 (0.0280) acc 100.0000 (100.0000) spf_gamma 0.0500 (0.0500) spf_rank 8.0000 (8.0000) spf_shared_loss 0.0003 (0.0003) spf_private_loss 0.0000 (0.0000) spf_private_norm 0.0004 (0.0004) spf_private_orth_ratio 0.0000 (0.0000) lr 1.0000e-03 eta 0:00:00 user 9
Finish training: 9 user
Deploy the last-epoch model
9 User, Elapsed: 0:00:01
------------local train finish epoch: 35 -------------
------------local test start-------------
Evaluate on the client0_test set
  0%|          | 0/2 [00:00<?, ?it/s] 50%|█████     | 1/2 [00:01<00:01,  1.25s/it]100%|██████████| 2/2 [00:01<00:00,  1.59it/s]100%|██████████| 2/2 [00:01<00:00,  1.30it/s]
=> result
* total: 180
* correct: 169
* accuracy: 93.9%
* error: 6.1%
* macro_f1: 94.1%
Evaluate on the client1_test set
  0%|          | 0/2 [00:00<?, ?it/s] 50%|█████     | 1/2 [00:01<00:01,  1.44s/it]100%|██████████| 2/2 [00:01<00:00,  1.40it/s]100%|██████████| 2/2 [00:01<00:00,  1.15it/s]
=> result
* total: 180
* correct: 170
* accuracy: 94.4%
* error: 5.6%
* macro_f1: 95.1%
Evaluate on the client2_test set
  0%|          | 0/2 [00:00<?, ?it/s] 50%|█████     | 1/2 [00:01<00:01,  1.28s/it]100%|██████████| 2/2 [00:01<00:00,  1.59it/s]100%|██████████| 2/2 [00:01<00:00,  1.29it/s]
=> result
* total: 180
* correct: 152
* accuracy: 84.4%
* error: 15.6%
* macro_f1: 84.1%
Evaluate on the client3_test set
  0%|          | 0/2 [00:00<?, ?it/s] 50%|█████     | 1/2 [00:01<00:01,  1.29s/it]100%|██████████| 2/2 [00:01<00:00,  1.38it/s]
=> result
* total: 180
* correct: 166
* accuracy: 92.2%
* error: 7.8%
* macro_f1: 92.2%
Evaluate on the client4_test set
  0%|          | 0/2 [00:00<?, ?it/s] 50%|█████     | 1/2 [00:01<00:01,  1.26s/it]100%|██████████| 2/2 [00:01<00:00,  1.69it/s]100%|██████████| 2/2 [00:01<00:00,  1.36it/s]
=> result
* total: 180
* correct: 158
* accuracy: 87.8%
* error: 12.2%
* macro_f1: 87.8%
Evaluate on the client5_test set
  0%|          | 0/2 [00:00<?, ?it/s] 50%|█████     | 1/2 [00:01<00:01,  1.27s/it]100%|██████████| 2/2 [00:01<00:00,  1.39it/s]
=> result
* total: 180
* correct: 169
* accuracy: 93.9%
* error: 6.1%
* macro_f1: 94.4%
Evaluate on the client6_test set
  0%|          | 0/2 [00:00<?, ?it/s] 50%|█████     | 1/2 [00:01<00:01,  1.40s/it]100%|██████████| 2/2 [00:01<00:00,  1.26it/s]
=> result
* total: 180
* correct: 164
* accuracy: 91.1%
* error: 8.9%
* macro_f1: 91.8%
Evaluate on the client7_test set
  0%|          | 0/2 [00:00<?, ?it/s] 50%|█████     | 1/2 [00:01<00:01,  1.54s/it]100%|██████████| 2/2 [00:01<00:00,  1.17it/s]
=> result
* total: 180
* correct: 172
* accuracy: 95.6%
* error: 4.4%
* macro_f1: 95.8%
Evaluate on the client8_test set
  0%|          | 0/2 [00:00<?, ?it/s] 50%|█████     | 1/2 [00:01<00:01,  1.31s/it]100%|██████████| 2/2 [00:01<00:00,  1.35it/s]
=> result
* total: 180
* correct: 153
* accuracy: 85.0%
* error: 15.0%
* macro_f1: 84.7%
Evaluate on the client9_test set
  0%|          | 0/1 [00:00<?, ?it/s]100%|██████████| 1/1 [00:00<00:00,  1.02it/s]100%|██████████| 1/1 [00:01<00:00,  1.07s/it]=> result
* total: 72
* correct: 70
* accuracy: 97.2%
* error: 2.8%
* macro_f1: 97.2%
0 --Local test acc: 93.88888888888889
1 --Local test acc: 94.44444444444444
2 --Local test acc: 84.44444444444444
3 --Local test acc: 92.22222222222223
4 --Local test acc: 87.77777777777777
5 --Local test acc: 93.88888888888889
6 --Local test acc: 91.11111111111111
7 --Local test acc: 95.55555555555556
8 --Local test acc: 85.0
9 --Local test acc: 97.22222222222223
--Global test acc: 91.55555555555554
Epoch:35
------------local test finish-------------
idxs_users [0, 1, 2, 3, 4, 5, 6, 7, 8, 9]
------------local train start epoch: 36 -------------

epoch [1/1] batch [1/2] time 0.696 (0.696) data 0.621 (0.621) loss 0.1500 (0.1500) acc 96.8750 (96.8750) spf_gamma 0.0500 (0.0500) spf_rank 8.0000 (8.0000) spf_shared_loss 0.0003 (0.0003) spf_private_loss 0.0000 (0.0000) spf_private_norm 0.0004 (0.0004) spf_private_orth_ratio 0.0000 (0.0000) lr 1.0000e-03 eta 0:00:00 user 0
epoch [1/1] batch [2/2] time 0.072 (0.384) data 0.000 (0.310) loss 0.0807 (0.1154) acc 100.0000 (98.4375) spf_gamma 0.0500 (0.0500) spf_rank 8.0000 (8.0000) spf_shared_loss 0.0003 (0.0003) spf_private_loss 0.0000 (0.0000) spf_private_norm 0.0004 (0.0004) spf_private_orth_ratio 0.0000 (0.0000) lr 1.0000e-03 eta 0:00:00 user 0
Finish training: 0 user
Deploy the last-epoch model
0 User, Elapsed: 0:00:01
epoch [1/1] batch [1/2] time 0.754 (0.754) data 0.680 (0.680) loss 0.0407 (0.0407) acc 100.0000 (100.0000) spf_gamma 0.0500 (0.0500) spf_rank 8.0000 (8.0000) spf_shared_loss 0.0003 (0.0003) spf_private_loss 0.0000 (0.0000) spf_private_norm 0.0004 (0.0004) spf_private_orth_ratio 0.0000 (0.0000) lr 1.0000e-03 eta 0:00:00 user 1
epoch [1/1] batch [2/2] time 0.072 (0.413) data 0.000 (0.340) loss 0.1426 (0.0917) acc 96.8750 (98.4375) spf_gamma 0.0500 (0.0500) spf_rank 8.0000 (8.0000) spf_shared_loss 0.0003 (0.0003) spf_private_loss 0.0000 (0.0000) spf_private_norm 0.0004 (0.0004) spf_private_orth_ratio 0.0000 (0.0000) lr 1.0000e-03 eta 0:00:00 user 1
Finish training: 1 user
Deploy the last-epoch model
1 User, Elapsed: 0:00:01
epoch [1/1] batch [1/2] time 0.677 (0.677) data 0.604 (0.604) loss 0.2136 (0.2136) acc 90.6250 (90.6250) spf_gamma 0.0500 (0.0500) spf_rank 8.0000 (8.0000) spf_shared_loss 0.0003 (0.0003) spf_private_loss 0.0000 (0.0000) spf_private_norm 0.0004 (0.0004) spf_private_orth_ratio 0.0000 (0.0000) lr 1.0000e-03 eta 0:00:00 user 2
epoch [1/1] batch [2/2] time 0.072 (0.375) data 0.000 (0.302) loss 0.2769 (0.2453) acc 90.6250 (90.6250) spf_gamma 0.0500 (0.0500) spf_rank 8.0000 (8.0000) spf_shared_loss 0.0003 (0.0003) spf_private_loss 0.0000 (0.0000) spf_private_norm 0.0004 (0.0004) spf_private_orth_ratio 0.0000 (0.0000) lr 1.0000e-03 eta 0:00:00 user 2
Finish training: 2 user
Deploy the last-epoch model
2 User, Elapsed: 0:00:01
epoch [1/1] batch [1/2] time 0.682 (0.682) data 0.601 (0.601) loss 0.0320 (0.0320) acc 100.0000 (100.0000) spf_gamma 0.0500 (0.0500) spf_rank 8.0000 (8.0000) spf_shared_loss 0.0003 (0.0003) spf_private_loss 0.0000 (0.0000) spf_private_norm 0.0004 (0.0004) spf_private_orth_ratio 0.0000 (0.0000) lr 1.0000e-03 eta 0:00:00 user 3
epoch [1/1] batch [2/2] time 0.079 (0.380) data 0.000 (0.300) loss 0.1045 (0.0682) acc 96.8750 (98.4375) spf_gamma 0.0500 (0.0500) spf_rank 8.0000 (8.0000) spf_shared_loss 0.0003 (0.0003) spf_private_loss 0.0000 (0.0000) spf_private_norm 0.0004 (0.0004) spf_private_orth_ratio 0.0000 (0.0000) lr 1.0000e-03 eta 0:00:00 user 3
Finish training: 3 user
Deploy the last-epoch model
3 User, Elapsed: 0:00:01
epoch [1/1] batch [1/2] time 0.728 (0.728) data 0.590 (0.590) loss 0.3316 (0.3316) acc 90.6250 (90.6250) spf_gamma 0.0500 (0.0500) spf_rank 8.0000 (8.0000) spf_shared_loss 0.0003 (0.0003) spf_private_loss 0.0000 (0.0000) spf_private_norm 0.0004 (0.0004) spf_private_orth_ratio 0.0000 (0.0000) lr 1.0000e-03 eta 0:00:00 user 4
epoch [1/1] batch [2/2] time 0.197 (0.463) data 0.000 (0.295) loss 0.2508 (0.2912) acc 93.7500 (92.1875) spf_gamma 0.0500 (0.0500) spf_rank 8.0000 (8.0000) spf_shared_loss 0.0003 (0.0003) spf_private_loss 0.0000 (0.0000) spf_private_norm 0.0004 (0.0004) spf_private_orth_ratio 0.0000 (0.0000) lr 1.0000e-03 eta 0:00:00 user 4
Finish training: 4 user
Deploy the last-epoch model
4 User, Elapsed: 0:00:01
epoch [1/1] batch [1/2] time 0.686 (0.686) data 0.605 (0.605) loss 0.0438 (0.0438) acc 100.0000 (100.0000) spf_gamma 0.0500 (0.0500) spf_rank 8.0000 (8.0000) spf_shared_loss 0.0003 (0.0003) spf_private_loss 0.0000 (0.0000) spf_private_norm 0.0004 (0.0004) spf_private_orth_ratio 0.0000 (0.0000) lr 1.0000e-03 eta 0:00:00 user 5
epoch [1/1] batch [2/2] time 0.076 (0.381) data 0.000 (0.302) loss 0.0627 (0.0533) acc 100.0000 (100.0000) spf_gamma 0.0500 (0.0500) spf_rank 8.0000 (8.0000) spf_shared_loss 0.0003 (0.0003) spf_private_loss 0.0000 (0.0000) spf_private_norm 0.0004 (0.0004) spf_private_orth_ratio 0.0000 (0.0000) lr 1.0000e-03 eta 0:00:00 user 5
Finish training: 5 user
Deploy the last-epoch model
5 User, Elapsed: 0:00:01
epoch [1/1] batch [1/2] time 0.798 (0.798) data 0.632 (0.632) loss 0.2470 (0.2470) acc 90.6250 (90.6250) spf_gamma 0.0500 (0.0500) spf_rank 8.0000 (8.0000) spf_shared_loss 0.0003 (0.0003) spf_private_loss 0.0000 (0.0000) spf_private_norm 0.0004 (0.0004) spf_private_orth_ratio 0.0000 (0.0000) lr 1.0000e-03 eta 0:00:00 user 6
epoch [1/1] batch [2/2] time 0.099 (0.449) data 0.000 (0.316) loss 0.4529 (0.3499) acc 81.2500 (85.9375) spf_gamma 0.0500 (0.0500) spf_rank 8.0000 (8.0000) spf_shared_loss 0.0003 (0.0003) spf_private_loss 0.0000 (0.0000) spf_private_norm 0.0004 (0.0004) spf_private_orth_ratio 0.0000 (0.0000) lr 1.0000e-03 eta 0:00:00 user 6
Finish training: 6 user
Deploy the last-epoch model
6 User, Elapsed: 0:00:01
epoch [1/1] batch [1/2] time 0.681 (0.681) data 0.608 (0.608) loss 0.2418 (0.2418) acc 96.8750 (96.8750) spf_gamma 0.0500 (0.0500) spf_rank 8.0000 (8.0000) spf_shared_loss 0.0003 (0.0003) spf_private_loss 0.0000 (0.0000) spf_private_norm 0.0004 (0.0004) spf_private_orth_ratio 0.0000 (0.0000) lr 1.0000e-03 eta 0:00:00 user 7
epoch [1/1] batch [2/2] time 0.072 (0.377) data 0.000 (0.304) loss 0.0753 (0.1586) acc 96.8750 (96.8750) spf_gamma 0.0500 (0.0500) spf_rank 8.0000 (8.0000) spf_shared_loss 0.0003 (0.0003) spf_private_loss 0.0000 (0.0000) spf_private_norm 0.0004 (0.0004) spf_private_orth_ratio 0.0000 (0.0000) lr 1.0000e-03 eta 0:00:00 user 7
Finish training: 7 user
Deploy the last-epoch model
7 User, Elapsed: 0:00:01
epoch [1/1] batch [1/2] time 0.669 (0.669) data 0.574 (0.574) loss 0.2173 (0.2173) acc 90.6250 (90.6250) spf_gamma 0.0500 (0.0500) spf_rank 8.0000 (8.0000) spf_shared_loss 0.0003 (0.0003) spf_private_loss 0.0000 (0.0000) spf_private_norm 0.0004 (0.0004) spf_private_orth_ratio 0.0000 (0.0000) lr 1.0000e-03 eta 0:00:00 user 8
epoch [1/1] batch [2/2] time 0.073 (0.371) data 0.000 (0.287) loss 0.2981 (0.2577) acc 90.6250 (90.6250) spf_gamma 0.0500 (0.0500) spf_rank 8.0000 (8.0000) spf_shared_loss 0.0003 (0.0003) spf_private_loss 0.0000 (0.0000) spf_private_norm 0.0004 (0.0004) spf_private_orth_ratio 0.0000 (0.0000) lr 1.0000e-03 eta 0:00:00 user 8
Finish training: 8 user
Deploy the last-epoch model
8 User, Elapsed: 0:00:01
epoch [1/1] batch [1/1] time 0.652 (0.652) data 0.579 (0.579) loss 0.0271 (0.0271) acc 100.0000 (100.0000) spf_gamma 0.0500 (0.0500) spf_rank 8.0000 (8.0000) spf_shared_loss 0.0003 (0.0003) spf_private_loss 0.0000 (0.0000) spf_private_norm 0.0004 (0.0004) spf_private_orth_ratio 0.0000 (0.0000) lr 1.0000e-03 eta 0:00:00 user 9
Finish training: 9 user
Deploy the last-epoch model
9 User, Elapsed: 0:00:01
------------local train finish epoch: 36 -------------
------------local test start-------------
Evaluate on the client0_test set
  0%|          | 0/2 [00:00<?, ?it/s] 50%|█████     | 1/2 [00:01<00:01,  1.28s/it]100%|██████████| 2/2 [00:01<00:00,  1.38it/s]
=> result
* total: 180
* correct: 168
* accuracy: 93.3%
* error: 6.7%
* macro_f1: 93.6%
Evaluate on the client1_test set
  0%|          | 0/2 [00:00<?, ?it/s] 50%|█████     | 1/2 [00:01<00:01,  1.28s/it]100%|██████████| 2/2 [00:01<00:00,  1.37it/s]
=> result
* total: 180
* correct: 169
* accuracy: 93.9%
* error: 6.1%
* macro_f1: 94.4%
Evaluate on the client2_test set
  0%|          | 0/2 [00:00<?, ?it/s] 50%|█████     | 1/2 [00:01<00:01,  1.25s/it]100%|██████████| 2/2 [00:01<00:00,  1.40it/s]
=> result
* total: 180
* correct: 154
* accuracy: 85.6%
* error: 14.4%
* macro_f1: 85.7%
Evaluate on the client3_test set
  0%|          | 0/2 [00:00<?, ?it/s] 50%|█████     | 1/2 [00:01<00:01,  1.26s/it]100%|██████████| 2/2 [00:01<00:00,  1.39it/s]
=> result
* total: 180
* correct: 167
* accuracy: 92.8%
* error: 7.2%
* macro_f1: 93.0%
Evaluate on the client4_test set
  0%|          | 0/2 [00:00<?, ?it/s] 50%|█████     | 1/2 [00:01<00:01,  1.31s/it]100%|██████████| 2/2 [00:01<00:00,  1.67it/s]100%|██████████| 2/2 [00:01<00:00,  1.34it/s]
=> result
* total: 180
* correct: 157
* accuracy: 87.2%
* error: 12.8%
* macro_f1: 87.5%
Evaluate on the client5_test set
  0%|          | 0/2 [00:00<?, ?it/s] 50%|█████     | 1/2 [00:01<00:01,  1.35s/it]100%|██████████| 2/2 [00:01<00:00,  1.30it/s]
=> result
* total: 180
* correct: 169
* accuracy: 93.9%
* error: 6.1%
* macro_f1: 94.4%
Evaluate on the client6_test set
  0%|          | 0/2 [00:00<?, ?it/s] 50%|█████     | 1/2 [00:01<00:01,  1.44s/it]100%|██████████| 2/2 [00:01<00:00,  1.25it/s]
=> result
* total: 180
* correct: 169
* accuracy: 93.9%
* error: 6.1%
* macro_f1: 94.0%
Evaluate on the client7_test set
  0%|          | 0/2 [00:00<?, ?it/s] 50%|█████     | 1/2 [00:01<00:01,  1.34s/it]100%|██████████| 2/2 [00:01<00:00,  1.32it/s]
=> result
* total: 180
* correct: 168
* accuracy: 93.3%
* error: 6.7%
* macro_f1: 93.8%
Evaluate on the client8_test set
  0%|          | 0/2 [00:00<?, ?it/s] 50%|█████     | 1/2 [00:01<00:01,  1.28s/it]100%|██████████| 2/2 [00:01<00:00,  1.36it/s]
=> result
* total: 180
* correct: 151
* accuracy: 83.9%
* error: 16.1%
* macro_f1: 83.8%
Evaluate on the client9_test set
  0%|          | 0/1 [00:00<?, ?it/s]100%|██████████| 1/1 [00:01<00:00,  1.01s/it]100%|██████████| 1/1 [00:01<00:00,  1.08s/it]=> result
* total: 72
* correct: 71
* accuracy: 98.6%
* error: 1.4%
* macro_f1: 98.6%
0 --Local test acc: 93.33333333333333
1 --Local test acc: 93.88888888888889
2 --Local test acc: 85.55555555555556
3 --Local test acc: 92.77777777777777
4 --Local test acc: 87.22222222222223
5 --Local test acc: 93.88888888888889
6 --Local test acc: 93.88888888888889
7 --Local test acc: 93.33333333333333
8 --Local test acc: 83.88888888888889
9 --Local test acc: 98.61111111111111
--Global test acc: 91.63888888888889
Epoch:36
------------local test finish-------------
idxs_users [0, 1, 2, 3, 4, 5, 6, 7, 8, 9]
------------local train start epoch: 37 -------------

epoch [1/1] batch [1/2] time 0.730 (0.730) data 0.638 (0.638) loss 0.0794 (0.0794) acc 100.0000 (100.0000) spf_gamma 0.0500 (0.0500) spf_rank 8.0000 (8.0000) spf_shared_loss 0.0003 (0.0003) spf_private_loss 0.0000 (0.0000) spf_private_norm 0.0004 (0.0004) spf_private_orth_ratio 0.0000 (0.0000) lr 1.0000e-03 eta 0:00:00 user 0
epoch [1/1] batch [2/2] time 0.073 (0.402) data 0.000 (0.319) loss 0.1079 (0.0937) acc 93.7500 (96.8750) spf_gamma 0.0500 (0.0500) spf_rank 8.0000 (8.0000) spf_shared_loss 0.0003 (0.0003) spf_private_loss 0.0000 (0.0000) spf_private_norm 0.0004 (0.0004) spf_private_orth_ratio 0.0000 (0.0000) lr 1.0000e-03 eta 0:00:00 user 0
Finish training: 0 user
Deploy the last-epoch model
0 User, Elapsed: 0:00:01
epoch [1/1] batch [1/2] time 0.677 (0.677) data 0.602 (0.602) loss 0.1109 (0.1109) acc 96.8750 (96.8750) spf_gamma 0.0500 (0.0500) spf_rank 8.0000 (8.0000) spf_shared_loss 0.0003 (0.0003) spf_private_loss 0.0000 (0.0000) spf_private_norm 0.0004 (0.0004) spf_private_orth_ratio 0.0000 (0.0000) lr 1.0000e-03 eta 0:00:00 user 1
epoch [1/1] batch [2/2] time 0.073 (0.375) data 0.000 (0.301) loss 0.0410 (0.0759) acc 100.0000 (98.4375) spf_gamma 0.0500 (0.0500) spf_rank 8.0000 (8.0000) spf_shared_loss 0.0003 (0.0003) spf_private_loss 0.0000 (0.0000) spf_private_norm 0.0004 (0.0004) spf_private_orth_ratio 0.0000 (0.0000) lr 1.0000e-03 eta 0:00:00 user 1
Finish training: 1 user
Deploy the last-epoch model
1 User, Elapsed: 0:00:01
epoch [1/1] batch [1/2] time 0.704 (0.704) data 0.615 (0.615) loss 0.1414 (0.1414) acc 96.8750 (96.8750) spf_gamma 0.0500 (0.0500) spf_rank 8.0000 (8.0000) spf_shared_loss 0.0003 (0.0003) spf_private_loss 0.0000 (0.0000) spf_private_norm 0.0004 (0.0004) spf_private_orth_ratio 0.0000 (0.0000) lr 1.0000e-03 eta 0:00:00 user 2
epoch [1/1] batch [2/2] time 0.076 (0.390) data 0.000 (0.308) loss 0.0952 (0.1183) acc 100.0000 (98.4375) spf_gamma 0.0500 (0.0500) spf_rank 8.0000 (8.0000) spf_shared_loss 0.0003 (0.0003) spf_private_loss 0.0000 (0.0000) spf_private_norm 0.0004 (0.0004) spf_private_orth_ratio 0.0000 (0.0000) lr 1.0000e-03 eta 0:00:00 user 2
Finish training: 2 user
Deploy the last-epoch model
2 User, Elapsed: 0:00:01
epoch [1/1] batch [1/2] time 0.702 (0.702) data 0.622 (0.622) loss 0.0529 (0.0529) acc 96.8750 (96.8750) spf_gamma 0.0500 (0.0500) spf_rank 8.0000 (8.0000) spf_shared_loss 0.0003 (0.0003) spf_private_loss 0.0000 (0.0000) spf_private_norm 0.0004 (0.0004) spf_private_orth_ratio 0.0000 (0.0000) lr 1.0000e-03 eta 0:00:00 user 3
epoch [1/1] batch [2/2] time 0.077 (0.389) data 0.000 (0.311) loss 0.0527 (0.0528) acc 100.0000 (98.4375) spf_gamma 0.0500 (0.0500) spf_rank 8.0000 (8.0000) spf_shared_loss 0.0003 (0.0003) spf_private_loss 0.0000 (0.0000) spf_private_norm 0.0004 (0.0004) spf_private_orth_ratio 0.0000 (0.0000) lr 1.0000e-03 eta 0:00:00 user 3
Finish training: 3 user
Deploy the last-epoch model
3 User, Elapsed: 0:00:01
epoch [1/1] batch [1/2] time 0.674 (0.674) data 0.597 (0.597) loss 0.2849 (0.2849) acc 90.6250 (90.6250) spf_gamma 0.0500 (0.0500) spf_rank 8.0000 (8.0000) spf_shared_loss 0.0003 (0.0003) spf_private_loss 0.0000 (0.0000) spf_private_norm 0.0004 (0.0004) spf_private_orth_ratio 0.0000 (0.0000) lr 1.0000e-03 eta 0:00:00 user 4
epoch [1/1] batch [2/2] time 0.077 (0.376) data 0.000 (0.299) loss 0.2232 (0.2541) acc 90.6250 (90.6250) spf_gamma 0.0500 (0.0500) spf_rank 8.0000 (8.0000) spf_shared_loss 0.0003 (0.0003) spf_private_loss 0.0000 (0.0000) spf_private_norm 0.0004 (0.0004) spf_private_orth_ratio 0.0000 (0.0000) lr 1.0000e-03 eta 0:00:00 user 4
Finish training: 4 user
Deploy the last-epoch model
4 User, Elapsed: 0:00:01
epoch [1/1] batch [1/2] time 0.872 (0.872) data 0.690 (0.690) loss 0.0882 (0.0882) acc 100.0000 (100.0000) spf_gamma 0.0500 (0.0500) spf_rank 8.0000 (8.0000) spf_shared_loss 0.0003 (0.0003) spf_private_loss 0.0000 (0.0000) spf_private_norm 0.0004 (0.0004) spf_private_orth_ratio 0.0000 (0.0000) lr 1.0000e-03 eta 0:00:00 user 5
epoch [1/1] batch [2/2] time 0.166 (0.519) data 0.000 (0.345) loss 0.0384 (0.0633) acc 100.0000 (100.0000) spf_gamma 0.0500 (0.0500) spf_rank 8.0000 (8.0000) spf_shared_loss 0.0003 (0.0003) spf_private_loss 0.0000 (0.0000) spf_private_norm 0.0004 (0.0004) spf_private_orth_ratio 0.0000 (0.0000) lr 1.0000e-03 eta 0:00:00 user 5
Finish training: 5 user
Deploy the last-epoch model
5 User, Elapsed: 0:00:01
epoch [1/1] batch [1/2] time 0.678 (0.678) data 0.585 (0.585) loss 0.3242 (0.3242) acc 90.6250 (90.6250) spf_gamma 0.0500 (0.0500) spf_rank 8.0000 (8.0000) spf_shared_loss 0.0003 (0.0003) spf_private_loss 0.0000 (0.0000) spf_private_norm 0.0004 (0.0004) spf_private_orth_ratio 0.0000 (0.0000) lr 1.0000e-03 eta 0:00:00 user 6
epoch [1/1] batch [2/2] time 0.083 (0.381) data 0.000 (0.293) loss 0.3589 (0.3416) acc 90.6250 (90.6250) spf_gamma 0.0500 (0.0500) spf_rank 8.0000 (8.0000) spf_shared_loss 0.0003 (0.0003) spf_private_loss 0.0000 (0.0000) spf_private_norm 0.0004 (0.0004) spf_private_orth_ratio 0.0000 (0.0000) lr 1.0000e-03 eta 0:00:00 user 6
Finish training: 6 user
Deploy the last-epoch model
6 User, Elapsed: 0:00:01
epoch [1/1] batch [1/2] time 0.764 (0.764) data 0.651 (0.651) loss 0.1046 (0.1046) acc 100.0000 (100.0000) spf_gamma 0.0500 (0.0500) spf_rank 8.0000 (8.0000) spf_shared_loss 0.0003 (0.0003) spf_private_loss 0.0000 (0.0000) spf_private_norm 0.0004 (0.0004) spf_private_orth_ratio 0.0000 (0.0000) lr 1.0000e-03 eta 0:00:00 user 7
epoch [1/1] batch [2/2] time 0.075 (0.419) data 0.000 (0.325) loss 0.1640 (0.1343) acc 96.8750 (98.4375) spf_gamma 0.0500 (0.0500) spf_rank 8.0000 (8.0000) spf_shared_loss 0.0003 (0.0003) spf_private_loss 0.0000 (0.0000) spf_private_norm 0.0004 (0.0004) spf_private_orth_ratio 0.0000 (0.0000) lr 1.0000e-03 eta 0:00:00 user 7
Finish training: 7 user
Deploy the last-epoch model
7 User, Elapsed: 0:00:01
epoch [1/1] batch [1/2] time 0.691 (0.691) data 0.606 (0.606) loss 0.1140 (0.1140) acc 100.0000 (100.0000) spf_gamma 0.0500 (0.0500) spf_rank 8.0000 (8.0000) spf_shared_loss 0.0003 (0.0003) spf_private_loss 0.0000 (0.0000) spf_private_norm 0.0004 (0.0004) spf_private_orth_ratio 0.0000 (0.0000) lr 1.0000e-03 eta 0:00:00 user 8
epoch [1/1] batch [2/2] time 0.077 (0.384) data 0.000 (0.303) loss 0.2050 (0.1595) acc 93.7500 (96.8750) spf_gamma 0.0500 (0.0500) spf_rank 8.0000 (8.0000) spf_shared_loss 0.0003 (0.0003) spf_private_loss 0.0000 (0.0000) spf_private_norm 0.0004 (0.0004) spf_private_orth_ratio 0.0000 (0.0000) lr 1.0000e-03 eta 0:00:00 user 8
Finish training: 8 user
Deploy the last-epoch model
8 User, Elapsed: 0:00:01
epoch [1/1] batch [1/1] time 0.724 (0.724) data 0.641 (0.641) loss 0.0348 (0.0348) acc 100.0000 (100.0000) spf_gamma 0.0500 (0.0500) spf_rank 8.0000 (8.0000) spf_shared_loss 0.0003 (0.0003) spf_private_loss 0.0000 (0.0000) spf_private_norm 0.0004 (0.0004) spf_private_orth_ratio 0.0000 (0.0000) lr 1.0000e-03 eta 0:00:00 user 9
Finish training: 9 user
Deploy the last-epoch model
9 User, Elapsed: 0:00:01
------------local train finish epoch: 37 -------------
------------local test start-------------
Evaluate on the client0_test set
  0%|          | 0/2 [00:00<?, ?it/s] 50%|█████     | 1/2 [00:01<00:01,  1.32s/it]100%|██████████| 2/2 [00:01<00:00,  1.34it/s]
=> result
* total: 180
* correct: 168
* accuracy: 93.3%
* error: 6.7%
* macro_f1: 93.5%
Evaluate on the client1_test set
  0%|          | 0/2 [00:00<?, ?it/s] 50%|█████     | 1/2 [00:01<00:01,  1.33s/it]100%|██████████| 2/2 [00:01<00:00,  1.34it/s]
=> result
* total: 180
* correct: 172
* accuracy: 95.6%
* error: 4.4%
* macro_f1: 96.3%
Evaluate on the client2_test set
  0%|          | 0/2 [00:00<?, ?it/s] 50%|█████     | 1/2 [00:01<00:01,  1.34s/it]100%|██████████| 2/2 [00:01<00:00,  1.32it/s]
=> result
* total: 180
* correct: 154
* accuracy: 85.6%
* error: 14.4%
* macro_f1: 85.7%
Evaluate on the client3_test set
  0%|          | 0/2 [00:00<?, ?it/s] 50%|█████     | 1/2 [00:01<00:01,  1.48s/it]100%|██████████| 2/2 [00:01<00:00,  1.22it/s]
=> result
* total: 180
* correct: 168
* accuracy: 93.3%
* error: 6.7%
* macro_f1: 93.3%
Evaluate on the client4_test set
  0%|          | 0/2 [00:00<?, ?it/s] 50%|█████     | 1/2 [00:01<00:01,  1.24s/it]100%|██████████| 2/2 [00:01<00:00,  1.42it/s]
=> result
* total: 180
* correct: 156
* accuracy: 86.7%
* error: 13.3%
* macro_f1: 87.0%
Evaluate on the client5_test set
  0%|          | 0/2 [00:00<?, ?it/s] 50%|█████     | 1/2 [00:01<00:01,  1.45s/it]100%|██████████| 2/2 [00:01<00:00,  1.23it/s]
=> result
* total: 180
* correct: 167
* accuracy: 92.8%
* error: 7.2%
* macro_f1: 93.0%
Evaluate on the client6_test set
  0%|          | 0/2 [00:00<?, ?it/s] 50%|█████     | 1/2 [00:01<00:01,  1.28s/it]100%|██████████| 2/2 [00:01<00:00,  1.61it/s]100%|██████████| 2/2 [00:01<00:00,  1.30it/s]
=> result
* total: 180
* correct: 169
* accuracy: 93.9%
* error: 6.1%
* macro_f1: 94.3%
Evaluate on the client7_test set
  0%|          | 0/2 [00:00<?, ?it/s] 50%|█████     | 1/2 [00:01<00:01,  1.33s/it]100%|██████████| 2/2 [00:01<00:00,  1.32it/s]
=> result
* total: 180
* correct: 172
* accuracy: 95.6%
* error: 4.4%
* macro_f1: 95.8%
Evaluate on the client8_test set
  0%|          | 0/2 [00:00<?, ?it/s] 50%|█████     | 1/2 [00:01<00:01,  1.37s/it]100%|██████████| 2/2 [00:01<00:00,  1.30it/s]
=> result
* total: 180
* correct: 156
* accuracy: 86.7%
* error: 13.3%
* macro_f1: 86.5%
Evaluate on the client9_test set
  0%|          | 0/1 [00:00<?, ?it/s]100%|██████████| 1/1 [00:01<00:00,  1.04s/it]100%|██████████| 1/1 [00:01<00:00,  1.13s/it]=> result
* total: 72
* correct: 69
* accuracy: 95.8%
* error: 4.2%
* macro_f1: 95.8%
0 --Local test acc: 93.33333333333333
1 --Local test acc: 95.55555555555556
2 --Local test acc: 85.55555555555556
3 --Local test acc: 93.33333333333333
4 --Local test acc: 86.66666666666667
5 --Local test acc: 92.77777777777777
6 --Local test acc: 93.88888888888889
7 --Local test acc: 95.55555555555556
8 --Local test acc: 86.66666666666667
9 --Local test acc: 95.83333333333333
--Global test acc: 91.91666666666666
Epoch:37
------------local test finish-------------
idxs_users [0, 1, 2, 3, 4, 5, 6, 7, 8, 9]
------------local train start epoch: 38 -------------

epoch [1/1] batch [1/2] time 0.724 (0.724) data 0.642 (0.642) loss 0.0868 (0.0868) acc 100.0000 (100.0000) spf_gamma 0.0500 (0.0500) spf_rank 8.0000 (8.0000) spf_shared_loss 0.0003 (0.0003) spf_private_loss 0.0000 (0.0000) spf_private_norm 0.0004 (0.0004) spf_private_orth_ratio 0.0000 (0.0000) lr 1.0000e-03 eta 0:00:00 user 0
epoch [1/1] batch [2/2] time 0.084 (0.404) data 0.000 (0.321) loss 0.0894 (0.0881) acc 96.8750 (98.4375) spf_gamma 0.0500 (0.0500) spf_rank 8.0000 (8.0000) spf_shared_loss 0.0003 (0.0003) spf_private_loss 0.0000 (0.0000) spf_private_norm 0.0004 (0.0004) spf_private_orth_ratio 0.0000 (0.0000) lr 1.0000e-03 eta 0:00:00 user 0
Finish training: 0 user
Deploy the last-epoch model
0 User, Elapsed: 0:00:01
epoch [1/1] batch [1/2] time 0.675 (0.675) data 0.591 (0.591) loss 0.0447 (0.0447) acc 100.0000 (100.0000) spf_gamma 0.0500 (0.0500) spf_rank 8.0000 (8.0000) spf_shared_loss 0.0003 (0.0003) spf_private_loss 0.0000 (0.0000) spf_private_norm 0.0004 (0.0004) spf_private_orth_ratio 0.0000 (0.0000) lr 1.0000e-03 eta 0:00:00 user 1
epoch [1/1] batch [2/2] time 0.079 (0.377) data 0.000 (0.296) loss 0.0643 (0.0545) acc 96.8750 (98.4375) spf_gamma 0.0500 (0.0500) spf_rank 8.0000 (8.0000) spf_shared_loss 0.0003 (0.0003) spf_private_loss 0.0000 (0.0000) spf_private_norm 0.0004 (0.0004) spf_private_orth_ratio 0.0000 (0.0000) lr 1.0000e-03 eta 0:00:00 user 1
Finish training: 1 user
Deploy the last-epoch model
1 User, Elapsed: 0:00:01
epoch [1/1] batch [1/2] time 0.771 (0.771) data 0.693 (0.693) loss 0.1360 (0.1360) acc 96.8750 (96.8750) spf_gamma 0.0500 (0.0500) spf_rank 8.0000 (8.0000) spf_shared_loss 0.0003 (0.0003) spf_private_loss 0.0000 (0.0000) spf_private_norm 0.0004 (0.0004) spf_private_orth_ratio 0.0000 (0.0000) lr 1.0000e-03 eta 0:00:00 user 2
epoch [1/1] batch [2/2] time 0.073 (0.422) data 0.000 (0.346) loss 0.1359 (0.1360) acc 96.8750 (96.8750) spf_gamma 0.0500 (0.0500) spf_rank 8.0000 (8.0000) spf_shared_loss 0.0003 (0.0003) spf_private_loss 0.0000 (0.0000) spf_private_norm 0.0004 (0.0004) spf_private_orth_ratio 0.0000 (0.0000) lr 1.0000e-03 eta 0:00:00 user 2
Finish training: 2 user
Deploy the last-epoch model
2 User, Elapsed: 0:00:01
epoch [1/1] batch [1/2] time 0.683 (0.683) data 0.605 (0.605) loss 0.0569 (0.0569) acc 96.8750 (96.8750) spf_gamma 0.0500 (0.0500) spf_rank 8.0000 (8.0000) spf_shared_loss 0.0003 (0.0003) spf_private_loss 0.0000 (0.0000) spf_private_norm 0.0004 (0.0004) spf_private_orth_ratio 0.0000 (0.0000) lr 1.0000e-03 eta 0:00:00 user 3
epoch [1/1] batch [2/2] time 0.074 (0.378) data 0.000 (0.303) loss 0.0688 (0.0628) acc 96.8750 (96.8750) spf_gamma 0.0500 (0.0500) spf_rank 8.0000 (8.0000) spf_shared_loss 0.0003 (0.0003) spf_private_loss 0.0000 (0.0000) spf_private_norm 0.0004 (0.0004) spf_private_orth_ratio 0.0000 (0.0000) lr 1.0000e-03 eta 0:00:00 user 3
Finish training: 3 user
Deploy the last-epoch model
3 User, Elapsed: 0:00:01
epoch [1/1] batch [1/2] time 0.759 (0.759) data 0.682 (0.682) loss 0.2102 (0.2102) acc 93.7500 (93.7500) spf_gamma 0.0500 (0.0500) spf_rank 8.0000 (8.0000) spf_shared_loss 0.0003 (0.0003) spf_private_loss 0.0000 (0.0000) spf_private_norm 0.0004 (0.0004) spf_private_orth_ratio 0.0000 (0.0000) lr 1.0000e-03 eta 0:00:00 user 4
epoch [1/1] batch [2/2] time 0.075 (0.417) data 0.000 (0.341) loss 0.3621 (0.2862) acc 81.2500 (87.5000) spf_gamma 0.0500 (0.0500) spf_rank 8.0000 (8.0000) spf_shared_loss 0.0003 (0.0003) spf_private_loss 0.0000 (0.0000) spf_private_norm 0.0004 (0.0004) spf_private_orth_ratio 0.0000 (0.0000) lr 1.0000e-03 eta 0:00:00 user 4
Finish training: 4 user
Deploy the last-epoch model
4 User, Elapsed: 0:00:01
epoch [1/1] batch [1/2] time 0.672 (0.672) data 0.592 (0.592) loss 0.0566 (0.0566) acc 100.0000 (100.0000) spf_gamma 0.0500 (0.0500) spf_rank 8.0000 (8.0000) spf_shared_loss 0.0003 (0.0003) spf_private_loss 0.0000 (0.0000) spf_private_norm 0.0004 (0.0004) spf_private_orth_ratio 0.0000 (0.0000) lr 1.0000e-03 eta 0:00:00 user 5
epoch [1/1] batch [2/2] time 0.079 (0.375) data 0.000 (0.296) loss 0.1548 (0.1057) acc 96.8750 (98.4375) spf_gamma 0.0500 (0.0500) spf_rank 8.0000 (8.0000) spf_shared_loss 0.0003 (0.0003) spf_private_loss 0.0000 (0.0000) spf_private_norm 0.0004 (0.0004) spf_private_orth_ratio 0.0000 (0.0000) lr 1.0000e-03 eta 0:00:00 user 5
Finish training: 5 user
Deploy the last-epoch model
5 User, Elapsed: 0:00:01
epoch [1/1] batch [1/2] time 0.640 (0.640) data 0.567 (0.567) loss 0.0742 (0.0742) acc 96.8750 (96.8750) spf_gamma 0.0500 (0.0500) spf_rank 8.0000 (8.0000) spf_shared_loss 0.0003 (0.0003) spf_private_loss 0.0000 (0.0000) spf_private_norm 0.0004 (0.0004) spf_private_orth_ratio 0.0000 (0.0000) lr 1.0000e-03 eta 0:00:00 user 6
epoch [1/1] batch [2/2] time 0.073 (0.356) data 0.000 (0.284) loss 0.1475 (0.1108) acc 93.7500 (95.3125) spf_gamma 0.0500 (0.0500) spf_rank 8.0000 (8.0000) spf_shared_loss 0.0003 (0.0003) spf_private_loss 0.0000 (0.0000) spf_private_norm 0.0004 (0.0004) spf_private_orth_ratio 0.0000 (0.0000) lr 1.0000e-03 eta 0:00:00 user 6
Finish training: 6 user
Deploy the last-epoch model
6 User, Elapsed: 0:00:01
epoch [1/1] batch [1/2] time 0.737 (0.737) data 0.664 (0.664) loss 0.0806 (0.0806) acc 100.0000 (100.0000) spf_gamma 0.0500 (0.0500) spf_rank 8.0000 (8.0000) spf_shared_loss 0.0003 (0.0003) spf_private_loss 0.0000 (0.0000) spf_private_norm 0.0004 (0.0004) spf_private_orth_ratio 0.0000 (0.0000) lr 1.0000e-03 eta 0:00:00 user 7
epoch [1/1] batch [2/2] time 0.074 (0.406) data 0.000 (0.332) loss 0.1095 (0.0950) acc 96.8750 (98.4375) spf_gamma 0.0500 (0.0500) spf_rank 8.0000 (8.0000) spf_shared_loss 0.0003 (0.0003) spf_private_loss 0.0000 (0.0000) spf_private_norm 0.0004 (0.0004) spf_private_orth_ratio 0.0000 (0.0000) lr 1.0000e-03 eta 0:00:00 user 7
Finish training: 7 user
Deploy the last-epoch model
7 User, Elapsed: 0:00:01
epoch [1/1] batch [1/2] time 0.743 (0.743) data 0.670 (0.670) loss 0.1673 (0.1673) acc 90.6250 (90.6250) spf_gamma 0.0500 (0.0500) spf_rank 8.0000 (8.0000) spf_shared_loss 0.0003 (0.0003) spf_private_loss 0.0000 (0.0000) spf_private_norm 0.0004 (0.0004) spf_private_orth_ratio 0.0000 (0.0000) lr 1.0000e-03 eta 0:00:00 user 8
epoch [1/1] batch [2/2] time 0.072 (0.407) data 0.000 (0.335) loss 0.2688 (0.2180) acc 96.8750 (93.7500) spf_gamma 0.0500 (0.0500) spf_rank 8.0000 (8.0000) spf_shared_loss 0.0003 (0.0003) spf_private_loss 0.0000 (0.0000) spf_private_norm 0.0004 (0.0004) spf_private_orth_ratio 0.0000 (0.0000) lr 1.0000e-03 eta 0:00:00 user 8
Finish training: 8 user
Deploy the last-epoch model
8 User, Elapsed: 0:00:01
epoch [1/1] batch [1/1] time 0.804 (0.804) data 0.608 (0.608) loss 0.0189 (0.0189) acc 100.0000 (100.0000) spf_gamma 0.0500 (0.0500) spf_rank 8.0000 (8.0000) spf_shared_loss 0.0003 (0.0003) spf_private_loss 0.0000 (0.0000) spf_private_norm 0.0004 (0.0004) spf_private_orth_ratio 0.0000 (0.0000) lr 1.0000e-03 eta 0:00:00 user 9
Finish training: 9 user
Deploy the last-epoch model
9 User, Elapsed: 0:00:01
------------local train finish epoch: 38 -------------
------------local test start-------------
Evaluate on the client0_test set
  0%|          | 0/2 [00:00<?, ?it/s] 50%|█████     | 1/2 [00:01<00:01,  1.40s/it]100%|██████████| 2/2 [00:01<00:00,  1.48it/s]100%|██████████| 2/2 [00:01<00:00,  1.20it/s]
=> result
* total: 180
* correct: 170
* accuracy: 94.4%
* error: 5.6%
* macro_f1: 94.7%
Evaluate on the client1_test set
  0%|          | 0/2 [00:00<?, ?it/s] 50%|█████     | 1/2 [00:01<00:01,  1.43s/it]100%|██████████| 2/2 [00:01<00:00,  1.46it/s]100%|██████████| 2/2 [00:01<00:00,  1.19it/s]
=> result
* total: 180
* correct: 166
* accuracy: 92.2%
* error: 7.8%
* macro_f1: 92.9%
Evaluate on the client2_test set
  0%|          | 0/2 [00:00<?, ?it/s] 50%|█████     | 1/2 [00:01<00:01,  1.34s/it]100%|██████████| 2/2 [00:01<00:00,  1.50it/s]100%|██████████| 2/2 [00:01<00:00,  1.23it/s]
=> result
* total: 180
* correct: 150
* accuracy: 83.3%
* error: 16.7%
* macro_f1: 83.3%
Evaluate on the client3_test set
  0%|          | 0/2 [00:00<?, ?it/s] 50%|█████     | 1/2 [00:01<00:01,  1.39s/it]100%|██████████| 2/2 [00:01<00:00,  1.45it/s]100%|██████████| 2/2 [00:01<00:00,  1.20it/s]
=> result
* total: 180
* correct: 167
* accuracy: 92.8%
* error: 7.2%
* macro_f1: 92.7%
Evaluate on the client4_test set
  0%|          | 0/2 [00:00<?, ?it/s] 50%|█████     | 1/2 [00:01<00:01,  1.32s/it]100%|██████████| 2/2 [00:01<00:00,  1.35it/s]
=> result
* total: 180
* correct: 157
* accuracy: 87.2%
* error: 12.8%
* macro_f1: 87.4%
Evaluate on the client5_test set
  0%|          | 0/2 [00:00<?, ?it/s] 50%|█████     | 1/2 [00:01<00:01,  1.32s/it]100%|██████████| 2/2 [00:01<00:00,  1.62it/s]100%|██████████| 2/2 [00:01<00:00,  1.30it/s]
=> result
* total: 180
* correct: 168
* accuracy: 93.3%
* error: 6.7%
* macro_f1: 94.0%
Evaluate on the client6_test set
  0%|          | 0/2 [00:00<?, ?it/s] 50%|█████     | 1/2 [00:01<00:01,  1.34s/it]100%|██████████| 2/2 [00:01<00:00,  1.32it/s]
=> result
* total: 180
* correct: 169
* accuracy: 93.9%
* error: 6.1%
* macro_f1: 93.9%
Evaluate on the client7_test set
  0%|          | 0/2 [00:00<?, ?it/s] 50%|█████     | 1/2 [00:01<00:01,  1.32s/it]100%|██████████| 2/2 [00:01<00:00,  1.35it/s]
=> result
* total: 180
* correct: 170
* accuracy: 94.4%
* error: 5.6%
* macro_f1: 94.5%
Evaluate on the client8_test set
  0%|          | 0/2 [00:00<?, ?it/s] 50%|█████     | 1/2 [00:01<00:01,  1.29s/it]100%|██████████| 2/2 [00:01<00:00,  1.59it/s]100%|██████████| 2/2 [00:01<00:00,  1.28it/s]
=> result
* total: 180
* correct: 150
* accuracy: 83.3%
* error: 16.7%
* macro_f1: 83.2%
Evaluate on the client9_test set
  0%|          | 0/1 [00:00<?, ?it/s]100%|██████████| 1/1 [00:00<00:00,  1.01it/s]100%|██████████| 1/1 [00:01<00:00,  1.08s/it]=> result
* total: 72
* correct: 69
* accuracy: 95.8%
* error: 4.2%
* macro_f1: 95.8%
0 --Local test acc: 94.44444444444444
1 --Local test acc: 92.22222222222223
2 --Local test acc: 83.33333333333333
3 --Local test acc: 92.77777777777777
4 --Local test acc: 87.22222222222223
5 --Local test acc: 93.33333333333333
6 --Local test acc: 93.88888888888889
7 --Local test acc: 94.44444444444444
8 --Local test acc: 83.33333333333333
9 --Local test acc: 95.83333333333333
--Global test acc: 91.08333333333334
Epoch:38
------------local test finish-------------
idxs_users [0, 1, 2, 3, 4, 5, 6, 7, 8, 9]
------------local train start epoch: 39 -------------

epoch [1/1] batch [1/2] time 0.718 (0.718) data 0.611 (0.611) loss 0.1087 (0.1087) acc 96.8750 (96.8750) spf_gamma 0.0500 (0.0500) spf_rank 8.0000 (8.0000) spf_shared_loss 0.0003 (0.0003) spf_private_loss 0.0000 (0.0000) spf_private_norm 0.0004 (0.0004) spf_private_orth_ratio 0.0000 (0.0000) lr 1.0000e-03 eta 0:00:00 user 0
epoch [1/1] batch [2/2] time 0.077 (0.398) data 0.000 (0.306) loss 0.1945 (0.1516) acc 93.7500 (95.3125) spf_gamma 0.0500 (0.0500) spf_rank 8.0000 (8.0000) spf_shared_loss 0.0003 (0.0003) spf_private_loss 0.0000 (0.0000) spf_private_norm 0.0004 (0.0004) spf_private_orth_ratio 0.0000 (0.0000) lr 1.0000e-03 eta 0:00:00 user 0
Finish training: 0 user
Deploy the last-epoch model
0 User, Elapsed: 0:00:01
epoch [1/1] batch [1/2] time 0.728 (0.728) data 0.651 (0.651) loss 0.0647 (0.0647) acc 100.0000 (100.0000) spf_gamma 0.0500 (0.0500) spf_rank 8.0000 (8.0000) spf_shared_loss 0.0003 (0.0003) spf_private_loss 0.0000 (0.0000) spf_private_norm 0.0004 (0.0004) spf_private_orth_ratio 0.0000 (0.0000) lr 1.0000e-03 eta 0:00:00 user 1
epoch [1/1] batch [2/2] time 0.080 (0.404) data 0.000 (0.325) loss 0.0825 (0.0736) acc 96.8750 (98.4375) spf_gamma 0.0500 (0.0500) spf_rank 8.0000 (8.0000) spf_shared_loss 0.0003 (0.0003) spf_private_loss 0.0000 (0.0000) spf_private_norm 0.0004 (0.0004) spf_private_orth_ratio 0.0000 (0.0000) lr 1.0000e-03 eta 0:00:00 user 1
Finish training: 1 user
Deploy the last-epoch model
1 User, Elapsed: 0:00:01
epoch [1/1] batch [1/2] time 0.653 (0.653) data 0.575 (0.575) loss 0.3831 (0.3831) acc 87.5000 (87.5000) spf_gamma 0.0500 (0.0500) spf_rank 8.0000 (8.0000) spf_shared_loss 0.0003 (0.0003) spf_private_loss 0.0000 (0.0000) spf_private_norm 0.0004 (0.0004) spf_private_orth_ratio 0.0000 (0.0000) lr 1.0000e-03 eta 0:00:00 user 2
epoch [1/1] batch [2/2] time 0.076 (0.364) data 0.000 (0.288) loss 0.1693 (0.2762) acc 93.7500 (90.6250) spf_gamma 0.0500 (0.0500) spf_rank 8.0000 (8.0000) spf_shared_loss 0.0003 (0.0003) spf_private_loss 0.0000 (0.0000) spf_private_norm 0.0004 (0.0004) spf_private_orth_ratio 0.0000 (0.0000) lr 1.0000e-03 eta 0:00:00 user 2
Finish training: 2 user
Deploy the last-epoch model
2 User, Elapsed: 0:00:01
epoch [1/1] batch [1/2] time 0.721 (0.721) data 0.643 (0.643) loss 0.0523 (0.0523) acc 100.0000 (100.0000) spf_gamma 0.0500 (0.0500) spf_rank 8.0000 (8.0000) spf_shared_loss 0.0003 (0.0003) spf_private_loss 0.0000 (0.0000) spf_private_norm 0.0004 (0.0004) spf_private_orth_ratio 0.0000 (0.0000) lr 1.0000e-03 eta 0:00:00 user 3
epoch [1/1] batch [2/2] time 0.073 (0.397) data 0.000 (0.322) loss 0.0662 (0.0593) acc 96.8750 (98.4375) spf_gamma 0.0500 (0.0500) spf_rank 8.0000 (8.0000) spf_shared_loss 0.0003 (0.0003) spf_private_loss 0.0000 (0.0000) spf_private_norm 0.0004 (0.0004) spf_private_orth_ratio 0.0000 (0.0000) lr 1.0000e-03 eta 0:00:00 user 3
Finish training: 3 user
Deploy the last-epoch model
3 User, Elapsed: 0:00:01
epoch [1/1] batch [1/2] time 0.726 (0.726) data 0.646 (0.646) loss 0.2278 (0.2278) acc 87.5000 (87.5000) spf_gamma 0.0500 (0.0500) spf_rank 8.0000 (8.0000) spf_shared_loss 0.0003 (0.0003) spf_private_loss 0.0000 (0.0000) spf_private_norm 0.0004 (0.0004) spf_private_orth_ratio 0.0000 (0.0000) lr 1.0000e-03 eta 0:00:00 user 4
epoch [1/1] batch [2/2] time 0.192 (0.459) data 0.000 (0.323) loss 0.3455 (0.2866) acc 87.5000 (87.5000) spf_gamma 0.0500 (0.0500) spf_rank 8.0000 (8.0000) spf_shared_loss 0.0003 (0.0003) spf_private_loss 0.0000 (0.0000) spf_private_norm 0.0004 (0.0004) spf_private_orth_ratio 0.0000 (0.0000) lr 1.0000e-03 eta 0:00:00 user 4
Finish training: 4 user
Deploy the last-epoch model
4 User, Elapsed: 0:00:01
epoch [1/1] batch [1/2] time 0.697 (0.697) data 0.620 (0.620) loss 0.0583 (0.0583) acc 96.8750 (96.8750) spf_gamma 0.0500 (0.0500) spf_rank 8.0000 (8.0000) spf_shared_loss 0.0003 (0.0003) spf_private_loss 0.0000 (0.0000) spf_private_norm 0.0004 (0.0004) spf_private_orth_ratio 0.0000 (0.0000) lr 1.0000e-03 eta 0:00:00 user 5
epoch [1/1] batch [2/2] time 0.078 (0.387) data 0.000 (0.310) loss 0.0500 (0.0541) acc 100.0000 (98.4375) spf_gamma 0.0500 (0.0500) spf_rank 8.0000 (8.0000) spf_shared_loss 0.0003 (0.0003) spf_private_loss 0.0000 (0.0000) spf_private_norm 0.0004 (0.0004) spf_private_orth_ratio 0.0000 (0.0000) lr 1.0000e-03 eta 0:00:00 user 5
Finish training: 5 user
Deploy the last-epoch model
5 User, Elapsed: 0:00:01
epoch [1/1] batch [1/2] time 0.788 (0.788) data 0.592 (0.592) loss 0.1894 (0.1894) acc 93.7500 (93.7500) spf_gamma 0.0500 (0.0500) spf_rank 8.0000 (8.0000) spf_shared_loss 0.0003 (0.0003) spf_private_loss 0.0000 (0.0000) spf_private_norm 0.0004 (0.0004) spf_private_orth_ratio 0.0000 (0.0000) lr 1.0000e-03 eta 0:00:00 user 6
epoch [1/1] batch [2/2] time 0.163 (0.475) data 0.000 (0.296) loss 0.1681 (0.1787) acc 93.7500 (93.7500) spf_gamma 0.0500 (0.0500) spf_rank 8.0000 (8.0000) spf_shared_loss 0.0003 (0.0003) spf_private_loss 0.0000 (0.0000) spf_private_norm 0.0004 (0.0004) spf_private_orth_ratio 0.0000 (0.0000) lr 1.0000e-03 eta 0:00:00 user 6
Finish training: 6 user
Deploy the last-epoch model
6 User, Elapsed: 0:00:01
epoch [1/1] batch [1/2] time 0.703 (0.703) data 0.626 (0.626) loss 0.0527 (0.0527) acc 100.0000 (100.0000) spf_gamma 0.0500 (0.0500) spf_rank 8.0000 (8.0000) spf_shared_loss 0.0003 (0.0003) spf_private_loss 0.0000 (0.0000) spf_private_norm 0.0004 (0.0004) spf_private_orth_ratio 0.0000 (0.0000) lr 1.0000e-03 eta 0:00:00 user 7
epoch [1/1] batch [2/2] time 0.077 (0.390) data 0.000 (0.313) loss 0.1093 (0.0810) acc 96.8750 (98.4375) spf_gamma 0.0500 (0.0500) spf_rank 8.0000 (8.0000) spf_shared_loss 0.0003 (0.0003) spf_private_loss 0.0000 (0.0000) spf_private_norm 0.0004 (0.0004) spf_private_orth_ratio 0.0000 (0.0000) lr 1.0000e-03 eta 0:00:00 user 7
Finish training: 7 user
Deploy the last-epoch model
7 User, Elapsed: 0:00:01
epoch [1/1] batch [1/2] time 0.676 (0.676) data 0.601 (0.601) loss 0.1450 (0.1450) acc 96.8750 (96.8750) spf_gamma 0.0500 (0.0500) spf_rank 8.0000 (8.0000) spf_shared_loss 0.0003 (0.0003) spf_private_loss 0.0000 (0.0000) spf_private_norm 0.0004 (0.0004) spf_private_orth_ratio 0.0000 (0.0000) lr 1.0000e-03 eta 0:00:00 user 8
epoch [1/1] batch [2/2] time 0.077 (0.376) data 0.000 (0.301) loss 0.2410 (0.1930) acc 93.7500 (95.3125) spf_gamma 0.0500 (0.0500) spf_rank 8.0000 (8.0000) spf_shared_loss 0.0003 (0.0003) spf_private_loss 0.0000 (0.0000) spf_private_norm 0.0004 (0.0004) spf_private_orth_ratio 0.0000 (0.0000) lr 1.0000e-03 eta 0:00:00 user 8
Finish training: 8 user
Deploy the last-epoch model
8 User, Elapsed: 0:00:01
epoch [1/1] batch [1/1] time 0.740 (0.740) data 0.661 (0.661) loss 0.0250 (0.0250) acc 100.0000 (100.0000) spf_gamma 0.0500 (0.0500) spf_rank 8.0000 (8.0000) spf_shared_loss 0.0003 (0.0003) spf_private_loss 0.0000 (0.0000) spf_private_norm 0.0004 (0.0004) spf_private_orth_ratio 0.0000 (0.0000) lr 1.0000e-03 eta 0:00:00 user 9
Finish training: 9 user
Deploy the last-epoch model
9 User, Elapsed: 0:00:01
------------local train finish epoch: 39 -------------
------------local test start-------------
Evaluate on the client0_test set
  0%|          | 0/2 [00:00<?, ?it/s] 50%|█████     | 1/2 [00:01<00:01,  1.26s/it]100%|██████████| 2/2 [00:01<00:00,  1.40it/s]
=> result
* total: 180
* correct: 167
* accuracy: 92.8%
* error: 7.2%
* macro_f1: 93.1%
Evaluate on the client1_test set
  0%|          | 0/2 [00:00<?, ?it/s] 50%|█████     | 1/2 [00:01<00:01,  1.28s/it]100%|██████████| 2/2 [00:01<00:00,  1.38it/s]
=> result
* total: 180
* correct: 172
* accuracy: 95.6%
* error: 4.4%
* macro_f1: 96.1%
Evaluate on the client2_test set
  0%|          | 0/2 [00:00<?, ?it/s] 50%|█████     | 1/2 [00:01<00:01,  1.37s/it]100%|██████████| 2/2 [00:01<00:00,  1.29it/s]
=> result
* total: 180
* correct: 152
* accuracy: 84.4%
* error: 15.6%
* macro_f1: 84.5%
Evaluate on the client3_test set
  0%|          | 0/2 [00:00<?, ?it/s] 50%|█████     | 1/2 [00:01<00:01,  1.42s/it]100%|██████████| 2/2 [00:01<00:00,  1.26it/s]
=> result
* total: 180
* correct: 166
* accuracy: 92.2%
* error: 7.8%
* macro_f1: 92.2%
Evaluate on the client4_test set
  0%|          | 0/2 [00:00<?, ?it/s] 50%|█████     | 1/2 [00:01<00:01,  1.29s/it]100%|██████████| 2/2 [00:01<00:00,  1.37it/s]
=> result
* total: 180
* correct: 157
* accuracy: 87.2%
* error: 12.8%
* macro_f1: 87.6%
Evaluate on the client5_test set
  0%|          | 0/2 [00:00<?, ?it/s] 50%|█████     | 1/2 [00:01<00:01,  1.34s/it]100%|██████████| 2/2 [00:01<00:00,  1.31it/s]
=> result
* total: 180
* correct: 170
* accuracy: 94.4%
* error: 5.6%
* macro_f1: 94.9%
Evaluate on the client6_test set
  0%|          | 0/2 [00:00<?, ?it/s] 50%|█████     | 1/2 [00:01<00:01,  1.48s/it]100%|██████████| 2/2 [00:01<00:00,  1.45it/s]100%|██████████| 2/2 [00:01<00:00,  1.16it/s]
=> result
* total: 180
* correct: 170
* accuracy: 94.4%
* error: 5.6%
* macro_f1: 94.5%
Evaluate on the client7_test set
  0%|          | 0/2 [00:00<?, ?it/s] 50%|█████     | 1/2 [00:01<00:01,  1.45s/it]100%|██████████| 2/2 [00:01<00:00,  1.46it/s]100%|██████████| 2/2 [00:01<00:00,  1.17it/s]
=> result
* total: 180
* correct: 169
* accuracy: 93.9%
* error: 6.1%
* macro_f1: 94.1%
Evaluate on the client8_test set
  0%|          | 0/2 [00:00<?, ?it/s] 50%|█████     | 1/2 [00:01<00:01,  1.30s/it]100%|██████████| 2/2 [00:01<00:00,  1.35it/s]
=> result
* total: 180
* correct: 152
* accuracy: 84.4%
* error: 15.6%
* macro_f1: 84.4%
Evaluate on the client9_test set
  0%|          | 0/1 [00:00<?, ?it/s]100%|██████████| 1/1 [00:01<00:00,  1.00s/it]100%|██████████| 1/1 [00:01<00:00,  1.08s/it]=> result
* total: 72
* correct: 70
* accuracy: 97.2%
* error: 2.8%
* macro_f1: 97.2%
0 --Local test acc: 92.77777777777777
1 --Local test acc: 95.55555555555556
2 --Local test acc: 84.44444444444444
3 --Local test acc: 92.22222222222223
4 --Local test acc: 87.22222222222223
5 --Local test acc: 94.44444444444444
6 --Local test acc: 94.44444444444444
7 --Local test acc: 93.88888888888889
8 --Local test acc: 84.44444444444444
9 --Local test acc: 97.22222222222223
--Global test acc: 91.66666666666667
Epoch:39
------------local test finish-------------
idxs_users [0, 1, 2, 3, 4, 5, 6, 7, 8, 9]
------------local train start epoch: 40 -------------

epoch [1/1] batch [1/2] time 0.677 (0.677) data 0.599 (0.599) loss 0.2133 (0.2133) acc 87.5000 (87.5000) spf_gamma 0.0500 (0.0500) spf_rank 8.0000 (8.0000) spf_shared_loss 0.0003 (0.0003) spf_private_loss 0.0000 (0.0000) spf_private_norm 0.0004 (0.0004) spf_private_orth_ratio 0.0000 (0.0000) lr 1.0000e-03 eta 0:00:00 user 0
epoch [1/1] batch [2/2] time 0.075 (0.376) data 0.000 (0.299) loss 0.1266 (0.1699) acc 96.8750 (92.1875) spf_gamma 0.0500 (0.0500) spf_rank 8.0000 (8.0000) spf_shared_loss 0.0003 (0.0003) spf_private_loss 0.0000 (0.0000) spf_private_norm 0.0004 (0.0004) spf_private_orth_ratio 0.0000 (0.0000) lr 1.0000e-03 eta 0:00:00 user 0
Finish training: 0 user
Deploy the last-epoch model
0 User, Elapsed: 0:00:01
epoch [1/1] batch [1/2] time 0.774 (0.774) data 0.699 (0.699) loss 0.0764 (0.0764) acc 100.0000 (100.0000) spf_gamma 0.0500 (0.0500) spf_rank 8.0000 (8.0000) spf_shared_loss 0.0003 (0.0003) spf_private_loss 0.0000 (0.0000) spf_private_norm 0.0004 (0.0004) spf_private_orth_ratio 0.0000 (0.0000) lr 1.0000e-03 eta 0:00:00 user 1
epoch [1/1] batch [2/2] time 0.138 (0.456) data 0.000 (0.349) loss 0.0563 (0.0664) acc 100.0000 (100.0000) spf_gamma 0.0500 (0.0500) spf_rank 8.0000 (8.0000) spf_shared_loss 0.0003 (0.0003) spf_private_loss 0.0000 (0.0000) spf_private_norm 0.0004 (0.0004) spf_private_orth_ratio 0.0000 (0.0000) lr 1.0000e-03 eta 0:00:00 user 1
Finish training: 1 user
Deploy the last-epoch model
1 User, Elapsed: 0:00:01
epoch [1/1] batch [1/2] time 0.674 (0.674) data 0.595 (0.595) loss 0.1430 (0.1430) acc 100.0000 (100.0000) spf_gamma 0.0500 (0.0500) spf_rank 8.0000 (8.0000) spf_shared_loss 0.0003 (0.0003) spf_private_loss 0.0000 (0.0000) spf_private_norm 0.0004 (0.0004) spf_private_orth_ratio 0.0000 (0.0000) lr 1.0000e-03 eta 0:00:00 user 2
epoch [1/1] batch [2/2] time 0.073 (0.374) data 0.000 (0.298) loss 0.0768 (0.1099) acc 100.0000 (100.0000) spf_gamma 0.0500 (0.0500) spf_rank 8.0000 (8.0000) spf_shared_loss 0.0003 (0.0003) spf_private_loss 0.0000 (0.0000) spf_private_norm 0.0004 (0.0004) spf_private_orth_ratio 0.0000 (0.0000) lr 1.0000e-03 eta 0:00:00 user 2
Finish training: 2 user
Deploy the last-epoch model
2 User, Elapsed: 0:00:01
epoch [1/1] batch [1/2] time 0.677 (0.677) data 0.603 (0.603) loss 0.0213 (0.0213) acc 100.0000 (100.0000) spf_gamma 0.0500 (0.0500) spf_rank 8.0000 (8.0000) spf_shared_loss 0.0003 (0.0003) spf_private_loss 0.0000 (0.0000) spf_private_norm 0.0004 (0.0004) spf_private_orth_ratio 0.0000 (0.0000) lr 1.0000e-03 eta 0:00:00 user 3
epoch [1/1] batch [2/2] time 0.075 (0.376) data 0.000 (0.301) loss 0.0949 (0.0581) acc 96.8750 (98.4375) spf_gamma 0.0500 (0.0500) spf_rank 8.0000 (8.0000) spf_shared_loss 0.0003 (0.0003) spf_private_loss 0.0000 (0.0000) spf_private_norm 0.0004 (0.0004) spf_private_orth_ratio 0.0000 (0.0000) lr 1.0000e-03 eta 0:00:00 user 3
Finish training: 3 user
Deploy the last-epoch model
3 User, Elapsed: 0:00:01
epoch [1/1] batch [1/2] time 0.747 (0.747) data 0.674 (0.674) loss 0.1319 (0.1319) acc 100.0000 (100.0000) spf_gamma 0.0500 (0.0500) spf_rank 8.0000 (8.0000) spf_shared_loss 0.0003 (0.0003) spf_private_loss 0.0000 (0.0000) spf_private_norm 0.0004 (0.0004) spf_private_orth_ratio 0.0000 (0.0000) lr 1.0000e-03 eta 0:00:00 user 4
epoch [1/1] batch [2/2] time 0.073 (0.410) data 0.000 (0.337) loss 0.2752 (0.2035) acc 87.5000 (93.7500) spf_gamma 0.0500 (0.0500) spf_rank 8.0000 (8.0000) spf_shared_loss 0.0003 (0.0003) spf_private_loss 0.0000 (0.0000) spf_private_norm 0.0004 (0.0004) spf_private_orth_ratio 0.0000 (0.0000) lr 1.0000e-03 eta 0:00:00 user 4
Finish training: 4 user
Deploy the last-epoch model
4 User, Elapsed: 0:00:01
epoch [1/1] batch [1/2] time 0.729 (0.729) data 0.656 (0.656) loss 0.0270 (0.0270) acc 100.0000 (100.0000) spf_gamma 0.0500 (0.0500) spf_rank 8.0000 (8.0000) spf_shared_loss 0.0003 (0.0003) spf_private_loss 0.0000 (0.0000) spf_private_norm 0.0004 (0.0004) spf_private_orth_ratio 0.0000 (0.0000) lr 1.0000e-03 eta 0:00:00 user 5
epoch [1/1] batch [2/2] time 0.073 (0.401) data 0.000 (0.328) loss 0.0541 (0.0406) acc 100.0000 (100.0000) spf_gamma 0.0500 (0.0500) spf_rank 8.0000 (8.0000) spf_shared_loss 0.0003 (0.0003) spf_private_loss 0.0000 (0.0000) spf_private_norm 0.0004 (0.0004) spf_private_orth_ratio 0.0000 (0.0000) lr 1.0000e-03 eta 0:00:00 user 5
Finish training: 5 user
Deploy the last-epoch model
5 User, Elapsed: 0:00:01
epoch [1/1] batch [1/2] time 0.699 (0.699) data 0.624 (0.624) loss 0.1923 (0.1923) acc 93.7500 (93.7500) spf_gamma 0.0500 (0.0500) spf_rank 8.0000 (8.0000) spf_shared_loss 0.0003 (0.0003) spf_private_loss 0.0000 (0.0000) spf_private_norm 0.0004 (0.0004) spf_private_orth_ratio 0.0000 (0.0000) lr 1.0000e-03 eta 0:00:00 user 6
epoch [1/1] batch [2/2] time 0.079 (0.389) data 0.000 (0.312) loss 0.2438 (0.2180) acc 90.6250 (92.1875) spf_gamma 0.0500 (0.0500) spf_rank 8.0000 (8.0000) spf_shared_loss 0.0003 (0.0003) spf_private_loss 0.0000 (0.0000) spf_private_norm 0.0004 (0.0004) spf_private_orth_ratio 0.0000 (0.0000) lr 1.0000e-03 eta 0:00:00 user 6
Finish training: 6 user
Deploy the last-epoch model
6 User, Elapsed: 0:00:01
epoch [1/1] batch [1/2] time 0.760 (0.760) data 0.683 (0.683) loss 0.0598 (0.0598) acc 100.0000 (100.0000) spf_gamma 0.0500 (0.0500) spf_rank 8.0000 (8.0000) spf_shared_loss 0.0003 (0.0003) spf_private_loss 0.0000 (0.0000) spf_private_norm 0.0004 (0.0004) spf_private_orth_ratio 0.0000 (0.0000) lr 1.0000e-03 eta 0:00:00 user 7
epoch [1/1] batch [2/2] time 0.076 (0.418) data 0.000 (0.342) loss 0.1537 (0.1068) acc 96.8750 (98.4375) spf_gamma 0.0500 (0.0500) spf_rank 8.0000 (8.0000) spf_shared_loss 0.0003 (0.0003) spf_private_loss 0.0000 (0.0000) spf_private_norm 0.0004 (0.0004) spf_private_orth_ratio 0.0000 (0.0000) lr 1.0000e-03 eta 0:00:00 user 7
Finish training: 7 user
Deploy the last-epoch model
7 User, Elapsed: 0:00:01
epoch [1/1] batch [1/2] time 0.801 (0.801) data 0.633 (0.633) loss 0.2246 (0.2246) acc 96.8750 (96.8750) spf_gamma 0.0500 (0.0500) spf_rank 8.0000 (8.0000) spf_shared_loss 0.0003 (0.0003) spf_private_loss 0.0000 (0.0000) spf_private_norm 0.0004 (0.0004) spf_private_orth_ratio 0.0000 (0.0000) lr 1.0000e-03 eta 0:00:00 user 8
epoch [1/1] batch [2/2] time 0.125 (0.463) data 0.000 (0.316) loss 0.0749 (0.1497) acc 100.0000 (98.4375) spf_gamma 0.0500 (0.0500) spf_rank 8.0000 (8.0000) spf_shared_loss 0.0003 (0.0003) spf_private_loss 0.0000 (0.0000) spf_private_norm 0.0004 (0.0004) spf_private_orth_ratio 0.0000 (0.0000) lr 1.0000e-03 eta 0:00:00 user 8
Finish training: 8 user
Deploy the last-epoch model
8 User, Elapsed: 0:00:01
epoch [1/1] batch [1/1] time 0.728 (0.728) data 0.650 (0.650) loss 0.0195 (0.0195) acc 100.0000 (100.0000) spf_gamma 0.0500 (0.0500) spf_rank 8.0000 (8.0000) spf_shared_loss 0.0003 (0.0003) spf_private_loss 0.0000 (0.0000) spf_private_norm 0.0004 (0.0004) spf_private_orth_ratio 0.0000 (0.0000) lr 1.0000e-03 eta 0:00:00 user 9
Finish training: 9 user
Deploy the last-epoch model
9 User, Elapsed: 0:00:01
------------local train finish epoch: 40 -------------
------------local test start-------------
Evaluate on the client0_test set
  0%|          | 0/2 [00:00<?, ?it/s] 50%|█████     | 1/2 [00:01<00:01,  1.38s/it]100%|██████████| 2/2 [00:01<00:00,  1.29it/s]
=> result
* total: 180
* correct: 171
* accuracy: 95.0%
* error: 5.0%
* macro_f1: 95.2%
Evaluate on the client1_test set
  0%|          | 0/2 [00:00<?, ?it/s] 50%|█████     | 1/2 [00:01<00:01,  1.39s/it]100%|██████████| 2/2 [00:01<00:00,  1.29it/s]
=> result
* total: 180
* correct: 172
* accuracy: 95.6%
* error: 4.4%
* macro_f1: 96.1%
Evaluate on the client2_test set
  0%|          | 0/2 [00:00<?, ?it/s] 50%|█████     | 1/2 [00:01<00:01,  1.29s/it]100%|██████████| 2/2 [00:01<00:00,  1.37it/s]
=> result
* total: 180
* correct: 155
* accuracy: 86.1%
* error: 13.9%
* macro_f1: 85.9%
Evaluate on the client3_test set
  0%|          | 0/2 [00:00<?, ?it/s] 50%|█████     | 1/2 [00:01<00:01,  1.33s/it]100%|██████████| 2/2 [00:01<00:00,  1.33it/s]
=> result
* total: 180
* correct: 167
* accuracy: 92.8%
* error: 7.2%
* macro_f1: 93.0%
Evaluate on the client4_test set
  0%|          | 0/2 [00:00<?, ?it/s] 50%|█████     | 1/2 [00:01<00:01,  1.31s/it]100%|██████████| 2/2 [00:01<00:00,  1.34it/s]
=> result
* total: 180
* correct: 161
* accuracy: 89.4%
* error: 10.6%
* macro_f1: 89.3%
Evaluate on the client5_test set
  0%|          | 0/2 [00:00<?, ?it/s] 50%|█████     | 1/2 [00:01<00:01,  1.39s/it]100%|██████████| 2/2 [00:01<00:00,  1.28it/s]
=> result
* total: 180
* correct: 171
* accuracy: 95.0%
* error: 5.0%
* macro_f1: 95.5%
Evaluate on the client6_test set
  0%|          | 0/2 [00:00<?, ?it/s] 50%|█████     | 1/2 [00:01<00:01,  1.34s/it]100%|██████████| 2/2 [00:01<00:00,  1.33it/s]
=> result
* total: 180
* correct: 169
* accuracy: 93.9%
* error: 6.1%
* macro_f1: 94.0%
Evaluate on the client7_test set
  0%|          | 0/2 [00:00<?, ?it/s] 50%|█████     | 1/2 [00:01<00:01,  1.45s/it]100%|██████████| 2/2 [00:01<00:00,  1.46it/s]100%|██████████| 2/2 [00:01<00:00,  1.17it/s]
=> result
* total: 180
* correct: 168
* accuracy: 93.3%
* error: 6.7%
* macro_f1: 93.6%
Evaluate on the client8_test set
  0%|          | 0/2 [00:00<?, ?it/s] 50%|█████     | 1/2 [00:01<00:01,  1.33s/it]100%|██████████| 2/2 [00:01<00:00,  1.34it/s]
=> result
* total: 180
* correct: 156
* accuracy: 86.7%
* error: 13.3%
* macro_f1: 86.6%
Evaluate on the client9_test set
  0%|          | 0/1 [00:00<?, ?it/s]100%|██████████| 1/1 [00:01<00:00,  1.05s/it]100%|██████████| 1/1 [00:01<00:00,  1.15s/it]=> result
* total: 72
* correct: 70
* accuracy: 97.2%
* error: 2.8%
* macro_f1: 97.2%
0 --Local test acc: 95.0
1 --Local test acc: 95.55555555555556
2 --Local test acc: 86.11111111111111
3 --Local test acc: 92.77777777777777
4 --Local test acc: 89.44444444444444
5 --Local test acc: 95.0
6 --Local test acc: 93.88888888888889
7 --Local test acc: 93.33333333333333
8 --Local test acc: 86.66666666666667
9 --Local test acc: 97.22222222222223
--Global test acc: 92.5
Epoch:40
------------local test finish-------------
idxs_users [0, 1, 2, 3, 4, 5, 6, 7, 8, 9]
------------local train start epoch: 41 -------------

epoch [1/1] batch [1/2] time 0.764 (0.764) data 0.614 (0.614) loss 0.1530 (0.1530) acc 96.8750 (96.8750) spf_gamma 0.0500 (0.0500) spf_rank 8.0000 (8.0000) spf_shared_loss 0.0003 (0.0003) spf_private_loss 0.0000 (0.0000) spf_private_norm 0.0004 (0.0004) spf_private_orth_ratio 0.0000 (0.0000) lr 1.0000e-03 eta 0:00:00 user 0
epoch [1/1] batch [2/2] time 0.076 (0.420) data 0.000 (0.307) loss 0.1172 (0.1351) acc 96.8750 (96.8750) spf_gamma 0.0500 (0.0500) spf_rank 8.0000 (8.0000) spf_shared_loss 0.0003 (0.0003) spf_private_loss 0.0000 (0.0000) spf_private_norm 0.0004 (0.0004) spf_private_orth_ratio 0.0000 (0.0000) lr 1.0000e-03 eta 0:00:00 user 0
Finish training: 0 user
Deploy the last-epoch model
0 User, Elapsed: 0:00:01
epoch [1/1] batch [1/2] time 0.691 (0.691) data 0.616 (0.616) loss 0.0415 (0.0415) acc 100.0000 (100.0000) spf_gamma 0.0500 (0.0500) spf_rank 8.0000 (8.0000) spf_shared_loss 0.0003 (0.0003) spf_private_loss 0.0000 (0.0000) spf_private_norm 0.0004 (0.0004) spf_private_orth_ratio 0.0000 (0.0000) lr 1.0000e-03 eta 0:00:00 user 1
epoch [1/1] batch [2/2] time 0.072 (0.382) data 0.000 (0.308) loss 0.0468 (0.0442) acc 100.0000 (100.0000) spf_gamma 0.0500 (0.0500) spf_rank 8.0000 (8.0000) spf_shared_loss 0.0003 (0.0003) spf_private_loss 0.0000 (0.0000) spf_private_norm 0.0004 (0.0004) spf_private_orth_ratio 0.0000 (0.0000) lr 1.0000e-03 eta 0:00:00 user 1
Finish training: 1 user
Deploy the last-epoch model
1 User, Elapsed: 0:00:01
epoch [1/1] batch [1/2] time 0.674 (0.674) data 0.596 (0.596) loss 0.1608 (0.1608) acc 100.0000 (100.0000) spf_gamma 0.0500 (0.0500) spf_rank 8.0000 (8.0000) spf_shared_loss 0.0003 (0.0003) spf_private_loss 0.0000 (0.0000) spf_private_norm 0.0004 (0.0004) spf_private_orth_ratio 0.0000 (0.0000) lr 1.0000e-03 eta 0:00:00 user 2
epoch [1/1] batch [2/2] time 0.079 (0.377) data 0.000 (0.298) loss 0.1532 (0.1570) acc 96.8750 (98.4375) spf_gamma 0.0500 (0.0500) spf_rank 8.0000 (8.0000) spf_shared_loss 0.0003 (0.0003) spf_private_loss 0.0000 (0.0000) spf_private_norm 0.0004 (0.0004) spf_private_orth_ratio 0.0000 (0.0000) lr 1.0000e-03 eta 0:00:00 user 2
Finish training: 2 user
Deploy the last-epoch model
2 User, Elapsed: 0:00:01
epoch [1/1] batch [1/2] time 0.725 (0.725) data 0.633 (0.633) loss 0.0395 (0.0395) acc 100.0000 (100.0000) spf_gamma 0.0500 (0.0500) spf_rank 8.0000 (8.0000) spf_shared_loss 0.0003 (0.0003) spf_private_loss 0.0000 (0.0000) spf_private_norm 0.0004 (0.0004) spf_private_orth_ratio 0.0000 (0.0000) lr 1.0000e-03 eta 0:00:00 user 3
epoch [1/1] batch [2/2] time 0.075 (0.400) data 0.000 (0.317) loss 0.0323 (0.0359) acc 100.0000 (100.0000) spf_gamma 0.0500 (0.0500) spf_rank 8.0000 (8.0000) spf_shared_loss 0.0003 (0.0003) spf_private_loss 0.0000 (0.0000) spf_private_norm 0.0004 (0.0004) spf_private_orth_ratio 0.0000 (0.0000) lr 1.0000e-03 eta 0:00:00 user 3
Finish training: 3 user
Deploy the last-epoch model
3 User, Elapsed: 0:00:01
epoch [1/1] batch [1/2] time 0.692 (0.692) data 0.611 (0.611) loss 0.2101 (0.2101) acc 93.7500 (93.7500) spf_gamma 0.0500 (0.0500) spf_rank 8.0000 (8.0000) spf_shared_loss 0.0003 (0.0003) spf_private_loss 0.0000 (0.0000) spf_private_norm 0.0004 (0.0004) spf_private_orth_ratio 0.0000 (0.0000) lr 1.0000e-03 eta 0:00:00 user 4
epoch [1/1] batch [2/2] time 0.074 (0.383) data 0.000 (0.305) loss 0.2532 (0.2317) acc 90.6250 (92.1875) spf_gamma 0.0500 (0.0500) spf_rank 8.0000 (8.0000) spf_shared_loss 0.0003 (0.0003) spf_private_loss 0.0000 (0.0000) spf_private_norm 0.0004 (0.0004) spf_private_orth_ratio 0.0000 (0.0000) lr 1.0000e-03 eta 0:00:00 user 4
Finish training: 4 user
Deploy the last-epoch model
4 User, Elapsed: 0:00:01
epoch [1/1] batch [1/2] time 0.681 (0.681) data 0.597 (0.597) loss 0.0401 (0.0401) acc 100.0000 (100.0000) spf_gamma 0.0500 (0.0500) spf_rank 8.0000 (8.0000) spf_shared_loss 0.0003 (0.0003) spf_private_loss 0.0000 (0.0000) spf_private_norm 0.0004 (0.0004) spf_private_orth_ratio 0.0000 (0.0000) lr 1.0000e-03 eta 0:00:00 user 5
epoch [1/1] batch [2/2] time 0.083 (0.382) data 0.000 (0.299) loss 0.0518 (0.0460) acc 100.0000 (100.0000) spf_gamma 0.0500 (0.0500) spf_rank 8.0000 (8.0000) spf_shared_loss 0.0003 (0.0003) spf_private_loss 0.0000 (0.0000) spf_private_norm 0.0004 (0.0004) spf_private_orth_ratio 0.0000 (0.0000) lr 1.0000e-03 eta 0:00:00 user 5
Finish training: 5 user
Deploy the last-epoch model
5 User, Elapsed: 0:00:01
epoch [1/1] batch [1/2] time 0.803 (0.803) data 0.605 (0.605) loss 0.1454 (0.1454) acc 96.8750 (96.8750) spf_gamma 0.0500 (0.0500) spf_rank 8.0000 (8.0000) spf_shared_loss 0.0003 (0.0003) spf_private_loss 0.0000 (0.0000) spf_private_norm 0.0004 (0.0004) spf_private_orth_ratio 0.0000 (0.0000) lr 1.0000e-03 eta 0:00:00 user 6
epoch [1/1] batch [2/2] time 0.147 (0.475) data 0.000 (0.303) loss 0.2273 (0.1864) acc 90.6250 (93.7500) spf_gamma 0.0500 (0.0500) spf_rank 8.0000 (8.0000) spf_shared_loss 0.0003 (0.0003) spf_private_loss 0.0000 (0.0000) spf_private_norm 0.0004 (0.0004) spf_private_orth_ratio 0.0000 (0.0000) lr 1.0000e-03 eta 0:00:00 user 6
Finish training: 6 user
Deploy the last-epoch model
6 User, Elapsed: 0:00:01
epoch [1/1] batch [1/2] time 0.707 (0.707) data 0.624 (0.624) loss 0.0465 (0.0465) acc 100.0000 (100.0000) spf_gamma 0.0500 (0.0500) spf_rank 8.0000 (8.0000) spf_shared_loss 0.0003 (0.0003) spf_private_loss 0.0000 (0.0000) spf_private_norm 0.0004 (0.0004) spf_private_orth_ratio 0.0000 (0.0000) lr 1.0000e-03 eta 0:00:00 user 7
epoch [1/1] batch [2/2] time 0.074 (0.390) data 0.000 (0.312) loss 0.1266 (0.0865) acc 96.8750 (98.4375) spf_gamma 0.0500 (0.0500) spf_rank 8.0000 (8.0000) spf_shared_loss 0.0003 (0.0003) spf_private_loss 0.0000 (0.0000) spf_private_norm 0.0004 (0.0004) spf_private_orth_ratio 0.0000 (0.0000) lr 1.0000e-03 eta 0:00:00 user 7
Finish training: 7 user
Deploy the last-epoch model
7 User, Elapsed: 0:00:01
epoch [1/1] batch [1/2] time 0.748 (0.748) data 0.672 (0.672) loss 0.1706 (0.1706) acc 96.8750 (96.8750) spf_gamma 0.0500 (0.0500) spf_rank 8.0000 (8.0000) spf_shared_loss 0.0003 (0.0003) spf_private_loss 0.0000 (0.0000) spf_private_norm 0.0004 (0.0004) spf_private_orth_ratio 0.0000 (0.0000) lr 1.0000e-03 eta 0:00:00 user 8
epoch [1/1] batch [2/2] time 0.072 (0.410) data 0.000 (0.336) loss 0.0982 (0.1344) acc 96.8750 (96.8750) spf_gamma 0.0500 (0.0500) spf_rank 8.0000 (8.0000) spf_shared_loss 0.0003 (0.0003) spf_private_loss 0.0000 (0.0000) spf_private_norm 0.0004 (0.0004) spf_private_orth_ratio 0.0000 (0.0000) lr 1.0000e-03 eta 0:00:00 user 8
Finish training: 8 user
Deploy the last-epoch model
8 User, Elapsed: 0:00:01
epoch [1/1] batch [1/1] time 0.742 (0.742) data 0.657 (0.657) loss 0.0539 (0.0539) acc 100.0000 (100.0000) spf_gamma 0.0500 (0.0500) spf_rank 8.0000 (8.0000) spf_shared_loss 0.0003 (0.0003) spf_private_loss 0.0000 (0.0000) spf_private_norm 0.0004 (0.0004) spf_private_orth_ratio 0.0000 (0.0000) lr 1.0000e-03 eta 0:00:00 user 9
Finish training: 9 user
Deploy the last-epoch model
9 User, Elapsed: 0:00:01
------------local train finish epoch: 41 -------------
------------local test start-------------
Evaluate on the client0_test set
  0%|          | 0/2 [00:00<?, ?it/s] 50%|█████     | 1/2 [00:01<00:01,  1.29s/it]100%|██████████| 2/2 [00:01<00:00,  1.37it/s]
=> result
* total: 180
* correct: 169
* accuracy: 93.9%
* error: 6.1%
* macro_f1: 94.1%
Evaluate on the client1_test set
  0%|          | 0/2 [00:00<?, ?it/s] 50%|█████     | 1/2 [00:01<00:01,  1.27s/it]100%|██████████| 2/2 [00:01<00:00,  1.38it/s]
=> result
* total: 180
* correct: 171
* accuracy: 95.0%
* error: 5.0%
* macro_f1: 95.7%
Evaluate on the client2_test set
  0%|          | 0/2 [00:00<?, ?it/s] 50%|█████     | 1/2 [00:01<00:01,  1.34s/it]100%|██████████| 2/2 [00:01<00:00,  1.33it/s]
=> result
* total: 180
* correct: 153
* accuracy: 85.0%
* error: 15.0%
* macro_f1: 84.7%
Evaluate on the client3_test set
  0%|          | 0/2 [00:00<?, ?it/s] 50%|█████     | 1/2 [00:01<00:01,  1.40s/it]100%|██████████| 2/2 [00:01<00:00,  1.27it/s]
=> result
* total: 180
* correct: 168
* accuracy: 93.3%
* error: 6.7%
* macro_f1: 93.3%
Evaluate on the client4_test set
  0%|          | 0/2 [00:00<?, ?it/s] 50%|█████     | 1/2 [00:01<00:01,  1.38s/it]100%|██████████| 2/2 [00:01<00:00,  1.29it/s]
=> result
* total: 180
* correct: 158
* accuracy: 87.8%
* error: 12.2%
* macro_f1: 87.8%
Evaluate on the client5_test set
  0%|          | 0/2 [00:00<?, ?it/s] 50%|█████     | 1/2 [00:01<00:01,  1.32s/it]100%|██████████| 2/2 [00:01<00:00,  1.33it/s]
=> result
* total: 180
* correct: 169
* accuracy: 93.9%
* error: 6.1%
* macro_f1: 94.1%
Evaluate on the client6_test set
  0%|          | 0/2 [00:00<?, ?it/s] 50%|█████     | 1/2 [00:01<00:01,  1.42s/it]100%|██████████| 2/2 [00:01<00:00,  1.26it/s]
=> result
* total: 180
* correct: 171
* accuracy: 95.0%
* error: 5.0%
* macro_f1: 95.0%
Evaluate on the client7_test set
  0%|          | 0/2 [00:00<?, ?it/s] 50%|█████     | 1/2 [00:01<00:01,  1.31s/it]100%|██████████| 2/2 [00:01<00:00,  1.57it/s]100%|██████████| 2/2 [00:01<00:00,  1.28it/s]
=> result
* total: 180
* correct: 168
* accuracy: 93.3%
* error: 6.7%
* macro_f1: 93.6%
Evaluate on the client8_test set
  0%|          | 0/2 [00:00<?, ?it/s] 50%|█████     | 1/2 [00:01<00:01,  1.41s/it]100%|██████████| 2/2 [00:01<00:00,  1.27it/s]
=> result
* total: 180
* correct: 152
* accuracy: 84.4%
* error: 15.6%
* macro_f1: 84.4%
Evaluate on the client9_test set
  0%|          | 0/1 [00:00<?, ?it/s]100%|██████████| 1/1 [00:01<00:00,  1.00s/it]100%|██████████| 1/1 [00:01<00:00,  1.09s/it]=> result
* total: 72
* correct: 71
* accuracy: 98.6%
* error: 1.4%
* macro_f1: 98.6%
0 --Local test acc: 93.88888888888889
1 --Local test acc: 95.0
2 --Local test acc: 85.0
3 --Local test acc: 93.33333333333333
4 --Local test acc: 87.77777777777777
5 --Local test acc: 93.88888888888889
6 --Local test acc: 95.0
7 --Local test acc: 93.33333333333333
8 --Local test acc: 84.44444444444444
9 --Local test acc: 98.61111111111111
--Global test acc: 92.02777777777779
Epoch:41
------------local test finish-------------
idxs_users [0, 1, 2, 3, 4, 5, 6, 7, 8, 9]
------------local train start epoch: 42 -------------

epoch [1/1] batch [1/2] time 0.790 (0.790) data 0.702 (0.702) loss 0.0667 (0.0667) acc 100.0000 (100.0000) spf_gamma 0.0500 (0.0500) spf_rank 8.0000 (8.0000) spf_shared_loss 0.0003 (0.0003) spf_private_loss 0.0000 (0.0000) spf_private_norm 0.0004 (0.0004) spf_private_orth_ratio 0.0000 (0.0000) lr 1.0000e-03 eta 0:00:00 user 0
epoch [1/1] batch [2/2] time 0.153 (0.471) data 0.000 (0.351) loss 0.1988 (0.1327) acc 93.7500 (96.8750) spf_gamma 0.0500 (0.0500) spf_rank 8.0000 (8.0000) spf_shared_loss 0.0003 (0.0003) spf_private_loss 0.0000 (0.0000) spf_private_norm 0.0004 (0.0004) spf_private_orth_ratio 0.0000 (0.0000) lr 1.0000e-03 eta 0:00:00 user 0
Finish training: 0 user
Deploy the last-epoch model
0 User, Elapsed: 0:00:01
epoch [1/1] batch [1/2] time 0.700 (0.700) data 0.617 (0.617) loss 0.0528 (0.0528) acc 100.0000 (100.0000) spf_gamma 0.0500 (0.0500) spf_rank 8.0000 (8.0000) spf_shared_loss 0.0003 (0.0003) spf_private_loss 0.0000 (0.0000) spf_private_norm 0.0004 (0.0004) spf_private_orth_ratio 0.0000 (0.0000) lr 1.0000e-03 eta 0:00:00 user 1
epoch [1/1] batch [2/2] time 0.145 (0.423) data 0.000 (0.308) loss 0.0506 (0.0517) acc 100.0000 (100.0000) spf_gamma 0.0500 (0.0500) spf_rank 8.0000 (8.0000) spf_shared_loss 0.0003 (0.0003) spf_private_loss 0.0000 (0.0000) spf_private_norm 0.0004 (0.0004) spf_private_orth_ratio 0.0000 (0.0000) lr 1.0000e-03 eta 0:00:00 user 1
Finish training: 1 user
Deploy the last-epoch model
1 User, Elapsed: 0:00:01
epoch [1/1] batch [1/2] time 0.683 (0.683) data 0.609 (0.609) loss 0.0995 (0.0995) acc 100.0000 (100.0000) spf_gamma 0.0500 (0.0500) spf_rank 8.0000 (8.0000) spf_shared_loss 0.0003 (0.0003) spf_private_loss 0.0000 (0.0000) spf_private_norm 0.0004 (0.0004) spf_private_orth_ratio 0.0000 (0.0000) lr 1.0000e-03 eta 0:00:00 user 2
epoch [1/1] batch [2/2] time 0.073 (0.378) data 0.000 (0.304) loss 0.0986 (0.0990) acc 100.0000 (100.0000) spf_gamma 0.0500 (0.0500) spf_rank 8.0000 (8.0000) spf_shared_loss 0.0003 (0.0003) spf_private_loss 0.0000 (0.0000) spf_private_norm 0.0004 (0.0004) spf_private_orth_ratio 0.0000 (0.0000) lr 1.0000e-03 eta 0:00:00 user 2
Finish training: 2 user
Deploy the last-epoch model
2 User, Elapsed: 0:00:01
epoch [1/1] batch [1/2] time 0.780 (0.780) data 0.695 (0.695) loss 0.0262 (0.0262) acc 100.0000 (100.0000) spf_gamma 0.0500 (0.0500) spf_rank 8.0000 (8.0000) spf_shared_loss 0.0003 (0.0003) spf_private_loss 0.0000 (0.0000) spf_private_norm 0.0004 (0.0004) spf_private_orth_ratio 0.0000 (0.0000) lr 1.0000e-03 eta 0:00:00 user 3
epoch [1/1] batch [2/2] time 0.077 (0.429) data 0.000 (0.348) loss 0.0857 (0.0559) acc 96.8750 (98.4375) spf_gamma 0.0500 (0.0500) spf_rank 8.0000 (8.0000) spf_shared_loss 0.0003 (0.0003) spf_private_loss 0.0000 (0.0000) spf_private_norm 0.0004 (0.0004) spf_private_orth_ratio 0.0000 (0.0000) lr 1.0000e-03 eta 0:00:00 user 3
Finish training: 3 user
Deploy the last-epoch model
3 User, Elapsed: 0:00:01
epoch [1/1] batch [1/2] time 0.713 (0.713) data 0.634 (0.634) loss 0.2642 (0.2642) acc 90.6250 (90.6250) spf_gamma 0.0500 (0.0500) spf_rank 8.0000 (8.0000) spf_shared_loss 0.0003 (0.0003) spf_private_loss 0.0000 (0.0000) spf_private_norm 0.0004 (0.0004) spf_private_orth_ratio 0.0000 (0.0000) lr 1.0000e-03 eta 0:00:00 user 4
epoch [1/1] batch [2/2] time 0.073 (0.393) data 0.000 (0.317) loss 0.1867 (0.2254) acc 96.8750 (93.7500) spf_gamma 0.0500 (0.0500) spf_rank 8.0000 (8.0000) spf_shared_loss 0.0003 (0.0003) spf_private_loss 0.0000 (0.0000) spf_private_norm 0.0004 (0.0004) spf_private_orth_ratio 0.0000 (0.0000) lr 1.0000e-03 eta 0:00:00 user 4
Finish training: 4 user
Deploy the last-epoch model
4 User, Elapsed: 0:00:01
epoch [1/1] batch [1/2] time 0.744 (0.744) data 0.643 (0.643) loss 0.0756 (0.0756) acc 96.8750 (96.8750) spf_gamma 0.0500 (0.0500) spf_rank 8.0000 (8.0000) spf_shared_loss 0.0003 (0.0003) spf_private_loss 0.0000 (0.0000) spf_private_norm 0.0004 (0.0004) spf_private_orth_ratio 0.0000 (0.0000) lr 1.0000e-03 eta 0:00:00 user 5
epoch [1/1] batch [2/2] time 0.080 (0.412) data 0.000 (0.322) loss 0.0362 (0.0559) acc 100.0000 (98.4375) spf_gamma 0.0500 (0.0500) spf_rank 8.0000 (8.0000) spf_shared_loss 0.0003 (0.0003) spf_private_loss 0.0000 (0.0000) spf_private_norm 0.0004 (0.0004) spf_private_orth_ratio 0.0000 (0.0000) lr 1.0000e-03 eta 0:00:00 user 5
Finish training: 5 user
Deploy the last-epoch model
5 User, Elapsed: 0:00:01
epoch [1/1] batch [1/2] time 0.857 (0.857) data 0.691 (0.691) loss 0.3467 (0.3467) acc 84.3750 (84.3750) spf_gamma 0.0500 (0.0500) spf_rank 8.0000 (8.0000) spf_shared_loss 0.0003 (0.0003) spf_private_loss 0.0000 (0.0000) spf_private_norm 0.0004 (0.0004) spf_private_orth_ratio 0.0000 (0.0000) lr 1.0000e-03 eta 0:00:00 user 6
epoch [1/1] batch [2/2] time 0.155 (0.506) data 0.000 (0.345) loss 0.2639 (0.3053) acc 90.6250 (87.5000) spf_gamma 0.0500 (0.0500) spf_rank 8.0000 (8.0000) spf_shared_loss 0.0003 (0.0003) spf_private_loss 0.0000 (0.0000) spf_private_norm 0.0004 (0.0004) spf_private_orth_ratio 0.0000 (0.0000) lr 1.0000e-03 eta 0:00:00 user 6
Finish training: 6 user
Deploy the last-epoch model
6 User, Elapsed: 0:00:01
epoch [1/1] batch [1/2] time 0.711 (0.711) data 0.629 (0.629) loss 0.0744 (0.0744) acc 96.8750 (96.8750) spf_gamma 0.0500 (0.0500) spf_rank 8.0000 (8.0000) spf_shared_loss 0.0003 (0.0003) spf_private_loss 0.0000 (0.0000) spf_private_norm 0.0004 (0.0004) spf_private_orth_ratio 0.0000 (0.0000) lr 1.0000e-03 eta 0:00:00 user 7
epoch [1/1] batch [2/2] time 0.076 (0.393) data 0.000 (0.315) loss 0.0948 (0.0846) acc 100.0000 (98.4375) spf_gamma 0.0500 (0.0500) spf_rank 8.0000 (8.0000) spf_shared_loss 0.0003 (0.0003) spf_private_loss 0.0000 (0.0000) spf_private_norm 0.0004 (0.0004) spf_private_orth_ratio 0.0000 (0.0000) lr 1.0000e-03 eta 0:00:00 user 7
Finish training: 7 user
Deploy the last-epoch model
7 User, Elapsed: 0:00:01
epoch [1/1] batch [1/2] time 0.720 (0.720) data 0.610 (0.610) loss 0.1028 (0.1028) acc 96.8750 (96.8750) spf_gamma 0.0500 (0.0500) spf_rank 8.0000 (8.0000) spf_shared_loss 0.0003 (0.0003) spf_private_loss 0.0000 (0.0000) spf_private_norm 0.0004 (0.0004) spf_private_orth_ratio 0.0000 (0.0000) lr 1.0000e-03 eta 0:00:00 user 8
epoch [1/1] batch [2/2] time 0.073 (0.396) data 0.000 (0.305) loss 0.2055 (0.1541) acc 90.6250 (93.7500) spf_gamma 0.0500 (0.0500) spf_rank 8.0000 (8.0000) spf_shared_loss 0.0003 (0.0003) spf_private_loss 0.0000 (0.0000) spf_private_norm 0.0004 (0.0004) spf_private_orth_ratio 0.0000 (0.0000) lr 1.0000e-03 eta 0:00:00 user 8
Finish training: 8 user
Deploy the last-epoch model
8 User, Elapsed: 0:00:01
epoch [1/1] batch [1/1] time 0.676 (0.676) data 0.602 (0.602) loss 0.0380 (0.0380) acc 100.0000 (100.0000) spf_gamma 0.0500 (0.0500) spf_rank 8.0000 (8.0000) spf_shared_loss 0.0003 (0.0003) spf_private_loss 0.0000 (0.0000) spf_private_norm 0.0004 (0.0004) spf_private_orth_ratio 0.0000 (0.0000) lr 1.0000e-03 eta 0:00:00 user 9
Finish training: 9 user
Deploy the last-epoch model
9 User, Elapsed: 0:00:01
------------local train finish epoch: 42 -------------
------------local test start-------------
Evaluate on the client0_test set
  0%|          | 0/2 [00:00<?, ?it/s] 50%|█████     | 1/2 [00:01<00:01,  1.26s/it]100%|██████████| 2/2 [00:01<00:00,  1.40it/s]
=> result
* total: 180
* correct: 173
* accuracy: 96.1%
* error: 3.9%
* macro_f1: 96.4%
Evaluate on the client1_test set
  0%|          | 0/2 [00:00<?, ?it/s] 50%|█████     | 1/2 [00:01<00:01,  1.32s/it]100%|██████████| 2/2 [00:01<00:00,  1.34it/s]
=> result
* total: 180
* correct: 171
* accuracy: 95.0%
* error: 5.0%
* macro_f1: 95.5%
Evaluate on the client2_test set
  0%|          | 0/2 [00:00<?, ?it/s] 50%|█████     | 1/2 [00:01<00:01,  1.27s/it]100%|██████████| 2/2 [00:01<00:00,  1.40it/s]
=> result
* total: 180
* correct: 154
* accuracy: 85.6%
* error: 14.4%
* macro_f1: 85.1%
Evaluate on the client3_test set
  0%|          | 0/2 [00:00<?, ?it/s] 50%|█████     | 1/2 [00:01<00:01,  1.44s/it]100%|██████████| 2/2 [00:01<00:00,  1.23it/s]
=> result
* total: 180
* correct: 166
* accuracy: 92.2%
* error: 7.8%
* macro_f1: 92.2%
Evaluate on the client4_test set
  0%|          | 0/2 [00:00<?, ?it/s] 50%|█████     | 1/2 [00:01<00:01,  1.25s/it]100%|██████████| 2/2 [00:01<00:00,  1.42it/s]
=> result
* total: 180
* correct: 156
* accuracy: 86.7%
* error: 13.3%
* macro_f1: 86.9%
Evaluate on the client5_test set
  0%|          | 0/2 [00:00<?, ?it/s] 50%|█████     | 1/2 [00:01<00:01,  1.57s/it]100%|██████████| 2/2 [00:01<00:00,  1.16it/s]
=> result
* total: 180
* correct: 166
* accuracy: 92.2%
* error: 7.8%
* macro_f1: 92.8%
Evaluate on the client6_test set
  0%|          | 0/2 [00:00<?, ?it/s] 50%|█████     | 1/2 [00:01<00:01,  1.57s/it]100%|██████████| 2/2 [00:01<00:00,  1.36it/s]100%|██████████| 2/2 [00:01<00:00,  1.10it/s]
=> result
* total: 180
* correct: 170
* accuracy: 94.4%
* error: 5.6%
* macro_f1: 94.5%
Evaluate on the client7_test set
  0%|          | 0/2 [00:00<?, ?it/s] 50%|█████     | 1/2 [00:01<00:01,  1.32s/it]100%|██████████| 2/2 [00:01<00:00,  1.33it/s]
=> result
* total: 180
* correct: 170
* accuracy: 94.4%
* error: 5.6%
* macro_f1: 94.7%
Evaluate on the client8_test set
  0%|          | 0/2 [00:00<?, ?it/s] 50%|█████     | 1/2 [00:01<00:01,  1.36s/it]100%|██████████| 2/2 [00:01<00:00,  1.30it/s]
=> result
* total: 180
* correct: 155
* accuracy: 86.1%
* error: 13.9%
* macro_f1: 86.0%
Evaluate on the client9_test set
  0%|          | 0/1 [00:00<?, ?it/s]100%|██████████| 1/1 [00:00<00:00,  1.02it/s]100%|██████████| 1/1 [00:01<00:00,  1.07s/it]=> result
* total: 72
* correct: 69
* accuracy: 95.8%
* error: 4.2%
* macro_f1: 95.8%
0 --Local test acc: 96.11111111111111
1 --Local test acc: 95.0
2 --Local test acc: 85.55555555555556
3 --Local test acc: 92.22222222222223
4 --Local test acc: 86.66666666666667
5 --Local test acc: 92.22222222222223
6 --Local test acc: 94.44444444444444
7 --Local test acc: 94.44444444444444
8 --Local test acc: 86.11111111111111
9 --Local test acc: 95.83333333333333
--Global test acc: 91.86111111111111
Epoch:42
------------local test finish-------------
idxs_users [0, 1, 2, 3, 4, 5, 6, 7, 8, 9]
------------local train start epoch: 43 -------------

epoch [1/1] batch [1/2] time 0.697 (0.697) data 0.625 (0.625) loss 0.0883 (0.0883) acc 96.8750 (96.8750) spf_gamma 0.0500 (0.0500) spf_rank 8.0000 (8.0000) spf_shared_loss 0.0003 (0.0003) spf_private_loss 0.0000 (0.0000) spf_private_norm 0.0004 (0.0004) spf_private_orth_ratio 0.0000 (0.0000) lr 1.0000e-03 eta 0:00:00 user 0
epoch [1/1] batch [2/2] time 0.072 (0.385) data 0.000 (0.313) loss 0.0743 (0.0813) acc 100.0000 (98.4375) spf_gamma 0.0500 (0.0500) spf_rank 8.0000 (8.0000) spf_shared_loss 0.0003 (0.0003) spf_private_loss 0.0000 (0.0000) spf_private_norm 0.0004 (0.0004) spf_private_orth_ratio 0.0000 (0.0000) lr 1.0000e-03 eta 0:00:00 user 0
Finish training: 0 user
Deploy the last-epoch model
0 User, Elapsed: 0:00:01
epoch [1/1] batch [1/2] time 0.656 (0.656) data 0.579 (0.579) loss 0.2177 (0.2177) acc 93.7500 (93.7500) spf_gamma 0.0500 (0.0500) spf_rank 8.0000 (8.0000) spf_shared_loss 0.0003 (0.0003) spf_private_loss 0.0000 (0.0000) spf_private_norm 0.0004 (0.0004) spf_private_orth_ratio 0.0000 (0.0000) lr 1.0000e-03 eta 0:00:00 user 1
epoch [1/1] batch [2/2] time 0.072 (0.364) data 0.000 (0.289) loss 0.0251 (0.1214) acc 100.0000 (96.8750) spf_gamma 0.0500 (0.0500) spf_rank 8.0000 (8.0000) spf_shared_loss 0.0003 (0.0003) spf_private_loss 0.0000 (0.0000) spf_private_norm 0.0004 (0.0004) spf_private_orth_ratio 0.0000 (0.0000) lr 1.0000e-03 eta 0:00:00 user 1
Finish training: 1 user
Deploy the last-epoch model
1 User, Elapsed: 0:00:01
epoch [1/1] batch [1/2] time 0.742 (0.742) data 0.659 (0.659) loss 0.1598 (0.1598) acc 93.7500 (93.7500) spf_gamma 0.0500 (0.0500) spf_rank 8.0000 (8.0000) spf_shared_loss 0.0003 (0.0003) spf_private_loss 0.0000 (0.0000) spf_private_norm 0.0004 (0.0004) spf_private_orth_ratio 0.0000 (0.0000) lr 1.0000e-03 eta 0:00:00 user 2
epoch [1/1] batch [2/2] time 0.077 (0.410) data 0.000 (0.329) loss 0.0566 (0.1082) acc 100.0000 (96.8750) spf_gamma 0.0500 (0.0500) spf_rank 8.0000 (8.0000) spf_shared_loss 0.0003 (0.0003) spf_private_loss 0.0000 (0.0000) spf_private_norm 0.0004 (0.0004) spf_private_orth_ratio 0.0000 (0.0000) lr 1.0000e-03 eta 0:00:00 user 2
Finish training: 2 user
Deploy the last-epoch model
2 User, Elapsed: 0:00:01
epoch [1/1] batch [1/2] time 0.697 (0.697) data 0.610 (0.610) loss 0.0738 (0.0738) acc 96.8750 (96.8750) spf_gamma 0.0500 (0.0500) spf_rank 8.0000 (8.0000) spf_shared_loss 0.0003 (0.0003) spf_private_loss 0.0000 (0.0000) spf_private_norm 0.0004 (0.0004) spf_private_orth_ratio 0.0000 (0.0000) lr 1.0000e-03 eta 0:00:00 user 3
epoch [1/1] batch [2/2] time 0.079 (0.388) data 0.000 (0.305) loss 0.0484 (0.0611) acc 100.0000 (98.4375) spf_gamma 0.0500 (0.0500) spf_rank 8.0000 (8.0000) spf_shared_loss 0.0003 (0.0003) spf_private_loss 0.0000 (0.0000) spf_private_norm 0.0004 (0.0004) spf_private_orth_ratio 0.0000 (0.0000) lr 1.0000e-03 eta 0:00:00 user 3
Finish training: 3 user
Deploy the last-epoch model
3 User, Elapsed: 0:00:01
epoch [1/1] batch [1/2] time 0.724 (0.724) data 0.647 (0.647) loss 0.1371 (0.1371) acc 96.8750 (96.8750) spf_gamma 0.0500 (0.0500) spf_rank 8.0000 (8.0000) spf_shared_loss 0.0003 (0.0003) spf_private_loss 0.0000 (0.0000) spf_private_norm 0.0004 (0.0004) spf_private_orth_ratio 0.0000 (0.0000) lr 1.0000e-03 eta 0:00:00 user 4
epoch [1/1] batch [2/2] time 0.078 (0.401) data 0.000 (0.323) loss 0.1364 (0.1367) acc 93.7500 (95.3125) spf_gamma 0.0500 (0.0500) spf_rank 8.0000 (8.0000) spf_shared_loss 0.0003 (0.0003) spf_private_loss 0.0000 (0.0000) spf_private_norm 0.0004 (0.0004) spf_private_orth_ratio 0.0000 (0.0000) lr 1.0000e-03 eta 0:00:00 user 4
Finish training: 4 user
Deploy the last-epoch model
4 User, Elapsed: 0:00:01
epoch [1/1] batch [1/2] time 0.801 (0.801) data 0.615 (0.615) loss 0.0740 (0.0740) acc 96.8750 (96.8750) spf_gamma 0.0500 (0.0500) spf_rank 8.0000 (8.0000) spf_shared_loss 0.0003 (0.0003) spf_private_loss 0.0000 (0.0000) spf_private_norm 0.0004 (0.0004) spf_private_orth_ratio 0.0000 (0.0000) lr 1.0000e-03 eta 0:00:00 user 5
epoch [1/1] batch [2/2] time 0.157 (0.479) data 0.000 (0.308) loss 0.0490 (0.0615) acc 100.0000 (98.4375) spf_gamma 0.0500 (0.0500) spf_rank 8.0000 (8.0000) spf_shared_loss 0.0003 (0.0003) spf_private_loss 0.0000 (0.0000) spf_private_norm 0.0004 (0.0004) spf_private_orth_ratio 0.0000 (0.0000) lr 1.0000e-03 eta 0:00:00 user 5
Finish training: 5 user
Deploy the last-epoch model
5 User, Elapsed: 0:00:01
epoch [1/1] batch [1/2] time 0.678 (0.678) data 0.598 (0.598) loss 0.2061 (0.2061) acc 90.6250 (90.6250) spf_gamma 0.0500 (0.0500) spf_rank 8.0000 (8.0000) spf_shared_loss 0.0003 (0.0003) spf_private_loss 0.0000 (0.0000) spf_private_norm 0.0004 (0.0004) spf_private_orth_ratio 0.0000 (0.0000) lr 1.0000e-03 eta 0:00:00 user 6
epoch [1/1] batch [2/2] time 0.072 (0.375) data 0.000 (0.299) loss 0.3350 (0.2705) acc 84.3750 (87.5000) spf_gamma 0.0500 (0.0500) spf_rank 8.0000 (8.0000) spf_shared_loss 0.0003 (0.0003) spf_private_loss 0.0000 (0.0000) spf_private_norm 0.0004 (0.0004) spf_private_orth_ratio 0.0000 (0.0000) lr 1.0000e-03 eta 0:00:00 user 6
Finish training: 6 user
Deploy the last-epoch model
6 User, Elapsed: 0:00:01
epoch [1/1] batch [1/2] time 0.746 (0.746) data 0.602 (0.602) loss 0.0329 (0.0329) acc 100.0000 (100.0000) spf_gamma 0.0500 (0.0500) spf_rank 8.0000 (8.0000) spf_shared_loss 0.0003 (0.0003) spf_private_loss 0.0000 (0.0000) spf_private_norm 0.0004 (0.0004) spf_private_orth_ratio 0.0000 (0.0000) lr 1.0000e-03 eta 0:00:00 user 7
epoch [1/1] batch [2/2] time 0.075 (0.410) data 0.000 (0.301) loss 0.1164 (0.0747) acc 96.8750 (98.4375) spf_gamma 0.0500 (0.0500) spf_rank 8.0000 (8.0000) spf_shared_loss 0.0003 (0.0003) spf_private_loss 0.0000 (0.0000) spf_private_norm 0.0004 (0.0004) spf_private_orth_ratio 0.0000 (0.0000) lr 1.0000e-03 eta 0:00:00 user 7
Finish training: 7 user
Deploy the last-epoch model
7 User, Elapsed: 0:00:01
epoch [1/1] batch [1/2] time 0.730 (0.730) data 0.656 (0.656) loss 0.1919 (0.1919) acc 96.8750 (96.8750) spf_gamma 0.0500 (0.0500) spf_rank 8.0000 (8.0000) spf_shared_loss 0.0003 (0.0003) spf_private_loss 0.0000 (0.0000) spf_private_norm 0.0004 (0.0004) spf_private_orth_ratio 0.0000 (0.0000) lr 1.0000e-03 eta 0:00:00 user 8
epoch [1/1] batch [2/2] time 0.075 (0.403) data 0.000 (0.328) loss 0.1233 (0.1576) acc 96.8750 (96.8750) spf_gamma 0.0500 (0.0500) spf_rank 8.0000 (8.0000) spf_shared_loss 0.0003 (0.0003) spf_private_loss 0.0000 (0.0000) spf_private_norm 0.0004 (0.0004) spf_private_orth_ratio 0.0000 (0.0000) lr 1.0000e-03 eta 0:00:00 user 8
Finish training: 8 user
Deploy the last-epoch model
8 User, Elapsed: 0:00:01
epoch [1/1] batch [1/1] time 0.771 (0.771) data 0.686 (0.686) loss 0.0220 (0.0220) acc 100.0000 (100.0000) spf_gamma 0.0500 (0.0500) spf_rank 8.0000 (8.0000) spf_shared_loss 0.0003 (0.0003) spf_private_loss 0.0000 (0.0000) spf_private_norm 0.0004 (0.0004) spf_private_orth_ratio 0.0000 (0.0000) lr 1.0000e-03 eta 0:00:00 user 9
Finish training: 9 user
Deploy the last-epoch model
9 User, Elapsed: 0:00:01
------------local train finish epoch: 43 -------------
------------local test start-------------
Evaluate on the client0_test set
  0%|          | 0/2 [00:00<?, ?it/s] 50%|█████     | 1/2 [00:01<00:01,  1.25s/it]100%|██████████| 2/2 [00:01<00:00,  1.41it/s]
=> result
* total: 180
* correct: 168
* accuracy: 93.3%
* error: 6.7%
* macro_f1: 93.2%
Evaluate on the client1_test set
  0%|          | 0/2 [00:00<?, ?it/s] 50%|█████     | 1/2 [00:01<00:01,  1.26s/it]100%|██████████| 2/2 [00:01<00:00,  1.40it/s]
=> result
* total: 180
* correct: 168
* accuracy: 93.3%
* error: 6.7%
* macro_f1: 93.9%
Evaluate on the client2_test set
  0%|          | 0/2 [00:00<?, ?it/s] 50%|█████     | 1/2 [00:01<00:01,  1.39s/it]100%|██████████| 2/2 [00:01<00:00,  1.28it/s]
=> result
* total: 180
* correct: 154
* accuracy: 85.6%
* error: 14.4%
* macro_f1: 85.4%
Evaluate on the client3_test set
  0%|          | 0/2 [00:00<?, ?it/s] 50%|█████     | 1/2 [00:01<00:01,  1.53s/it]100%|██████████| 2/2 [00:01<00:00,  1.40it/s]100%|██████████| 2/2 [00:01<00:00,  1.14it/s]
=> result
* total: 180
* correct: 166
* accuracy: 92.2%
* error: 7.8%
* macro_f1: 92.2%
Evaluate on the client4_test set
  0%|          | 0/2 [00:00<?, ?it/s] 50%|█████     | 1/2 [00:01<00:01,  1.34s/it]100%|██████████| 2/2 [00:01<00:00,  1.53it/s]100%|██████████| 2/2 [00:01<00:00,  1.25it/s]
=> result
* total: 180
* correct: 160
* accuracy: 88.9%
* error: 11.1%
* macro_f1: 88.9%
Evaluate on the client5_test set
  0%|          | 0/2 [00:00<?, ?it/s] 50%|█████     | 1/2 [00:01<00:01,  1.30s/it]100%|██████████| 2/2 [00:01<00:00,  1.36it/s]
=> result
* total: 180
* correct: 166
* accuracy: 92.2%
* error: 7.8%
* macro_f1: 93.2%
Evaluate on the client6_test set
  0%|          | 0/2 [00:00<?, ?it/s] 50%|█████     | 1/2 [00:01<00:01,  1.53s/it]100%|██████████| 2/2 [00:01<00:00,  1.18it/s]
=> result
* total: 180
* correct: 166
* accuracy: 92.2%
* error: 7.8%
* macro_f1: 92.3%
Evaluate on the client7_test set
  0%|          | 0/2 [00:00<?, ?it/s] 50%|█████     | 1/2 [00:01<00:01,  1.38s/it]100%|██████████| 2/2 [00:01<00:00,  1.28it/s]
=> result
* total: 180
* correct: 171
* accuracy: 95.0%
* error: 5.0%
* macro_f1: 95.0%
Evaluate on the client8_test set
  0%|          | 0/2 [00:00<?, ?it/s] 50%|█████     | 1/2 [00:01<00:01,  1.33s/it]100%|██████████| 2/2 [00:01<00:00,  1.34it/s]
=> result
* total: 180
* correct: 153
* accuracy: 85.0%
* error: 15.0%
* macro_f1: 84.9%
Evaluate on the client9_test set
  0%|          | 0/1 [00:00<?, ?it/s]100%|██████████| 1/1 [00:01<00:00,  1.04s/it]100%|██████████| 1/1 [00:01<00:00,  1.16s/it]=> result
* total: 72
* correct: 69
* accuracy: 95.8%
* error: 4.2%
* macro_f1: 95.8%
0 --Local test acc: 93.33333333333333
1 --Local test acc: 93.33333333333333
2 --Local test acc: 85.55555555555556
3 --Local test acc: 92.22222222222223
4 --Local test acc: 88.88888888888889
5 --Local test acc: 92.22222222222223
6 --Local test acc: 92.22222222222223
7 --Local test acc: 95.0
8 --Local test acc: 85.0
9 --Local test acc: 95.83333333333333
--Global test acc: 91.36111111111111
Epoch:43
------------local test finish-------------
idxs_users [0, 1, 2, 3, 4, 5, 6, 7, 8, 9]
------------local train start epoch: 44 -------------

epoch [1/1] batch [1/2] time 0.778 (0.778) data 0.702 (0.702) loss 0.0449 (0.0449) acc 100.0000 (100.0000) spf_gamma 0.0500 (0.0500) spf_rank 8.0000 (8.0000) spf_shared_loss 0.0003 (0.0003) spf_private_loss 0.0000 (0.0000) spf_private_norm 0.0004 (0.0004) spf_private_orth_ratio 0.0000 (0.0000) lr 1.0000e-03 eta 0:00:00 user 0
epoch [1/1] batch [2/2] time 0.073 (0.425) data 0.000 (0.351) loss 0.1371 (0.0910) acc 96.8750 (98.4375) spf_gamma 0.0500 (0.0500) spf_rank 8.0000 (8.0000) spf_shared_loss 0.0003 (0.0003) spf_private_loss 0.0000 (0.0000) spf_private_norm 0.0004 (0.0004) spf_private_orth_ratio 0.0000 (0.0000) lr 1.0000e-03 eta 0:00:00 user 0
Finish training: 0 user
Deploy the last-epoch model
0 User, Elapsed: 0:00:01
epoch [1/1] batch [1/2] time 0.724 (0.724) data 0.638 (0.638) loss 0.0390 (0.0390) acc 100.0000 (100.0000) spf_gamma 0.0500 (0.0500) spf_rank 8.0000 (8.0000) spf_shared_loss 0.0003 (0.0003) spf_private_loss 0.0000 (0.0000) spf_private_norm 0.0004 (0.0004) spf_private_orth_ratio 0.0000 (0.0000) lr 1.0000e-03 eta 0:00:00 user 1
epoch [1/1] batch [2/2] time 0.083 (0.404) data 0.000 (0.319) loss 0.0914 (0.0652) acc 100.0000 (100.0000) spf_gamma 0.0500 (0.0500) spf_rank 8.0000 (8.0000) spf_shared_loss 0.0003 (0.0003) spf_private_loss 0.0000 (0.0000) spf_private_norm 0.0004 (0.0004) spf_private_orth_ratio 0.0000 (0.0000) lr 1.0000e-03 eta 0:00:00 user 1
Finish training: 1 user
Deploy the last-epoch model
1 User, Elapsed: 0:00:01
epoch [1/1] batch [1/2] time 0.707 (0.707) data 0.620 (0.620) loss 0.1380 (0.1380) acc 96.8750 (96.8750) spf_gamma 0.0500 (0.0500) spf_rank 8.0000 (8.0000) spf_shared_loss 0.0003 (0.0003) spf_private_loss 0.0000 (0.0000) spf_private_norm 0.0004 (0.0004) spf_private_orth_ratio 0.0000 (0.0000) lr 1.0000e-03 eta 0:00:00 user 2
epoch [1/1] batch [2/2] time 0.074 (0.390) data 0.000 (0.310) loss 0.0865 (0.1122) acc 100.0000 (98.4375) spf_gamma 0.0500 (0.0500) spf_rank 8.0000 (8.0000) spf_shared_loss 0.0003 (0.0003) spf_private_loss 0.0000 (0.0000) spf_private_norm 0.0004 (0.0004) spf_private_orth_ratio 0.0000 (0.0000) lr 1.0000e-03 eta 0:00:00 user 2
Finish training: 2 user
Deploy the last-epoch model
2 User, Elapsed: 0:00:01
epoch [1/1] batch [1/2] time 0.763 (0.763) data 0.689 (0.689) loss 0.0469 (0.0469) acc 100.0000 (100.0000) spf_gamma 0.0500 (0.0500) spf_rank 8.0000 (8.0000) spf_shared_loss 0.0003 (0.0003) spf_private_loss 0.0000 (0.0000) spf_private_norm 0.0004 (0.0004) spf_private_orth_ratio 0.0000 (0.0000) lr 1.0000e-03 eta 0:00:00 user 3
epoch [1/1] batch [2/2] time 0.076 (0.419) data 0.000 (0.344) loss 0.0816 (0.0642) acc 100.0000 (100.0000) spf_gamma 0.0500 (0.0500) spf_rank 8.0000 (8.0000) spf_shared_loss 0.0003 (0.0003) spf_private_loss 0.0000 (0.0000) spf_private_norm 0.0004 (0.0004) spf_private_orth_ratio 0.0000 (0.0000) lr 1.0000e-03 eta 0:00:00 user 3
Finish training: 3 user
Deploy the last-epoch model
3 User, Elapsed: 0:00:01
epoch [1/1] batch [1/2] time 0.813 (0.813) data 0.683 (0.683) loss 0.1320 (0.1320) acc 96.8750 (96.8750) spf_gamma 0.0500 (0.0500) spf_rank 8.0000 (8.0000) spf_shared_loss 0.0003 (0.0003) spf_private_loss 0.0000 (0.0000) spf_private_norm 0.0004 (0.0004) spf_private_orth_ratio 0.0000 (0.0000) lr 1.0000e-03 eta 0:00:00 user 4
epoch [1/1] batch [2/2] time 0.074 (0.443) data 0.000 (0.341) loss 0.2766 (0.2043) acc 90.6250 (93.7500) spf_gamma 0.0500 (0.0500) spf_rank 8.0000 (8.0000) spf_shared_loss 0.0003 (0.0003) spf_private_loss 0.0000 (0.0000) spf_private_norm 0.0004 (0.0004) spf_private_orth_ratio 0.0000 (0.0000) lr 1.0000e-03 eta 0:00:00 user 4
Finish training: 4 user
Deploy the last-epoch model
4 User, Elapsed: 0:00:01
epoch [1/1] batch [1/2] time 0.708 (0.708) data 0.614 (0.614) loss 0.1667 (0.1667) acc 96.8750 (96.8750) spf_gamma 0.0500 (0.0500) spf_rank 8.0000 (8.0000) spf_shared_loss 0.0003 (0.0003) spf_private_loss 0.0000 (0.0000) spf_private_norm 0.0004 (0.0004) spf_private_orth_ratio 0.0000 (0.0000) lr 1.0000e-03 eta 0:00:00 user 5
epoch [1/1] batch [2/2] time 0.076 (0.392) data 0.000 (0.307) loss 0.0383 (0.1025) acc 100.0000 (98.4375) spf_gamma 0.0500 (0.0500) spf_rank 8.0000 (8.0000) spf_shared_loss 0.0003 (0.0003) spf_private_loss 0.0000 (0.0000) spf_private_norm 0.0004 (0.0004) spf_private_orth_ratio 0.0000 (0.0000) lr 1.0000e-03 eta 0:00:00 user 5
Finish training: 5 user
Deploy the last-epoch model
5 User, Elapsed: 0:00:01
epoch [1/1] batch [1/2] time 0.767 (0.767) data 0.692 (0.692) loss 0.1294 (0.1294) acc 96.8750 (96.8750) spf_gamma 0.0500 (0.0500) spf_rank 8.0000 (8.0000) spf_shared_loss 0.0003 (0.0003) spf_private_loss 0.0000 (0.0000) spf_private_norm 0.0004 (0.0004) spf_private_orth_ratio 0.0000 (0.0000) lr 1.0000e-03 eta 0:00:00 user 6
epoch [1/1] batch [2/2] time 0.083 (0.425) data 0.000 (0.346) loss 0.1621 (0.1458) acc 93.7500 (95.3125) spf_gamma 0.0500 (0.0500) spf_rank 8.0000 (8.0000) spf_shared_loss 0.0003 (0.0003) spf_private_loss 0.0000 (0.0000) spf_private_norm 0.0004 (0.0004) spf_private_orth_ratio 0.0000 (0.0000) lr 1.0000e-03 eta 0:00:00 user 6
Finish training: 6 user
Deploy the last-epoch model
6 User, Elapsed: 0:00:01
epoch [1/1] batch [1/2] time 0.800 (0.800) data 0.724 (0.724) loss 0.0298 (0.0298) acc 100.0000 (100.0000) spf_gamma 0.0500 (0.0500) spf_rank 8.0000 (8.0000) spf_shared_loss 0.0003 (0.0003) spf_private_loss 0.0000 (0.0000) spf_private_norm 0.0004 (0.0004) spf_private_orth_ratio 0.0000 (0.0000) lr 1.0000e-03 eta 0:00:00 user 7
epoch [1/1] batch [2/2] time 0.075 (0.437) data 0.000 (0.362) loss 0.1494 (0.0896) acc 93.7500 (96.8750) spf_gamma 0.0500 (0.0500) spf_rank 8.0000 (8.0000) spf_shared_loss 0.0003 (0.0003) spf_private_loss 0.0000 (0.0000) spf_private_norm 0.0004 (0.0004) spf_private_orth_ratio 0.0000 (0.0000) lr 1.0000e-03 eta 0:00:00 user 7
Finish training: 7 user
Deploy the last-epoch model
7 User, Elapsed: 0:00:01
epoch [1/1] batch [1/2] time 0.917 (0.917) data 0.836 (0.836) loss 0.1991 (0.1991) acc 96.8750 (96.8750) spf_gamma 0.0500 (0.0500) spf_rank 8.0000 (8.0000) spf_shared_loss 0.0003 (0.0003) spf_private_loss 0.0000 (0.0000) spf_private_norm 0.0004 (0.0004) spf_private_orth_ratio 0.0000 (0.0000) lr 1.0000e-03 eta 0:00:00 user 8
epoch [1/1] batch [2/2] time 0.076 (0.496) data 0.000 (0.418) loss 0.1901 (0.1946) acc 96.8750 (96.8750) spf_gamma 0.0500 (0.0500) spf_rank 8.0000 (8.0000) spf_shared_loss 0.0003 (0.0003) spf_private_loss 0.0000 (0.0000) spf_private_norm 0.0004 (0.0004) spf_private_orth_ratio 0.0000 (0.0000) lr 1.0000e-03 eta 0:00:00 user 8
Finish training: 8 user
Deploy the last-epoch model
8 User, Elapsed: 0:00:01
epoch [1/1] batch [1/1] time 0.824 (0.824) data 0.633 (0.633) loss 0.0204 (0.0204) acc 100.0000 (100.0000) spf_gamma 0.0500 (0.0500) spf_rank 8.0000 (8.0000) spf_shared_loss 0.0003 (0.0003) spf_private_loss 0.0000 (0.0000) spf_private_norm 0.0004 (0.0004) spf_private_orth_ratio 0.0000 (0.0000) lr 1.0000e-03 eta 0:00:00 user 9
Finish training: 9 user
Deploy the last-epoch model
9 User, Elapsed: 0:00:01
------------local train finish epoch: 44 -------------
------------local test start-------------
Evaluate on the client0_test set
  0%|          | 0/2 [00:00<?, ?it/s] 50%|█████     | 1/2 [00:01<00:01,  1.44s/it]100%|██████████| 2/2 [00:01<00:00,  1.41it/s]100%|██████████| 2/2 [00:01<00:00,  1.16it/s]
=> result
* total: 180
* correct: 170
* accuracy: 94.4%
* error: 5.6%
* macro_f1: 94.5%
Evaluate on the client1_test set
  0%|          | 0/2 [00:00<?, ?it/s] 50%|█████     | 1/2 [00:01<00:01,  1.53s/it]100%|██████████| 2/2 [00:01<00:00,  1.36it/s]100%|██████████| 2/2 [00:01<00:00,  1.09it/s]
=> result
* total: 180
* correct: 173
* accuracy: 96.1%
* error: 3.9%
* macro_f1: 96.6%
Evaluate on the client2_test set
  0%|          | 0/2 [00:00<?, ?it/s] 50%|█████     | 1/2 [00:01<00:01,  1.46s/it]100%|██████████| 2/2 [00:01<00:00,  1.39it/s]100%|██████████| 2/2 [00:01<00:00,  1.13it/s]
=> result
* total: 180
* correct: 155
* accuracy: 86.1%
* error: 13.9%
* macro_f1: 85.8%
Evaluate on the client3_test set
  0%|          | 0/2 [00:00<?, ?it/s] 50%|█████     | 1/2 [00:01<00:01,  1.62s/it]100%|██████████| 2/2 [00:01<00:00,  1.30it/s]100%|██████████| 2/2 [00:01<00:00,  1.05it/s]
=> result
* total: 180
* correct: 166
* accuracy: 92.2%
* error: 7.8%
* macro_f1: 92.2%
Evaluate on the client4_test set
  0%|          | 0/2 [00:00<?, ?it/s] 50%|█████     | 1/2 [00:01<00:01,  1.42s/it]100%|██████████| 2/2 [00:01<00:00,  1.46it/s]100%|██████████| 2/2 [00:01<00:00,  1.16it/s]
=> result
* total: 180
* correct: 156
* accuracy: 86.7%
* error: 13.3%
* macro_f1: 86.7%
Evaluate on the client5_test set
  0%|          | 0/2 [00:00<?, ?it/s] 50%|█████     | 1/2 [00:01<00:01,  1.47s/it]100%|██████████| 2/2 [00:01<00:00,  1.21it/s]
=> result
* total: 180
* correct: 168
* accuracy: 93.3%
* error: 6.7%
* macro_f1: 93.8%
Evaluate on the client6_test set
  0%|          | 0/2 [00:00<?, ?it/s] 50%|█████     | 1/2 [00:01<00:01,  1.50s/it]100%|██████████| 2/2 [00:01<00:00,  1.18it/s]
=> result
* total: 180
* correct: 172
* accuracy: 95.6%
* error: 4.4%
* macro_f1: 95.6%
Evaluate on the client7_test set
  0%|          | 0/2 [00:00<?, ?it/s] 50%|█████     | 1/2 [00:01<00:01,  1.53s/it]100%|██████████| 2/2 [00:01<00:00,  1.40it/s]100%|██████████| 2/2 [00:01<00:00,  1.13it/s]
=> result
* total: 180
* correct: 169
* accuracy: 93.9%
* error: 6.1%
* macro_f1: 93.9%
Evaluate on the client8_test set
  0%|          | 0/2 [00:00<?, ?it/s] 50%|█████     | 1/2 [00:01<00:01,  1.45s/it]100%|██████████| 2/2 [00:01<00:00,  1.22it/s]
=> result
* total: 180
* correct: 152
* accuracy: 84.4%
* error: 15.6%
* macro_f1: 84.4%
Evaluate on the client9_test set
  0%|          | 0/1 [00:00<?, ?it/s]100%|██████████| 1/1 [00:01<00:00,  1.19s/it]100%|██████████| 1/1 [00:01<00:00,  1.34s/it]=> result
* total: 72
* correct: 69
* accuracy: 95.8%
* error: 4.2%
* macro_f1: 95.8%
0 --Local test acc: 94.44444444444444
1 --Local test acc: 96.11111111111111
2 --Local test acc: 86.11111111111111
3 --Local test acc: 92.22222222222223
4 --Local test acc: 86.66666666666667
5 --Local test acc: 93.33333333333333
6 --Local test acc: 95.55555555555556
7 --Local test acc: 93.88888888888889
8 --Local test acc: 84.44444444444444
9 --Local test acc: 95.83333333333333
--Global test acc: 91.86111111111111
Epoch:44
------------local test finish-------------
idxs_users [0, 1, 2, 3, 4, 5, 6, 7, 8, 9]
------------local train start epoch: 45 -------------

epoch [1/1] batch [1/2] time 0.829 (0.829) data 0.685 (0.685) loss 0.0464 (0.0464) acc 100.0000 (100.0000) spf_gamma 0.0500 (0.0500) spf_rank 8.0000 (8.0000) spf_shared_loss 0.0003 (0.0003) spf_private_loss 0.0000 (0.0000) spf_private_norm 0.0004 (0.0004) spf_private_orth_ratio 0.0000 (0.0000) lr 1.0000e-03 eta 0:00:00 user 0
epoch [1/1] batch [2/2] time 0.151 (0.490) data 0.000 (0.342) loss 0.0636 (0.0550) acc 96.8750 (98.4375) spf_gamma 0.0500 (0.0500) spf_rank 8.0000 (8.0000) spf_shared_loss 0.0003 (0.0003) spf_private_loss 0.0000 (0.0000) spf_private_norm 0.0004 (0.0004) spf_private_orth_ratio 0.0000 (0.0000) lr 1.0000e-03 eta 0:00:00 user 0
Finish training: 0 user
Deploy the last-epoch model
0 User, Elapsed: 0:00:01
epoch [1/1] batch [1/2] time 0.806 (0.806) data 0.709 (0.709) loss 0.0966 (0.0966) acc 96.8750 (96.8750) spf_gamma 0.0500 (0.0500) spf_rank 8.0000 (8.0000) spf_shared_loss 0.0003 (0.0003) spf_private_loss 0.0000 (0.0000) spf_private_norm 0.0004 (0.0004) spf_private_orth_ratio 0.0000 (0.0000) lr 1.0000e-03 eta 0:00:00 user 1
epoch [1/1] batch [2/2] time 0.154 (0.480) data 0.000 (0.355) loss 0.1533 (0.1250) acc 96.8750 (96.8750) spf_gamma 0.0500 (0.0500) spf_rank 8.0000 (8.0000) spf_shared_loss 0.0003 (0.0003) spf_private_loss 0.0000 (0.0000) spf_private_norm 0.0004 (0.0004) spf_private_orth_ratio 0.0000 (0.0000) lr 1.0000e-03 eta 0:00:00 user 1
Finish training: 1 user
Deploy the last-epoch model
1 User, Elapsed: 0:00:01
epoch [1/1] batch [1/2] time 0.817 (0.817) data 0.720 (0.720) loss 0.1183 (0.1183) acc 100.0000 (100.0000) spf_gamma 0.0500 (0.0500) spf_rank 8.0000 (8.0000) spf_shared_loss 0.0003 (0.0003) spf_private_loss 0.0000 (0.0000) spf_private_norm 0.0004 (0.0004) spf_private_orth_ratio 0.0000 (0.0000) lr 1.0000e-03 eta 0:00:00 user 2
epoch [1/1] batch [2/2] time 0.129 (0.473) data 0.000 (0.360) loss 0.1774 (0.1479) acc 96.8750 (98.4375) spf_gamma 0.0500 (0.0500) spf_rank 8.0000 (8.0000) spf_shared_loss 0.0003 (0.0003) spf_private_loss 0.0000 (0.0000) spf_private_norm 0.0004 (0.0004) spf_private_orth_ratio 0.0000 (0.0000) lr 1.0000e-03 eta 0:00:00 user 2
Finish training: 2 user
Deploy the last-epoch model
2 User, Elapsed: 0:00:01
epoch [1/1] batch [1/2] time 0.731 (0.731) data 0.652 (0.652) loss 0.0176 (0.0176) acc 100.0000 (100.0000) spf_gamma 0.0500 (0.0500) spf_rank 8.0000 (8.0000) spf_shared_loss 0.0003 (0.0003) spf_private_loss 0.0000 (0.0000) spf_private_norm 0.0004 (0.0004) spf_private_orth_ratio 0.0000 (0.0000) lr 1.0000e-03 eta 0:00:00 user 3
epoch [1/1] batch [2/2] time 0.078 (0.404) data 0.000 (0.326) loss 0.0442 (0.0309) acc 100.0000 (100.0000) spf_gamma 0.0500 (0.0500) spf_rank 8.0000 (8.0000) spf_shared_loss 0.0003 (0.0003) spf_private_loss 0.0000 (0.0000) spf_private_norm 0.0004 (0.0004) spf_private_orth_ratio 0.0000 (0.0000) lr 1.0000e-03 eta 0:00:00 user 3
Finish training: 3 user
Deploy the last-epoch model
3 User, Elapsed: 0:00:01
epoch [1/1] batch [1/2] time 0.828 (0.828) data 0.755 (0.755) loss 0.1066 (0.1066) acc 100.0000 (100.0000) spf_gamma 0.0500 (0.0500) spf_rank 8.0000 (8.0000) spf_shared_loss 0.0003 (0.0003) spf_private_loss 0.0000 (0.0000) spf_private_norm 0.0004 (0.0004) spf_private_orth_ratio 0.0000 (0.0000) lr 1.0000e-03 eta 0:00:00 user 4
epoch [1/1] batch [2/2] time 0.079 (0.453) data 0.000 (0.377) loss 0.2458 (0.1762) acc 90.6250 (95.3125) spf_gamma 0.0500 (0.0500) spf_rank 8.0000 (8.0000) spf_shared_loss 0.0003 (0.0003) spf_private_loss 0.0000 (0.0000) spf_private_norm 0.0004 (0.0004) spf_private_orth_ratio 0.0000 (0.0000) lr 1.0000e-03 eta 0:00:00 user 4
Finish training: 4 user
Deploy the last-epoch model
4 User, Elapsed: 0:00:01
epoch [1/1] batch [1/2] time 0.768 (0.768) data 0.689 (0.689) loss 0.0744 (0.0744) acc 100.0000 (100.0000) spf_gamma 0.0500 (0.0500) spf_rank 8.0000 (8.0000) spf_shared_loss 0.0003 (0.0003) spf_private_loss 0.0000 (0.0000) spf_private_norm 0.0004 (0.0004) spf_private_orth_ratio 0.0000 (0.0000) lr 1.0000e-03 eta 0:00:00 user 5
epoch [1/1] batch [2/2] time 0.077 (0.423) data 0.000 (0.344) loss 0.0505 (0.0624) acc 96.8750 (98.4375) spf_gamma 0.0500 (0.0500) spf_rank 8.0000 (8.0000) spf_shared_loss 0.0003 (0.0003) spf_private_loss 0.0000 (0.0000) spf_private_norm 0.0004 (0.0004) spf_private_orth_ratio 0.0000 (0.0000) lr 1.0000e-03 eta 0:00:00 user 5
Finish training: 5 user
Deploy the last-epoch model
5 User, Elapsed: 0:00:01
epoch [1/1] batch [1/2] time 0.748 (0.748) data 0.674 (0.674) loss 0.2786 (0.2786) acc 87.5000 (87.5000) spf_gamma 0.0500 (0.0500) spf_rank 8.0000 (8.0000) spf_shared_loss 0.0003 (0.0003) spf_private_loss 0.0000 (0.0000) spf_private_norm 0.0004 (0.0004) spf_private_orth_ratio 0.0000 (0.0000) lr 1.0000e-03 eta 0:00:00 user 6
epoch [1/1] batch [2/2] time 0.078 (0.413) data 0.000 (0.337) loss 0.1668 (0.2227) acc 93.7500 (90.6250) spf_gamma 0.0500 (0.0500) spf_rank 8.0000 (8.0000) spf_shared_loss 0.0003 (0.0003) spf_private_loss 0.0000 (0.0000) spf_private_norm 0.0004 (0.0004) spf_private_orth_ratio 0.0000 (0.0000) lr 1.0000e-03 eta 0:00:00 user 6
Finish training: 6 user
Deploy the last-epoch model
6 User, Elapsed: 0:00:01
epoch [1/1] batch [1/2] time 0.810 (0.810) data 0.737 (0.737) loss 0.0748 (0.0748) acc 100.0000 (100.0000) spf_gamma 0.0500 (0.0500) spf_rank 8.0000 (8.0000) spf_shared_loss 0.0003 (0.0003) spf_private_loss 0.0000 (0.0000) spf_private_norm 0.0004 (0.0004) spf_private_orth_ratio 0.0000 (0.0000) lr 1.0000e-03 eta 0:00:00 user 7
epoch [1/1] batch [2/2] time 0.097 (0.454) data 0.000 (0.368) loss 0.0502 (0.0625) acc 96.8750 (98.4375) spf_gamma 0.0500 (0.0500) spf_rank 8.0000 (8.0000) spf_shared_loss 0.0003 (0.0003) spf_private_loss 0.0000 (0.0000) spf_private_norm 0.0004 (0.0004) spf_private_orth_ratio 0.0000 (0.0000) lr 1.0000e-03 eta 0:00:00 user 7
Finish training: 7 user
Deploy the last-epoch model
7 User, Elapsed: 0:00:01
epoch [1/1] batch [1/2] time 0.808 (0.808) data 0.731 (0.731) loss 0.0862 (0.0862) acc 100.0000 (100.0000) spf_gamma 0.0500 (0.0500) spf_rank 8.0000 (8.0000) spf_shared_loss 0.0003 (0.0003) spf_private_loss 0.0000 (0.0000) spf_private_norm 0.0004 (0.0004) spf_private_orth_ratio 0.0000 (0.0000) lr 1.0000e-03 eta 0:00:00 user 8
epoch [1/1] batch [2/2] time 0.073 (0.441) data 0.000 (0.365) loss 0.1240 (0.1051) acc 100.0000 (100.0000) spf_gamma 0.0500 (0.0500) spf_rank 8.0000 (8.0000) spf_shared_loss 0.0003 (0.0003) spf_private_loss 0.0000 (0.0000) spf_private_norm 0.0004 (0.0004) spf_private_orth_ratio 0.0000 (0.0000) lr 1.0000e-03 eta 0:00:00 user 8
Finish training: 8 user
Deploy the last-epoch model
8 User, Elapsed: 0:00:01
epoch [1/1] batch [1/1] time 0.829 (0.829) data 0.752 (0.752) loss 0.0400 (0.0400) acc 100.0000 (100.0000) spf_gamma 0.0500 (0.0500) spf_rank 8.0000 (8.0000) spf_shared_loss 0.0003 (0.0003) spf_private_loss 0.0000 (0.0000) spf_private_norm 0.0004 (0.0004) spf_private_orth_ratio 0.0000 (0.0000) lr 1.0000e-03 eta 0:00:00 user 9
Finish training: 9 user
Deploy the last-epoch model
9 User, Elapsed: 0:00:01
------------local train finish epoch: 45 -------------
------------local test start-------------
Evaluate on the client0_test set
  0%|          | 0/2 [00:00<?, ?it/s] 50%|█████     | 1/2 [00:01<00:01,  1.67s/it]100%|██████████| 2/2 [00:01<00:00,  1.07it/s]
=> result
* total: 180
* correct: 169
* accuracy: 93.9%
* error: 6.1%
* macro_f1: 94.1%
Evaluate on the client1_test set
  0%|          | 0/2 [00:00<?, ?it/s] 50%|█████     | 1/2 [00:01<00:01,  1.66s/it]100%|██████████| 2/2 [00:01<00:00,  1.09it/s]
=> result
* total: 180
* correct: 173
* accuracy: 96.1%
* error: 3.9%
* macro_f1: 96.3%
Evaluate on the client2_test set
  0%|          | 0/2 [00:00<?, ?it/s] 50%|█████     | 1/2 [00:01<00:01,  1.64s/it]100%|██████████| 2/2 [00:01<00:00,  1.09it/s]
=> result
* total: 180
* correct: 154
* accuracy: 85.6%
* error: 14.4%
* macro_f1: 85.0%
Evaluate on the client3_test set
  0%|          | 0/2 [00:00<?, ?it/s] 50%|█████     | 1/2 [00:01<00:01,  1.63s/it]100%|██████████| 2/2 [00:01<00:00,  1.32it/s]100%|██████████| 2/2 [00:01<00:00,  1.05it/s]
=> result
* total: 180
* correct: 167
* accuracy: 92.8%
* error: 7.2%
* macro_f1: 92.7%
Evaluate on the client4_test set
  0%|          | 0/2 [00:00<?, ?it/s] 50%|█████     | 1/2 [00:01<00:01,  1.60s/it]100%|██████████| 2/2 [00:01<00:00,  1.36it/s]100%|██████████| 2/2 [00:01<00:00,  1.08it/s]
=> result
* total: 180
* correct: 161
* accuracy: 89.4%
* error: 10.6%
* macro_f1: 89.7%
Evaluate on the client5_test set
  0%|          | 0/2 [00:00<?, ?it/s] 50%|█████     | 1/2 [00:01<00:01,  1.50s/it]100%|██████████| 2/2 [00:01<00:00,  1.18it/s]
=> result
* total: 180
* correct: 171
* accuracy: 95.0%
* error: 5.0%
* macro_f1: 95.2%
Evaluate on the client6_test set
  0%|          | 0/2 [00:00<?, ?it/s] 50%|█████     | 1/2 [00:01<00:01,  1.48s/it]100%|██████████| 2/2 [00:01<00:00,  1.21it/s]
=> result
* total: 180
* correct: 164
* accuracy: 91.1%
* error: 8.9%
* macro_f1: 91.4%
Evaluate on the client7_test set
  0%|          | 0/2 [00:00<?, ?it/s] 50%|█████     | 1/2 [00:01<00:01,  1.68s/it]100%|██████████| 2/2 [00:01<00:00,  1.06it/s]
=> result
* total: 180
* correct: 171
* accuracy: 95.0%
* error: 5.0%
* macro_f1: 95.3%
Evaluate on the client8_test set
  0%|          | 0/2 [00:00<?, ?it/s] 50%|█████     | 1/2 [00:01<00:01,  1.57s/it]100%|██████████| 2/2 [00:01<00:00,  1.35it/s]100%|██████████| 2/2 [00:01<00:00,  1.05it/s]
=> result
* total: 180
* correct: 152
* accuracy: 84.4%
* error: 15.6%
* macro_f1: 84.3%
Evaluate on the client9_test set
  0%|          | 0/1 [00:00<?, ?it/s]100%|██████████| 1/1 [00:01<00:00,  1.22s/it]100%|██████████| 1/1 [00:01<00:00,  1.32s/it]=> result
* total: 72
* correct: 69
* accuracy: 95.8%
* error: 4.2%
* macro_f1: 95.8%
0 --Local test acc: 93.88888888888889
1 --Local test acc: 96.11111111111111
2 --Local test acc: 85.55555555555556
3 --Local test acc: 92.77777777777777
4 --Local test acc: 89.44444444444444
5 --Local test acc: 95.0
6 --Local test acc: 91.11111111111111
7 --Local test acc: 95.0
8 --Local test acc: 84.44444444444444
9 --Local test acc: 95.83333333333333
--Global test acc: 91.91666666666667
Epoch:45
------------local test finish-------------
idxs_users [0, 1, 2, 3, 4, 5, 6, 7, 8, 9]
------------local train start epoch: 46 -------------

epoch [1/1] batch [1/2] time 0.845 (0.845) data 0.762 (0.762) loss 0.0470 (0.0470) acc 100.0000 (100.0000) spf_gamma 0.0500 (0.0500) spf_rank 8.0000 (8.0000) spf_shared_loss 0.0003 (0.0003) spf_private_loss 0.0000 (0.0000) spf_private_norm 0.0004 (0.0004) spf_private_orth_ratio 0.0000 (0.0000) lr 1.0000e-03 eta 0:00:00 user 0
epoch [1/1] batch [2/2] time 0.080 (0.463) data 0.000 (0.381) loss 0.0786 (0.0628) acc 96.8750 (98.4375) spf_gamma 0.0500 (0.0500) spf_rank 8.0000 (8.0000) spf_shared_loss 0.0003 (0.0003) spf_private_loss 0.0000 (0.0000) spf_private_norm 0.0004 (0.0004) spf_private_orth_ratio 0.0000 (0.0000) lr 1.0000e-03 eta 0:00:00 user 0
Finish training: 0 user
Deploy the last-epoch model
0 User, Elapsed: 0:00:01
epoch [1/1] batch [1/2] time 0.820 (0.820) data 0.747 (0.747) loss 0.1761 (0.1761) acc 96.8750 (96.8750) spf_gamma 0.0500 (0.0500) spf_rank 8.0000 (8.0000) spf_shared_loss 0.0003 (0.0003) spf_private_loss 0.0000 (0.0000) spf_private_norm 0.0004 (0.0004) spf_private_orth_ratio 0.0000 (0.0000) lr 1.0000e-03 eta 0:00:00 user 1
epoch [1/1] batch [2/2] time 0.079 (0.449) data 0.000 (0.373) loss 0.0336 (0.1048) acc 100.0000 (98.4375) spf_gamma 0.0500 (0.0500) spf_rank 8.0000 (8.0000) spf_shared_loss 0.0003 (0.0003) spf_private_loss 0.0000 (0.0000) spf_private_norm 0.0004 (0.0004) spf_private_orth_ratio 0.0000 (0.0000) lr 1.0000e-03 eta 0:00:00 user 1
Finish training: 1 user
Deploy the last-epoch model
1 User, Elapsed: 0:00:01
epoch [1/1] batch [1/2] time 0.835 (0.835) data 0.759 (0.759) loss 0.1289 (0.1289) acc 96.8750 (96.8750) spf_gamma 0.0500 (0.0500) spf_rank 8.0000 (8.0000) spf_shared_loss 0.0003 (0.0003) spf_private_loss 0.0000 (0.0000) spf_private_norm 0.0004 (0.0004) spf_private_orth_ratio 0.0000 (0.0000) lr 1.0000e-03 eta 0:00:00 user 2
epoch [1/1] batch [2/2] time 0.083 (0.459) data 0.000 (0.380) loss 0.1584 (0.1436) acc 96.8750 (96.8750) spf_gamma 0.0500 (0.0500) spf_rank 8.0000 (8.0000) spf_shared_loss 0.0003 (0.0003) spf_private_loss 0.0000 (0.0000) spf_private_norm 0.0004 (0.0004) spf_private_orth_ratio 0.0000 (0.0000) lr 1.0000e-03 eta 0:00:00 user 2
Finish training: 2 user
Deploy the last-epoch model
2 User, Elapsed: 0:00:01
epoch [1/1] batch [1/2] time 0.833 (0.833) data 0.735 (0.735) loss 0.0576 (0.0576) acc 100.0000 (100.0000) spf_gamma 0.0500 (0.0500) spf_rank 8.0000 (8.0000) spf_shared_loss 0.0003 (0.0003) spf_private_loss 0.0000 (0.0000) spf_private_norm 0.0004 (0.0004) spf_private_orth_ratio 0.0000 (0.0000) lr 1.0000e-03 eta 0:00:00 user 3
epoch [1/1] batch [2/2] time 0.197 (0.515) data 0.000 (0.367) loss 0.0736 (0.0656) acc 100.0000 (100.0000) spf_gamma 0.0500 (0.0500) spf_rank 8.0000 (8.0000) spf_shared_loss 0.0003 (0.0003) spf_private_loss 0.0000 (0.0000) spf_private_norm 0.0004 (0.0004) spf_private_orth_ratio 0.0000 (0.0000) lr 1.0000e-03 eta 0:00:00 user 3
Finish training: 3 user
Deploy the last-epoch model
3 User, Elapsed: 0:00:01
epoch [1/1] batch [1/2] time 0.858 (0.858) data 0.777 (0.777) loss 0.2681 (0.2681) acc 87.5000 (87.5000) spf_gamma 0.0500 (0.0500) spf_rank 8.0000 (8.0000) spf_shared_loss 0.0003 (0.0003) spf_private_loss 0.0000 (0.0000) spf_private_norm 0.0004 (0.0004) spf_private_orth_ratio 0.0000 (0.0000) lr 1.0000e-03 eta 0:00:00 user 4
epoch [1/1] batch [2/2] time 0.077 (0.468) data 0.000 (0.389) loss 0.2277 (0.2479) acc 90.6250 (89.0625) spf_gamma 0.0500 (0.0500) spf_rank 8.0000 (8.0000) spf_shared_loss 0.0003 (0.0003) spf_private_loss 0.0000 (0.0000) spf_private_norm 0.0004 (0.0004) spf_private_orth_ratio 0.0000 (0.0000) lr 1.0000e-03 eta 0:00:00 user 4
Finish training: 4 user
Deploy the last-epoch model
4 User, Elapsed: 0:00:01
epoch [1/1] batch [1/2] time 0.820 (0.820) data 0.740 (0.740) loss 0.0373 (0.0373) acc 100.0000 (100.0000) spf_gamma 0.0500 (0.0500) spf_rank 8.0000 (8.0000) spf_shared_loss 0.0003 (0.0003) spf_private_loss 0.0000 (0.0000) spf_private_norm 0.0004 (0.0004) spf_private_orth_ratio 0.0000 (0.0000) lr 1.0000e-03 eta 0:00:00 user 5
epoch [1/1] batch [2/2] time 0.074 (0.447) data 0.000 (0.370) loss 0.0170 (0.0272) acc 100.0000 (100.0000) spf_gamma 0.0500 (0.0500) spf_rank 8.0000 (8.0000) spf_shared_loss 0.0003 (0.0003) spf_private_loss 0.0000 (0.0000) spf_private_norm 0.0004 (0.0004) spf_private_orth_ratio 0.0000 (0.0000) lr 1.0000e-03 eta 0:00:00 user 5
Finish training: 5 user
Deploy the last-epoch model
5 User, Elapsed: 0:00:01
epoch [1/1] batch [1/2] time 0.800 (0.800) data 0.721 (0.721) loss 0.1637 (0.1637) acc 93.7500 (93.7500) spf_gamma 0.0500 (0.0500) spf_rank 8.0000 (8.0000) spf_shared_loss 0.0003 (0.0003) spf_private_loss 0.0000 (0.0000) spf_private_norm 0.0004 (0.0004) spf_private_orth_ratio 0.0000 (0.0000) lr 1.0000e-03 eta 0:00:00 user 6
epoch [1/1] batch [2/2] time 0.075 (0.438) data 0.000 (0.361) loss 0.1140 (0.1389) acc 96.8750 (95.3125) spf_gamma 0.0500 (0.0500) spf_rank 8.0000 (8.0000) spf_shared_loss 0.0003 (0.0003) spf_private_loss 0.0000 (0.0000) spf_private_norm 0.0004 (0.0004) spf_private_orth_ratio 0.0000 (0.0000) lr 1.0000e-03 eta 0:00:00 user 6
Finish training: 6 user
Deploy the last-epoch model
6 User, Elapsed: 0:00:01
epoch [1/1] batch [1/2] time 0.801 (0.801) data 0.728 (0.728) loss 0.0949 (0.0949) acc 96.8750 (96.8750) spf_gamma 0.0500 (0.0500) spf_rank 8.0000 (8.0000) spf_shared_loss 0.0003 (0.0003) spf_private_loss 0.0000 (0.0000) spf_private_norm 0.0004 (0.0004) spf_private_orth_ratio 0.0000 (0.0000) lr 1.0000e-03 eta 0:00:00 user 7
epoch [1/1] batch [2/2] time 0.073 (0.437) data 0.000 (0.364) loss 0.0804 (0.0877) acc 100.0000 (98.4375) spf_gamma 0.0500 (0.0500) spf_rank 8.0000 (8.0000) spf_shared_loss 0.0003 (0.0003) spf_private_loss 0.0000 (0.0000) spf_private_norm 0.0004 (0.0004) spf_private_orth_ratio 0.0000 (0.0000) lr 1.0000e-03 eta 0:00:00 user 7
Finish training: 7 user
Deploy the last-epoch model
7 User, Elapsed: 0:00:01
epoch [1/1] batch [1/2] time 0.861 (0.861) data 0.732 (0.732) loss 0.1000 (0.1000) acc 96.8750 (96.8750) spf_gamma 0.0500 (0.0500) spf_rank 8.0000 (8.0000) spf_shared_loss 0.0003 (0.0003) spf_private_loss 0.0000 (0.0000) spf_private_norm 0.0004 (0.0004) spf_private_orth_ratio 0.0000 (0.0000) lr 1.0000e-03 eta 0:00:00 user 8
epoch [1/1] batch [2/2] time 0.074 (0.468) data 0.000 (0.366) loss 0.0709 (0.0855) acc 100.0000 (98.4375) spf_gamma 0.0500 (0.0500) spf_rank 8.0000 (8.0000) spf_shared_loss 0.0003 (0.0003) spf_private_loss 0.0000 (0.0000) spf_private_norm 0.0004 (0.0004) spf_private_orth_ratio 0.0000 (0.0000) lr 1.0000e-03 eta 0:00:00 user 8
Finish training: 8 user
Deploy the last-epoch model
8 User, Elapsed: 0:00:01
epoch [1/1] batch [1/1] time 0.779 (0.779) data 0.703 (0.703) loss 0.0250 (0.0250) acc 100.0000 (100.0000) spf_gamma 0.0500 (0.0500) spf_rank 8.0000 (8.0000) spf_shared_loss 0.0003 (0.0003) spf_private_loss 0.0000 (0.0000) spf_private_norm 0.0004 (0.0004) spf_private_orth_ratio 0.0000 (0.0000) lr 1.0000e-03 eta 0:00:00 user 9
Finish training: 9 user
Deploy the last-epoch model
9 User, Elapsed: 0:00:01
------------local train finish epoch: 46 -------------
------------local test start-------------
Evaluate on the client0_test set
  0%|          | 0/2 [00:00<?, ?it/s] 50%|█████     | 1/2 [00:01<00:01,  1.45s/it]100%|██████████| 2/2 [00:01<00:00,  1.21it/s]
=> result
* total: 180
* correct: 169
* accuracy: 93.9%
* error: 6.1%
* macro_f1: 94.1%
Evaluate on the client1_test set
  0%|          | 0/2 [00:00<?, ?it/s] 50%|█████     | 1/2 [00:01<00:01,  1.47s/it]100%|██████████| 2/2 [00:01<00:00,  1.19it/s]
=> result
* total: 180
* correct: 172
* accuracy: 95.6%
* error: 4.4%
* macro_f1: 95.6%
Evaluate on the client2_test set
  0%|          | 0/2 [00:00<?, ?it/s] 50%|█████     | 1/2 [00:01<00:01,  1.50s/it]100%|██████████| 2/2 [00:01<00:00,  1.18it/s]
=> result
* total: 180
* correct: 153
* accuracy: 85.0%
* error: 15.0%
* macro_f1: 85.0%
Evaluate on the client3_test set
  0%|          | 0/2 [00:00<?, ?it/s] 50%|█████     | 1/2 [00:01<00:01,  1.52s/it]100%|██████████| 2/2 [00:01<00:00,  1.17it/s]
=> result
* total: 180
* correct: 164
* accuracy: 91.1%
* error: 8.9%
* macro_f1: 91.3%
Evaluate on the client4_test set
  0%|          | 0/2 [00:00<?, ?it/s] 50%|█████     | 1/2 [00:01<00:01,  1.45s/it]100%|██████████| 2/2 [00:01<00:00,  1.21it/s]
=> result
* total: 180
* correct: 155
* accuracy: 86.1%
* error: 13.9%
* macro_f1: 86.5%
Evaluate on the client5_test set
  0%|          | 0/2 [00:00<?, ?it/s] 50%|█████     | 1/2 [00:01<00:01,  1.48s/it]100%|██████████| 2/2 [00:01<00:00,  1.18it/s]
=> result
* total: 180
* correct: 169
* accuracy: 93.9%
* error: 6.1%
* macro_f1: 94.1%
Evaluate on the client6_test set
  0%|          | 0/2 [00:00<?, ?it/s] 50%|█████     | 1/2 [00:01<00:01,  1.46s/it]100%|██████████| 2/2 [00:01<00:00,  1.21it/s]
=> result
* total: 180
* correct: 169
* accuracy: 93.9%
* error: 6.1%
* macro_f1: 94.0%
Evaluate on the client7_test set
  0%|          | 0/2 [00:00<?, ?it/s] 50%|█████     | 1/2 [00:01<00:01,  1.61s/it]100%|██████████| 2/2 [00:01<00:00,  1.10it/s]
=> result
* total: 180
* correct: 171
* accuracy: 95.0%
* error: 5.0%
* macro_f1: 95.0%
Evaluate on the client8_test set
  0%|          | 0/2 [00:00<?, ?it/s] 50%|█████     | 1/2 [00:01<00:01,  1.46s/it]100%|██████████| 2/2 [00:01<00:00,  1.19it/s]
=> result
* total: 180
* correct: 153
* accuracy: 85.0%
* error: 15.0%
* macro_f1: 85.0%
Evaluate on the client9_test set
  0%|          | 0/1 [00:00<?, ?it/s]100%|██████████| 1/1 [00:01<00:00,  1.18s/it]100%|██████████| 1/1 [00:01<00:00,  1.33s/it]=> result
* total: 72
* correct: 71
* accuracy: 98.6%
* error: 1.4%
* macro_f1: 98.6%
0 --Local test acc: 93.88888888888889
1 --Local test acc: 95.55555555555556
2 --Local test acc: 85.0
3 --Local test acc: 91.11111111111111
4 --Local test acc: 86.11111111111111
5 --Local test acc: 93.88888888888889
6 --Local test acc: 93.88888888888889
7 --Local test acc: 95.0
8 --Local test acc: 85.0
9 --Local test acc: 98.61111111111111
--Global test acc: 91.80555555555556
Epoch:46
------------local test finish-------------
idxs_users [0, 1, 2, 3, 4, 5, 6, 7, 8, 9]
------------local train start epoch: 47 -------------

epoch [1/1] batch [1/2] time 0.856 (0.856) data 0.725 (0.725) loss 0.0596 (0.0596) acc 100.0000 (100.0000) spf_gamma 0.0500 (0.0500) spf_rank 8.0000 (8.0000) spf_shared_loss 0.0003 (0.0003) spf_private_loss 0.0000 (0.0000) spf_private_norm 0.0004 (0.0004) spf_private_orth_ratio 0.0000 (0.0000) lr 1.0000e-03 eta 0:00:00 user 0
epoch [1/1] batch [2/2] time 0.141 (0.498) data 0.000 (0.362) loss 0.0521 (0.0558) acc 100.0000 (100.0000) spf_gamma 0.0500 (0.0500) spf_rank 8.0000 (8.0000) spf_shared_loss 0.0003 (0.0003) spf_private_loss 0.0000 (0.0000) spf_private_norm 0.0004 (0.0004) spf_private_orth_ratio 0.0000 (0.0000) lr 1.0000e-03 eta 0:00:00 user 0
Finish training: 0 user
Deploy the last-epoch model
0 User, Elapsed: 0:00:01
epoch [1/1] batch [1/2] time 0.805 (0.805) data 0.694 (0.694) loss 0.1229 (0.1229) acc 96.8750 (96.8750) spf_gamma 0.0500 (0.0500) spf_rank 8.0000 (8.0000) spf_shared_loss 0.0003 (0.0003) spf_private_loss 0.0000 (0.0000) spf_private_norm 0.0004 (0.0004) spf_private_orth_ratio 0.0000 (0.0000) lr 1.0000e-03 eta 0:00:00 user 1
epoch [1/1] batch [2/2] time 0.113 (0.459) data 0.000 (0.347) loss 0.0381 (0.0805) acc 100.0000 (98.4375) spf_gamma 0.0500 (0.0500) spf_rank 8.0000 (8.0000) spf_shared_loss 0.0003 (0.0003) spf_private_loss 0.0000 (0.0000) spf_private_norm 0.0004 (0.0004) spf_private_orth_ratio 0.0000 (0.0000) lr 1.0000e-03 eta 0:00:00 user 1
Finish training: 1 user
Deploy the last-epoch model
1 User, Elapsed: 0:00:01
epoch [1/1] batch [1/2] time 0.745 (0.745) data 0.671 (0.671) loss 0.1485 (0.1485) acc 96.8750 (96.8750) spf_gamma 0.0500 (0.0500) spf_rank 8.0000 (8.0000) spf_shared_loss 0.0003 (0.0003) spf_private_loss 0.0000 (0.0000) spf_private_norm 0.0004 (0.0004) spf_private_orth_ratio 0.0000 (0.0000) lr 1.0000e-03 eta 0:00:00 user 2
epoch [1/1] batch [2/2] time 0.074 (0.410) data 0.000 (0.335) loss 0.1125 (0.1305) acc 100.0000 (98.4375) spf_gamma 0.0500 (0.0500) spf_rank 8.0000 (8.0000) spf_shared_loss 0.0003 (0.0003) spf_private_loss 0.0000 (0.0000) spf_private_norm 0.0004 (0.0004) spf_private_orth_ratio 0.0000 (0.0000) lr 1.0000e-03 eta 0:00:00 user 2
Finish training: 2 user
Deploy the last-epoch model
2 User, Elapsed: 0:00:01
epoch [1/1] batch [1/2] time 0.804 (0.804) data 0.728 (0.728) loss 0.0742 (0.0742) acc 96.8750 (96.8750) spf_gamma 0.0500 (0.0500) spf_rank 8.0000 (8.0000) spf_shared_loss 0.0003 (0.0003) spf_private_loss 0.0000 (0.0000) spf_private_norm 0.0004 (0.0004) spf_private_orth_ratio 0.0000 (0.0000) lr 1.0000e-03 eta 0:00:00 user 3
epoch [1/1] batch [2/2] time 0.079 (0.442) data 0.000 (0.364) loss 0.0993 (0.0868) acc 96.8750 (96.8750) spf_gamma 0.0500 (0.0500) spf_rank 8.0000 (8.0000) spf_shared_loss 0.0003 (0.0003) spf_private_loss 0.0000 (0.0000) spf_private_norm 0.0004 (0.0004) spf_private_orth_ratio 0.0000 (0.0000) lr 1.0000e-03 eta 0:00:00 user 3
Finish training: 3 user
Deploy the last-epoch model
3 User, Elapsed: 0:00:01
epoch [1/1] batch [1/2] time 0.798 (0.798) data 0.724 (0.724) loss 0.3230 (0.3230) acc 87.5000 (87.5000) spf_gamma 0.0500 (0.0500) spf_rank 8.0000 (8.0000) spf_shared_loss 0.0003 (0.0003) spf_private_loss 0.0000 (0.0000) spf_private_norm 0.0004 (0.0004) spf_private_orth_ratio 0.0000 (0.0000) lr 1.0000e-03 eta 0:00:00 user 4
epoch [1/1] batch [2/2] time 0.078 (0.438) data 0.000 (0.362) loss 0.1498 (0.2364) acc 96.8750 (92.1875) spf_gamma 0.0500 (0.0500) spf_rank 8.0000 (8.0000) spf_shared_loss 0.0003 (0.0003) spf_private_loss 0.0000 (0.0000) spf_private_norm 0.0004 (0.0004) spf_private_orth_ratio 0.0000 (0.0000) lr 1.0000e-03 eta 0:00:00 user 4
Finish training: 4 user
Deploy the last-epoch model
4 User, Elapsed: 0:00:01
epoch [1/1] batch [1/2] time 0.844 (0.844) data 0.757 (0.757) loss 0.0168 (0.0168) acc 100.0000 (100.0000) spf_gamma 0.0500 (0.0500) spf_rank 8.0000 (8.0000) spf_shared_loss 0.0003 (0.0003) spf_private_loss 0.0000 (0.0000) spf_private_norm 0.0004 (0.0004) spf_private_orth_ratio 0.0000 (0.0000) lr 1.0000e-03 eta 0:00:00 user 5
epoch [1/1] batch [2/2] time 0.078 (0.461) data 0.000 (0.378) loss 0.0654 (0.0411) acc 96.8750 (98.4375) spf_gamma 0.0500 (0.0500) spf_rank 8.0000 (8.0000) spf_shared_loss 0.0003 (0.0003) spf_private_loss 0.0000 (0.0000) spf_private_norm 0.0004 (0.0004) spf_private_orth_ratio 0.0000 (0.0000) lr 1.0000e-03 eta 0:00:00 user 5
Finish training: 5 user
Deploy the last-epoch model
5 User, Elapsed: 0:00:01
epoch [1/1] batch [1/2] time 0.875 (0.875) data 0.709 (0.709) loss 0.2969 (0.2969) acc 87.5000 (87.5000) spf_gamma 0.0500 (0.0500) spf_rank 8.0000 (8.0000) spf_shared_loss 0.0003 (0.0003) spf_private_loss 0.0000 (0.0000) spf_private_norm 0.0004 (0.0004) spf_private_orth_ratio 0.0000 (0.0000) lr 1.0000e-03 eta 0:00:00 user 6
epoch [1/1] batch [2/2] time 0.075 (0.475) data 0.000 (0.355) loss 0.0791 (0.1880) acc 96.8750 (92.1875) spf_gamma 0.0500 (0.0500) spf_rank 8.0000 (8.0000) spf_shared_loss 0.0003 (0.0003) spf_private_loss 0.0000 (0.0000) spf_private_norm 0.0004 (0.0004) spf_private_orth_ratio 0.0000 (0.0000) lr 1.0000e-03 eta 0:00:00 user 6
Finish training: 6 user
Deploy the last-epoch model
6 User, Elapsed: 0:00:01
epoch [1/1] batch [1/2] time 0.793 (0.793) data 0.719 (0.719) loss 0.0354 (0.0354) acc 100.0000 (100.0000) spf_gamma 0.0500 (0.0500) spf_rank 8.0000 (8.0000) spf_shared_loss 0.0003 (0.0003) spf_private_loss 0.0000 (0.0000) spf_private_norm 0.0004 (0.0004) spf_private_orth_ratio 0.0000 (0.0000) lr 1.0000e-03 eta 0:00:00 user 7
epoch [1/1] batch [2/2] time 0.073 (0.433) data 0.000 (0.359) loss 0.0423 (0.0389) acc 100.0000 (100.0000) spf_gamma 0.0500 (0.0500) spf_rank 8.0000 (8.0000) spf_shared_loss 0.0003 (0.0003) spf_private_loss 0.0000 (0.0000) spf_private_norm 0.0004 (0.0004) spf_private_orth_ratio 0.0000 (0.0000) lr 1.0000e-03 eta 0:00:00 user 7
Finish training: 7 user
Deploy the last-epoch model
7 User, Elapsed: 0:00:01
epoch [1/1] batch [1/2] time 0.816 (0.816) data 0.733 (0.733) loss 0.1041 (0.1041) acc 96.8750 (96.8750) spf_gamma 0.0500 (0.0500) spf_rank 8.0000 (8.0000) spf_shared_loss 0.0003 (0.0003) spf_private_loss 0.0000 (0.0000) spf_private_norm 0.0004 (0.0004) spf_private_orth_ratio 0.0000 (0.0000) lr 1.0000e-03 eta 0:00:00 user 8
epoch [1/1] batch [2/2] time 0.073 (0.445) data 0.000 (0.367) loss 0.2718 (0.1879) acc 90.6250 (93.7500) spf_gamma 0.0500 (0.0500) spf_rank 8.0000 (8.0000) spf_shared_loss 0.0003 (0.0003) spf_private_loss 0.0000 (0.0000) spf_private_norm 0.0004 (0.0004) spf_private_orth_ratio 0.0000 (0.0000) lr 1.0000e-03 eta 0:00:00 user 8
Finish training: 8 user
Deploy the last-epoch model
8 User, Elapsed: 0:00:01
epoch [1/1] batch [1/1] time 0.851 (0.851) data 0.777 (0.777) loss 0.0239 (0.0239) acc 100.0000 (100.0000) spf_gamma 0.0500 (0.0500) spf_rank 8.0000 (8.0000) spf_shared_loss 0.0003 (0.0003) spf_private_loss 0.0000 (0.0000) spf_private_norm 0.0004 (0.0004) spf_private_orth_ratio 0.0000 (0.0000) lr 1.0000e-03 eta 0:00:00 user 9
Finish training: 9 user
Deploy the last-epoch model
9 User, Elapsed: 0:00:01
------------local train finish epoch: 47 -------------
------------local test start-------------
Evaluate on the client0_test set
  0%|          | 0/2 [00:00<?, ?it/s] 50%|█████     | 1/2 [00:01<00:01,  1.43s/it]100%|██████████| 2/2 [00:01<00:00,  1.22it/s]
=> result
* total: 180
* correct: 170
* accuracy: 94.4%
* error: 5.6%
* macro_f1: 94.7%
Evaluate on the client1_test set
  0%|          | 0/2 [00:00<?, ?it/s] 50%|█████     | 1/2 [00:01<00:01,  1.44s/it]100%|██████████| 2/2 [00:01<00:00,  1.22it/s]
=> result
* total: 180
* correct: 171
* accuracy: 95.0%
* error: 5.0%
* macro_f1: 95.7%
Evaluate on the client2_test set
  0%|          | 0/2 [00:00<?, ?it/s] 50%|█████     | 1/2 [00:01<00:01,  1.48s/it]100%|██████████| 2/2 [00:01<00:00,  1.18it/s]
=> result
* total: 180
* correct: 157
* accuracy: 87.2%
* error: 12.8%
* macro_f1: 87.2%
Evaluate on the client3_test set
  0%|          | 0/2 [00:00<?, ?it/s] 50%|█████     | 1/2 [00:01<00:01,  1.50s/it]100%|██████████| 2/2 [00:01<00:00,  1.17it/s]
=> result
* total: 180
* correct: 166
* accuracy: 92.2%
* error: 7.8%
* macro_f1: 92.2%
Evaluate on the client4_test set
  0%|          | 0/2 [00:00<?, ?it/s] 50%|█████     | 1/2 [00:01<00:01,  1.50s/it]100%|██████████| 2/2 [00:01<00:00,  1.19it/s]
=> result
* total: 180
* correct: 158
* accuracy: 87.8%
* error: 12.2%
* macro_f1: 88.0%
Evaluate on the client5_test set
  0%|          | 0/2 [00:00<?, ?it/s] 50%|█████     | 1/2 [00:01<00:01,  1.58s/it]100%|██████████| 2/2 [00:01<00:00,  1.36it/s]100%|██████████| 2/2 [00:01<00:00,  1.07it/s]
=> result
* total: 180
* correct: 170
* accuracy: 94.4%
* error: 5.6%
* macro_f1: 94.7%
Evaluate on the client6_test set
  0%|          | 0/2 [00:00<?, ?it/s] 50%|█████     | 1/2 [00:01<00:01,  1.52s/it]100%|██████████| 2/2 [00:01<00:00,  1.44it/s]100%|██████████| 2/2 [00:01<00:00,  1.15it/s]
=> result
* total: 180
* correct: 170
* accuracy: 94.4%
* error: 5.6%
* macro_f1: 94.5%
Evaluate on the client7_test set
  0%|          | 0/2 [00:00<?, ?it/s] 50%|█████     | 1/2 [00:01<00:01,  1.47s/it]100%|██████████| 2/2 [00:01<00:00,  1.19it/s]
=> result
* total: 180
* correct: 168
* accuracy: 93.3%
* error: 6.7%
* macro_f1: 93.4%
Evaluate on the client8_test set
  0%|          | 0/2 [00:00<?, ?it/s] 50%|█████     | 1/2 [00:01<00:01,  1.39s/it]100%|██████████| 2/2 [00:01<00:00,  1.27it/s]
=> result
* total: 180
* correct: 155
* accuracy: 86.1%
* error: 13.9%
* macro_f1: 86.0%
Evaluate on the client9_test set
  0%|          | 0/1 [00:00<?, ?it/s]100%|██████████| 1/1 [00:01<00:00,  1.10s/it]100%|██████████| 1/1 [00:01<00:00,  1.20s/it]=> result
* total: 72
* correct: 70
* accuracy: 97.2%
* error: 2.8%
* macro_f1: 97.2%
0 --Local test acc: 94.44444444444444
1 --Local test acc: 95.0
2 --Local test acc: 87.22222222222223
3 --Local test acc: 92.22222222222223
4 --Local test acc: 87.77777777777777
5 --Local test acc: 94.44444444444444
6 --Local test acc: 94.44444444444444
7 --Local test acc: 93.33333333333333
8 --Local test acc: 86.11111111111111
9 --Local test acc: 97.22222222222223
--Global test acc: 92.22222222222221
Epoch:47
------------local test finish-------------
idxs_users [0, 1, 2, 3, 4, 5, 6, 7, 8, 9]
------------local train start epoch: 48 -------------

epoch [1/1] batch [1/2] time 0.783 (0.783) data 0.707 (0.707) loss 0.0482 (0.0482) acc 100.0000 (100.0000) spf_gamma 0.0500 (0.0500) spf_rank 8.0000 (8.0000) spf_shared_loss 0.0003 (0.0003) spf_private_loss 0.0000 (0.0000) spf_private_norm 0.0004 (0.0004) spf_private_orth_ratio 0.0000 (0.0000) lr 1.0000e-03 eta 0:00:00 user 0
epoch [1/1] batch [2/2] time 0.072 (0.427) data 0.000 (0.353) loss 0.0515 (0.0498) acc 100.0000 (100.0000) spf_gamma 0.0500 (0.0500) spf_rank 8.0000 (8.0000) spf_shared_loss 0.0003 (0.0003) spf_private_loss 0.0000 (0.0000) spf_private_norm 0.0004 (0.0004) spf_private_orth_ratio 0.0000 (0.0000) lr 1.0000e-03 eta 0:00:00 user 0
Finish training: 0 user
Deploy the last-epoch model
0 User, Elapsed: 0:00:01
epoch [1/1] batch [1/2] time 0.778 (0.778) data 0.695 (0.695) loss 0.1002 (0.1002) acc 100.0000 (100.0000) spf_gamma 0.0500 (0.0500) spf_rank 8.0000 (8.0000) spf_shared_loss 0.0003 (0.0003) spf_private_loss 0.0000 (0.0000) spf_private_norm 0.0004 (0.0004) spf_private_orth_ratio 0.0000 (0.0000) lr 1.0000e-03 eta 0:00:00 user 1
epoch [1/1] batch [2/2] time 0.072 (0.425) data 0.000 (0.347) loss 0.0375 (0.0689) acc 100.0000 (100.0000) spf_gamma 0.0500 (0.0500) spf_rank 8.0000 (8.0000) spf_shared_loss 0.0003 (0.0003) spf_private_loss 0.0000 (0.0000) spf_private_norm 0.0004 (0.0004) spf_private_orth_ratio 0.0000 (0.0000) lr 1.0000e-03 eta 0:00:00 user 1
Finish training: 1 user
Deploy the last-epoch model
1 User, Elapsed: 0:00:01
epoch [1/1] batch [1/2] time 0.900 (0.900) data 0.782 (0.782) loss 0.1559 (0.1559) acc 96.8750 (96.8750) spf_gamma 0.0500 (0.0500) spf_rank 8.0000 (8.0000) spf_shared_loss 0.0003 (0.0003) spf_private_loss 0.0000 (0.0000) spf_private_norm 0.0004 (0.0004) spf_private_orth_ratio 0.0000 (0.0000) lr 1.0000e-03 eta 0:00:00 user 2
epoch [1/1] batch [2/2] time 0.073 (0.486) data 0.000 (0.391) loss 0.0910 (0.1234) acc 96.8750 (96.8750) spf_gamma 0.0500 (0.0500) spf_rank 8.0000 (8.0000) spf_shared_loss 0.0003 (0.0003) spf_private_loss 0.0000 (0.0000) spf_private_norm 0.0004 (0.0004) spf_private_orth_ratio 0.0000 (0.0000) lr 1.0000e-03 eta 0:00:00 user 2
Finish training: 2 user
Deploy the last-epoch model
2 User, Elapsed: 0:00:01
epoch [1/1] batch [1/2] time 0.936 (0.936) data 0.860 (0.860) loss 0.0896 (0.0896) acc 96.8750 (96.8750) spf_gamma 0.0500 (0.0500) spf_rank 8.0000 (8.0000) spf_shared_loss 0.0003 (0.0003) spf_private_loss 0.0000 (0.0000) spf_private_norm 0.0004 (0.0004) spf_private_orth_ratio 0.0000 (0.0000) lr 1.0000e-03 eta 0:00:00 user 3
epoch [1/1] batch [2/2] time 0.072 (0.504) data 0.000 (0.430) loss 0.0607 (0.0752) acc 100.0000 (98.4375) spf_gamma 0.0500 (0.0500) spf_rank 8.0000 (8.0000) spf_shared_loss 0.0003 (0.0003) spf_private_loss 0.0000 (0.0000) spf_private_norm 0.0004 (0.0004) spf_private_orth_ratio 0.0000 (0.0000) lr 1.0000e-03 eta 0:00:00 user 3
Finish training: 3 user
Deploy the last-epoch model
3 User, Elapsed: 0:00:01
epoch [1/1] batch [1/2] time 0.961 (0.961) data 0.887 (0.887) loss 0.1743 (0.1743) acc 96.8750 (96.8750) spf_gamma 0.0500 (0.0500) spf_rank 8.0000 (8.0000) spf_shared_loss 0.0003 (0.0003) spf_private_loss 0.0000 (0.0000) spf_private_norm 0.0004 (0.0004) spf_private_orth_ratio 0.0000 (0.0000) lr 1.0000e-03 eta 0:00:00 user 4
epoch [1/1] batch [2/2] time 0.072 (0.517) data 0.000 (0.443) loss 0.1315 (0.1529) acc 96.8750 (96.8750) spf_gamma 0.0500 (0.0500) spf_rank 8.0000 (8.0000) spf_shared_loss 0.0003 (0.0003) spf_private_loss 0.0000 (0.0000) spf_private_norm 0.0004 (0.0004) spf_private_orth_ratio 0.0000 (0.0000) lr 1.0000e-03 eta 0:00:00 user 4
Finish training: 4 user
Deploy the last-epoch model
4 User, Elapsed: 0:00:01
epoch [1/1] batch [1/2] time 0.962 (0.962) data 0.886 (0.886) loss 0.0351 (0.0351) acc 100.0000 (100.0000) spf_gamma 0.0500 (0.0500) spf_rank 8.0000 (8.0000) spf_shared_loss 0.0003 (0.0003) spf_private_loss 0.0000 (0.0000) spf_private_norm 0.0004 (0.0004) spf_private_orth_ratio 0.0000 (0.0000) lr 1.0000e-03 eta 0:00:00 user 5
epoch [1/1] batch [2/2] time 0.077 (0.520) data 0.000 (0.443) loss 0.1176 (0.0763) acc 96.8750 (98.4375) spf_gamma 0.0500 (0.0500) spf_rank 8.0000 (8.0000) spf_shared_loss 0.0003 (0.0003) spf_private_loss 0.0000 (0.0000) spf_private_norm 0.0004 (0.0004) spf_private_orth_ratio 0.0000 (0.0000) lr 1.0000e-03 eta 0:00:00 user 5
Finish training: 5 user
Deploy the last-epoch model
5 User, Elapsed: 0:00:01
epoch [1/1] batch [1/2] time 0.932 (0.932) data 0.853 (0.853) loss 0.1856 (0.1856) acc 90.6250 (90.6250) spf_gamma 0.0500 (0.0500) spf_rank 8.0000 (8.0000) spf_shared_loss 0.0003 (0.0003) spf_private_loss 0.0000 (0.0000) spf_private_norm 0.0004 (0.0004) spf_private_orth_ratio 0.0000 (0.0000) lr 1.0000e-03 eta 0:00:00 user 6
epoch [1/1] batch [2/2] time 0.073 (0.503) data 0.000 (0.426) loss 0.1358 (0.1607) acc 93.7500 (92.1875) spf_gamma 0.0500 (0.0500) spf_rank 8.0000 (8.0000) spf_shared_loss 0.0003 (0.0003) spf_private_loss 0.0000 (0.0000) spf_private_norm 0.0004 (0.0004) spf_private_orth_ratio 0.0000 (0.0000) lr 1.0000e-03 eta 0:00:00 user 6
Finish training: 6 user
Deploy the last-epoch model
6 User, Elapsed: 0:00:01
epoch [1/1] batch [1/2] time 0.965 (0.965) data 0.874 (0.874) loss 0.0817 (0.0817) acc 96.8750 (96.8750) spf_gamma 0.0500 (0.0500) spf_rank 8.0000 (8.0000) spf_shared_loss 0.0003 (0.0003) spf_private_loss 0.0000 (0.0000) spf_private_norm 0.0004 (0.0004) spf_private_orth_ratio 0.0000 (0.0000) lr 1.0000e-03 eta 0:00:00 user 7
epoch [1/1] batch [2/2] time 0.073 (0.519) data 0.000 (0.437) loss 0.0661 (0.0739) acc 96.8750 (96.8750) spf_gamma 0.0500 (0.0500) spf_rank 8.0000 (8.0000) spf_shared_loss 0.0003 (0.0003) spf_private_loss 0.0000 (0.0000) spf_private_norm 0.0004 (0.0004) spf_private_orth_ratio 0.0000 (0.0000) lr 1.0000e-03 eta 0:00:00 user 7
Finish training: 7 user
Deploy the last-epoch model
7 User, Elapsed: 0:00:01
epoch [1/1] batch [1/2] time 0.989 (0.989) data 0.902 (0.902) loss 0.0941 (0.0941) acc 100.0000 (100.0000) spf_gamma 0.0500 (0.0500) spf_rank 8.0000 (8.0000) spf_shared_loss 0.0003 (0.0003) spf_private_loss 0.0000 (0.0000) spf_private_norm 0.0004 (0.0004) spf_private_orth_ratio 0.0000 (0.0000) lr 1.0000e-03 eta 0:00:00 user 8
epoch [1/1] batch [2/2] time 0.072 (0.531) data 0.000 (0.451) loss 0.0900 (0.0920) acc 100.0000 (100.0000) spf_gamma 0.0500 (0.0500) spf_rank 8.0000 (8.0000) spf_shared_loss 0.0003 (0.0003) spf_private_loss 0.0000 (0.0000) spf_private_norm 0.0004 (0.0004) spf_private_orth_ratio 0.0000 (0.0000) lr 1.0000e-03 eta 0:00:00 user 8
Finish training: 8 user
Deploy the last-epoch model
8 User, Elapsed: 0:00:01
epoch [1/1] batch [1/1] time 1.066 (1.066) data 0.873 (0.873) loss 0.0218 (0.0218) acc 100.0000 (100.0000) spf_gamma 0.0500 (0.0500) spf_rank 8.0000 (8.0000) spf_shared_loss 0.0003 (0.0003) spf_private_loss 0.0000 (0.0000) spf_private_norm 0.0004 (0.0004) spf_private_orth_ratio 0.0000 (0.0000) lr 1.0000e-03 eta 0:00:00 user 9
Finish training: 9 user
Deploy the last-epoch model
9 User, Elapsed: 0:00:01
------------local train finish epoch: 48 -------------
------------local test start-------------
Evaluate on the client0_test set
  0%|          | 0/2 [00:00<?, ?it/s] 50%|█████     | 1/2 [00:01<00:01,  1.55s/it]100%|██████████| 2/2 [00:01<00:00,  1.32it/s]100%|██████████| 2/2 [00:01<00:00,  1.06it/s]
=> result
* total: 180
* correct: 169
* accuracy: 93.9%
* error: 6.1%
* macro_f1: 94.0%
Evaluate on the client1_test set
  0%|          | 0/2 [00:00<?, ?it/s] 50%|█████     | 1/2 [00:01<00:01,  1.65s/it]100%|██████████| 2/2 [00:01<00:00,  1.28it/s]100%|██████████| 2/2 [00:01<00:00,  1.02it/s]
=> result
* total: 180
* correct: 170
* accuracy: 94.4%
* error: 5.6%
* macro_f1: 94.9%
Evaluate on the client2_test set
  0%|          | 0/2 [00:00<?, ?it/s] 50%|█████     | 1/2 [00:01<00:01,  1.74s/it]100%|██████████| 2/2 [00:01<00:00,  1.03it/s]
=> result
* total: 180
* correct: 153
* accuracy: 85.0%
* error: 15.0%
* macro_f1: 84.9%
Evaluate on the client3_test set
  0%|          | 0/2 [00:00<?, ?it/s] 50%|█████     | 1/2 [00:01<00:01,  1.58s/it]100%|██████████| 2/2 [00:01<00:00,  1.12it/s]
=> result
* total: 180
* correct: 164
* accuracy: 91.1%
* error: 8.9%
* macro_f1: 92.1%
Evaluate on the client4_test set
  0%|          | 0/2 [00:00<?, ?it/s] 50%|█████     | 1/2 [00:01<00:01,  1.53s/it]100%|██████████| 2/2 [00:01<00:00,  1.15it/s]
=> result
* total: 180
* correct: 159
* accuracy: 88.3%
* error: 11.7%
* macro_f1: 88.8%
Evaluate on the client5_test set
  0%|          | 0/2 [00:00<?, ?it/s] 50%|█████     | 1/2 [00:01<00:01,  1.52s/it]100%|██████████| 2/2 [00:01<00:00,  1.15it/s]
=> result
* total: 180
* correct: 170
* accuracy: 94.4%
* error: 5.6%
* macro_f1: 94.6%
Evaluate on the client6_test set
  0%|          | 0/2 [00:00<?, ?it/s] 50%|█████     | 1/2 [00:01<00:01,  1.55s/it]100%|██████████| 2/2 [00:01<00:00,  1.13it/s]
=> result
* total: 180
* correct: 166
* accuracy: 92.2%
* error: 7.8%
* macro_f1: 92.4%
Evaluate on the client7_test set
  0%|          | 0/2 [00:00<?, ?it/s] 50%|█████     | 1/2 [00:01<00:01,  1.59s/it]100%|██████████| 2/2 [00:01<00:00,  1.11it/s]
=> result
* total: 180
* correct: 168
* accuracy: 93.3%
* error: 6.7%
* macro_f1: 94.3%
Evaluate on the client8_test set
  0%|          | 0/2 [00:00<?, ?it/s] 50%|█████     | 1/2 [00:01<00:01,  1.71s/it]100%|██████████| 2/2 [00:01<00:00,  1.27it/s]100%|██████████| 2/2 [00:02<00:00,  1.01s/it]
=> result
* total: 180
* correct: 156
* accuracy: 86.7%
* error: 13.3%
* macro_f1: 86.5%
Evaluate on the client9_test set
  0%|          | 0/1 [00:00<?, ?it/s]100%|██████████| 1/1 [00:01<00:00,  1.21s/it]100%|██████████| 1/1 [00:01<00:00,  1.34s/it]=> result
* total: 72
* correct: 70
* accuracy: 97.2%
* error: 2.8%
* macro_f1: 97.2%
0 --Local test acc: 93.88888888888889
1 --Local test acc: 94.44444444444444
2 --Local test acc: 85.0
3 --Local test acc: 91.11111111111111
4 --Local test acc: 88.33333333333333
5 --Local test acc: 94.44444444444444
6 --Local test acc: 92.22222222222223
7 --Local test acc: 93.33333333333333
8 --Local test acc: 86.66666666666667
9 --Local test acc: 97.22222222222223
--Global test acc: 91.66666666666666
Epoch:48
------------local test finish-------------
idxs_users [0, 1, 2, 3, 4, 5, 6, 7, 8, 9]
------------local train start epoch: 49 -------------

epoch [1/1] batch [1/2] time 0.923 (0.923) data 0.837 (0.837) loss 0.0402 (0.0402) acc 100.0000 (100.0000) spf_gamma 0.0500 (0.0500) spf_rank 8.0000 (8.0000) spf_shared_loss 0.0003 (0.0003) spf_private_loss 0.0000 (0.0000) spf_private_norm 0.0004 (0.0004) spf_private_orth_ratio 0.0000 (0.0000) lr 1.0000e-03 eta 0:00:00 user 0
epoch [1/1] batch [2/2] time 0.164 (0.543) data 0.000 (0.418) loss 0.1150 (0.0776) acc 93.7500 (96.8750) spf_gamma 0.0500 (0.0500) spf_rank 8.0000 (8.0000) spf_shared_loss 0.0003 (0.0003) spf_private_loss 0.0000 (0.0000) spf_private_norm 0.0004 (0.0004) spf_private_orth_ratio 0.0000 (0.0000) lr 1.0000e-03 eta 0:00:00 user 0
Finish training: 0 user
Deploy the last-epoch model
0 User, Elapsed: 0:00:01
epoch [1/1] batch [1/2] time 0.876 (0.876) data 0.794 (0.794) loss 0.0514 (0.0514) acc 100.0000 (100.0000) spf_gamma 0.0500 (0.0500) spf_rank 8.0000 (8.0000) spf_shared_loss 0.0003 (0.0003) spf_private_loss 0.0000 (0.0000) spf_private_norm 0.0004 (0.0004) spf_private_orth_ratio 0.0000 (0.0000) lr 1.0000e-03 eta 0:00:00 user 1
epoch [1/1] batch [2/2] time 0.077 (0.476) data 0.000 (0.397) loss 0.0736 (0.0625) acc 100.0000 (100.0000) spf_gamma 0.0500 (0.0500) spf_rank 8.0000 (8.0000) spf_shared_loss 0.0003 (0.0003) spf_private_loss 0.0000 (0.0000) spf_private_norm 0.0004 (0.0004) spf_private_orth_ratio 0.0000 (0.0000) lr 1.0000e-03 eta 0:00:00 user 1
Finish training: 1 user
Deploy the last-epoch model
1 User, Elapsed: 0:00:01
epoch [1/1] batch [1/2] time 0.878 (0.878) data 0.801 (0.801) loss 0.1256 (0.1256) acc 93.7500 (93.7500) spf_gamma 0.0500 (0.0500) spf_rank 8.0000 (8.0000) spf_shared_loss 0.0003 (0.0003) spf_private_loss 0.0000 (0.0000) spf_private_norm 0.0004 (0.0004) spf_private_orth_ratio 0.0000 (0.0000) lr 1.0000e-03 eta 0:00:00 user 2
epoch [1/1] batch [2/2] time 0.075 (0.477) data 0.000 (0.401) loss 0.1461 (0.1359) acc 96.8750 (95.3125) spf_gamma 0.0500 (0.0500) spf_rank 8.0000 (8.0000) spf_shared_loss 0.0003 (0.0003) spf_private_loss 0.0000 (0.0000) spf_private_norm 0.0004 (0.0004) spf_private_orth_ratio 0.0000 (0.0000) lr 1.0000e-03 eta 0:00:00 user 2
Finish training: 2 user
Deploy the last-epoch model
2 User, Elapsed: 0:00:01
epoch [1/1] batch [1/2] time 0.900 (0.900) data 0.821 (0.821) loss 0.0254 (0.0254) acc 100.0000 (100.0000) spf_gamma 0.0500 (0.0500) spf_rank 8.0000 (8.0000) spf_shared_loss 0.0003 (0.0003) spf_private_loss 0.0000 (0.0000) spf_private_norm 0.0004 (0.0004) spf_private_orth_ratio 0.0000 (0.0000) lr 1.0000e-03 eta 0:00:00 user 3
epoch [1/1] batch [2/2] time 0.076 (0.488) data 0.000 (0.411) loss 0.0564 (0.0409) acc 100.0000 (100.0000) spf_gamma 0.0500 (0.0500) spf_rank 8.0000 (8.0000) spf_shared_loss 0.0003 (0.0003) spf_private_loss 0.0000 (0.0000) spf_private_norm 0.0004 (0.0004) spf_private_orth_ratio 0.0000 (0.0000) lr 1.0000e-03 eta 0:00:00 user 3
Finish training: 3 user
Deploy the last-epoch model
3 User, Elapsed: 0:00:01
epoch [1/1] batch [1/2] time 0.917 (0.917) data 0.837 (0.837) loss 0.1407 (0.1407) acc 96.8750 (96.8750) spf_gamma 0.0500 (0.0500) spf_rank 8.0000 (8.0000) spf_shared_loss 0.0003 (0.0003) spf_private_loss 0.0000 (0.0000) spf_private_norm 0.0004 (0.0004) spf_private_orth_ratio 0.0000 (0.0000) lr 1.0000e-03 eta 0:00:00 user 4
epoch [1/1] batch [2/2] time 0.080 (0.499) data 0.000 (0.419) loss 0.2040 (0.1723) acc 90.6250 (93.7500) spf_gamma 0.0500 (0.0500) spf_rank 8.0000 (8.0000) spf_shared_loss 0.0003 (0.0003) spf_private_loss 0.0000 (0.0000) spf_private_norm 0.0004 (0.0004) spf_private_orth_ratio 0.0000 (0.0000) lr 1.0000e-03 eta 0:00:00 user 4
Finish training: 4 user
Deploy the last-epoch model
4 User, Elapsed: 0:00:01
epoch [1/1] batch [1/2] time 0.943 (0.943) data 0.796 (0.796) loss 0.0267 (0.0267) acc 100.0000 (100.0000) spf_gamma 0.0500 (0.0500) spf_rank 8.0000 (8.0000) spf_shared_loss 0.0003 (0.0003) spf_private_loss 0.0000 (0.0000) spf_private_norm 0.0004 (0.0004) spf_private_orth_ratio 0.0000 (0.0000) lr 1.0000e-03 eta 0:00:00 user 5
epoch [1/1] batch [2/2] time 0.076 (0.510) data 0.000 (0.398) loss 0.0553 (0.0410) acc 100.0000 (100.0000) spf_gamma 0.0500 (0.0500) spf_rank 8.0000 (8.0000) spf_shared_loss 0.0003 (0.0003) spf_private_loss 0.0000 (0.0000) spf_private_norm 0.0004 (0.0004) spf_private_orth_ratio 0.0000 (0.0000) lr 1.0000e-03 eta 0:00:00 user 5
Finish training: 5 user
Deploy the last-epoch model
5 User, Elapsed: 0:00:01
epoch [1/1] batch [1/2] time 0.897 (0.897) data 0.817 (0.817) loss 0.1098 (0.1098) acc 96.8750 (96.8750) spf_gamma 0.0500 (0.0500) spf_rank 8.0000 (8.0000) spf_shared_loss 0.0003 (0.0003) spf_private_loss 0.0000 (0.0000) spf_private_norm 0.0004 (0.0004) spf_private_orth_ratio 0.0000 (0.0000) lr 1.0000e-03 eta 0:00:00 user 6
epoch [1/1] batch [2/2] time 0.078 (0.488) data 0.000 (0.409) loss 0.1031 (0.1064) acc 96.8750 (96.8750) spf_gamma 0.0500 (0.0500) spf_rank 8.0000 (8.0000) spf_shared_loss 0.0003 (0.0003) spf_private_loss 0.0000 (0.0000) spf_private_norm 0.0004 (0.0004) spf_private_orth_ratio 0.0000 (0.0000) lr 1.0000e-03 eta 0:00:00 user 6
Finish training: 6 user
Deploy the last-epoch model
6 User, Elapsed: 0:00:01
epoch [1/1] batch [1/2] time 0.909 (0.909) data 0.829 (0.829) loss 0.0714 (0.0714) acc 96.8750 (96.8750) spf_gamma 0.0500 (0.0500) spf_rank 8.0000 (8.0000) spf_shared_loss 0.0003 (0.0003) spf_private_loss 0.0000 (0.0000) spf_private_norm 0.0004 (0.0004) spf_private_orth_ratio 0.0000 (0.0000) lr 1.0000e-03 eta 0:00:00 user 7
epoch [1/1] batch [2/2] time 0.076 (0.493) data 0.000 (0.415) loss 0.0404 (0.0559) acc 100.0000 (98.4375) spf_gamma 0.0500 (0.0500) spf_rank 8.0000 (8.0000) spf_shared_loss 0.0003 (0.0003) spf_private_loss 0.0000 (0.0000) spf_private_norm 0.0004 (0.0004) spf_private_orth_ratio 0.0000 (0.0000) lr 1.0000e-03 eta 0:00:00 user 7
Finish training: 7 user
Deploy the last-epoch model
7 User, Elapsed: 0:00:01
epoch [1/1] batch [1/2] time 0.968 (0.968) data 0.808 (0.808) loss 0.1212 (0.1212) acc 96.8750 (96.8750) spf_gamma 0.0500 (0.0500) spf_rank 8.0000 (8.0000) spf_shared_loss 0.0003 (0.0003) spf_private_loss 0.0000 (0.0000) spf_private_norm 0.0004 (0.0004) spf_private_orth_ratio 0.0000 (0.0000) lr 1.0000e-03 eta 0:00:00 user 8
epoch [1/1] batch [2/2] time 0.086 (0.527) data 0.000 (0.404) loss 0.1350 (0.1281) acc 90.6250 (93.7500) spf_gamma 0.0500 (0.0500) spf_rank 8.0000 (8.0000) spf_shared_loss 0.0003 (0.0003) spf_private_loss 0.0000 (0.0000) spf_private_norm 0.0004 (0.0004) spf_private_orth_ratio 0.0000 (0.0000) lr 1.0000e-03 eta 0:00:00 user 8
Finish training: 8 user
Deploy the last-epoch model
8 User, Elapsed: 0:00:01
epoch [1/1] batch [1/1] time 0.953 (0.953) data 0.860 (0.860) loss 0.0321 (0.0321) acc 100.0000 (100.0000) spf_gamma 0.0500 (0.0500) spf_rank 8.0000 (8.0000) spf_shared_loss 0.0003 (0.0003) spf_private_loss 0.0000 (0.0000) spf_private_norm 0.0004 (0.0004) spf_private_orth_ratio 0.0000 (0.0000) lr 1.0000e-03 eta 0:00:00 user 9
Finish training: 9 user
Deploy the last-epoch model
9 User, Elapsed: 0:00:01
------------local train finish epoch: 49 -------------
------------local test start-------------
Evaluate on the client0_test set
  0%|          | 0/2 [00:00<?, ?it/s] 50%|█████     | 1/2 [00:01<00:01,  1.61s/it]100%|██████████| 2/2 [00:01<00:00,  1.10it/s]
=> result
* total: 180
* correct: 171
* accuracy: 95.0%
* error: 5.0%
* macro_f1: 95.3%
Evaluate on the client1_test set
  0%|          | 0/2 [00:00<?, ?it/s] 50%|█████     | 1/2 [00:01<00:01,  1.60s/it]100%|██████████| 2/2 [00:01<00:00,  1.10it/s]
=> result
* total: 180
* correct: 172
* accuracy: 95.6%
* error: 4.4%
* macro_f1: 95.8%
Evaluate on the client2_test set
  0%|          | 0/2 [00:00<?, ?it/s] 50%|█████     | 1/2 [00:01<00:01,  1.51s/it]100%|██████████| 2/2 [00:01<00:00,  1.36it/s]100%|██████████| 2/2 [00:01<00:00,  1.08it/s]
=> result
* total: 180
* correct: 160
* accuracy: 88.9%
* error: 11.1%
* macro_f1: 89.3%
Evaluate on the client3_test set
  0%|          | 0/2 [00:00<?, ?it/s] 50%|█████     | 1/2 [00:01<00:01,  1.60s/it]100%|██████████| 2/2 [00:01<00:00,  1.11it/s]
=> result
* total: 180
* correct: 169
* accuracy: 93.9%
* error: 6.1%
* macro_f1: 93.9%
Evaluate on the client4_test set
  0%|          | 0/2 [00:00<?, ?it/s] 50%|█████     | 1/2 [00:01<00:01,  1.54s/it]100%|██████████| 2/2 [00:01<00:00,  1.14it/s]
=> result
* total: 180
* correct: 157
* accuracy: 87.2%
* error: 12.8%
* macro_f1: 87.5%
Evaluate on the client5_test set
  0%|          | 0/2 [00:00<?, ?it/s] 50%|█████     | 1/2 [00:01<00:01,  1.58s/it]100%|██████████| 2/2 [00:01<00:00,  1.35it/s]100%|██████████| 2/2 [00:01<00:00,  1.05it/s]
=> result
* total: 180
* correct: 167
* accuracy: 92.8%
* error: 7.2%
* macro_f1: 93.0%
Evaluate on the client6_test set
  0%|          | 0/2 [00:00<?, ?it/s] 50%|█████     | 1/2 [00:01<00:01,  1.56s/it]100%|██████████| 2/2 [00:01<00:00,  1.13it/s]
=> result
* total: 180
* correct: 170
* accuracy: 94.4%
* error: 5.6%
* macro_f1: 94.5%
Evaluate on the client7_test set
  0%|          | 0/2 [00:00<?, ?it/s] 50%|█████     | 1/2 [00:01<00:01,  1.60s/it]100%|██████████| 2/2 [00:01<00:00,  1.11it/s]
=> result
* total: 180
* correct: 172
* accuracy: 95.6%
* error: 4.4%
* macro_f1: 95.6%
Evaluate on the client8_test set
  0%|          | 0/2 [00:00<?, ?it/s] 50%|█████     | 1/2 [00:01<00:01,  1.67s/it]100%|██████████| 2/2 [00:01<00:00,  1.06it/s]
=> result
* total: 180
* correct: 155
* accuracy: 86.1%
* error: 13.9%
* macro_f1: 86.1%
Evaluate on the client9_test set
  0%|          | 0/1 [00:00<?, ?it/s]100%|██████████| 1/1 [00:01<00:00,  1.19s/it]100%|██████████| 1/1 [00:01<00:00,  1.31s/it]=> result
* total: 72
* correct: 71
* accuracy: 98.6%
* error: 1.4%
* macro_f1: 98.6%
0 --Local test acc: 95.0
1 --Local test acc: 95.55555555555556
2 --Local test acc: 88.88888888888889
3 --Local test acc: 93.88888888888889
4 --Local test acc: 87.22222222222223
5 --Local test acc: 92.77777777777777
6 --Local test acc: 94.44444444444444
7 --Local test acc: 95.55555555555556
8 --Local test acc: 86.11111111111111
9 --Local test acc: 98.61111111111111
--Global test acc: 92.80555555555556
Epoch:49
------------local test finish-------------
Total time Elapsed: 0:20:29
Total time Elapsed: 0:20:29
Total time Elapsed: 0:20:29
Total time Elapsed: 0:20:29
Total time Elapsed: 0:20:29
Total time Elapsed: 0:20:29
Total time Elapsed: 0:20:29
Total time Elapsed: 0:20:29
Total time Elapsed: 0:20:29
Total time Elapsed: 0:20:29
0 global_test_acc_list: [66.66666666666667, 58.333333333333336, 63.333333333333336, 68.33333333333333, 70.0, 68.33333333333333, 71.11111111111111, 77.77777777777777, 70.0, 86.66666666666667, 88.33333333333333, 87.77777777777777, 88.88888888888889, 89.44444444444444, 90.55555555555556, 89.44444444444444, 90.55555555555556, 88.33333333333333, 90.55555555555556, 92.77777777777777, 91.11111111111111, 92.77777777777777, 92.22222222222223, 93.33333333333333, 91.11111111111111, 91.11111111111111, 92.22222222222223, 89.44444444444444, 93.33333333333333, 95.55555555555556, 91.66666666666667, 95.0, 93.88888888888889, 95.0, 95.55555555555556, 93.88888888888889, 93.33333333333333, 93.33333333333333, 94.44444444444444, 92.77777777777777, 95.0, 93.88888888888889, 96.11111111111111, 93.33333333333333, 94.44444444444444, 93.88888888888889, 93.88888888888889, 94.44444444444444, 93.88888888888889, 95.0]
0 maximum test acc: 96.11111111111111
0 mean of acc: 94.22222222222221
0 std of acc: 0.4444444444444457
1 global_test_acc_list: [48.333333333333336, 54.44444444444444, 56.111111111111114, 57.22222222222222, 69.44444444444444, 75.0, 72.22222222222223, 68.33333333333333, 61.111111111111114, 73.33333333333333, 82.22222222222223, 86.66666666666667, 71.66666666666667, 75.0, 73.88888888888889, 62.77777777777778, 82.22222222222223, 86.66666666666667, 87.22222222222223, 89.44444444444444, 90.0, 89.44444444444444, 92.77777777777777, 90.55555555555556, 91.11111111111111, 93.33333333333333, 93.33333333333333, 92.77777777777777, 94.44444444444444, 94.44444444444444, 95.0, 94.44444444444444, 94.44444444444444, 95.0, 93.88888888888889, 94.44444444444444, 93.88888888888889, 95.55555555555556, 92.22222222222223, 95.55555555555556, 95.55555555555556, 95.0, 95.0, 93.33333333333333, 96.11111111111111, 96.11111111111111, 95.55555555555556, 95.0, 94.44444444444444, 95.55555555555556]
1 maximum test acc: 96.11111111111111
1 mean of acc: 95.33333333333334
1 std of acc: 0.5665577237325332
2 global_test_acc_list: [22.22222222222222, 41.111111111111114, 55.0, 62.22222222222222, 65.55555555555556, 75.55555555555556, 76.11111111111111, 82.77777777777777, 80.0, 82.22222222222223, 83.33333333333333, 80.0, 82.77777777777777, 81.66666666666667, 84.44444444444444, 80.0, 82.22222222222223, 82.22222222222223, 83.88888888888889, 87.77777777777777, 87.22222222222223, 86.66666666666667, 81.66666666666667, 88.88888888888889, 85.55555555555556, 86.11111111111111, 83.88888888888889, 80.0, 88.88888888888889, 85.0, 86.11111111111111, 77.77777777777777, 86.66666666666667, 85.55555555555556, 86.11111111111111, 84.44444444444444, 85.55555555555556, 85.55555555555556, 83.33333333333333, 84.44444444444444, 86.11111111111111, 85.0, 85.55555555555556, 85.55555555555556, 86.11111111111111, 85.55555555555556, 85.0, 87.22222222222223, 85.0, 88.88888888888889]
2 maximum test acc: 88.88888888888889
2 mean of acc: 86.33333333333333
2 std of acc: 1.5153535218873169
3 global_test_acc_list: [4.444444444444445, 33.888888888888886, 56.111111111111114, 71.66666666666667, 63.888888888888886, 73.33333333333333, 70.55555555555556, 63.888888888888886, 83.33333333333333, 88.88888888888889, 90.55555555555556, 91.11111111111111, 92.77777777777777, 91.66666666666667, 91.66666666666667, 89.44444444444444, 90.0, 91.11111111111111, 91.66666666666667, 93.33333333333333, 92.22222222222223, 92.22222222222223, 85.55555555555556, 92.22222222222223, 92.77777777777777, 91.11111111111111, 91.66666666666667, 92.77777777777777, 93.33333333333333, 92.77777777777777, 92.22222222222223, 92.77777777777777, 92.22222222222223, 93.88888888888889, 93.33333333333333, 92.22222222222223, 92.77777777777777, 93.33333333333333, 92.77777777777777, 92.22222222222223, 92.77777777777777, 93.33333333333333, 92.22222222222223, 92.22222222222223, 92.22222222222223, 92.77777777777777, 91.11111111111111, 92.22222222222223, 91.11111111111111, 93.88888888888889]
3 maximum test acc: 93.88888888888889
3 mean of acc: 92.22222222222221
3 std of acc: 1.054092553389457
4 global_test_acc_list: [36.111111111111114, 36.111111111111114, 40.55555555555556, 51.111111111111114, 64.44444444444444, 62.77777777777778, 71.11111111111111, 63.888888888888886, 76.66666666666667, 80.0, 81.66666666666667, 80.55555555555556, 81.11111111111111, 85.0, 85.55555555555556, 81.66666666666667, 84.44444444444444, 86.11111111111111, 85.0, 86.11111111111111, 82.77777777777777, 87.77777777777777, 86.66666666666667, 86.66666666666667, 83.88888888888889, 86.11111111111111, 86.66666666666667, 86.11111111111111, 87.22222222222223, 86.11111111111111, 90.55555555555556, 86.66666666666667, 87.77777777777777, 88.88888888888889, 87.22222222222223, 87.77777777777777, 87.22222222222223, 86.66666666666667, 87.22222222222223, 87.22222222222223, 89.44444444444444, 87.77777777777777, 86.66666666666667, 88.88888888888889, 86.66666666666667, 89.44444444444444, 86.11111111111111, 87.77777777777777, 88.33333333333333, 87.22222222222223]
4 maximum test acc: 90.55555555555556
4 mean of acc: 87.77777777777777
4 std of acc: 1.1111111111111085
5 global_test_acc_list: [45.55555555555556, 57.22222222222222, 62.77777777777778, 83.33333333333333, 91.11111111111111, 91.11111111111111, 91.66666666666667, 91.11111111111111, 92.77777777777777, 89.44444444444444, 90.55555555555556, 92.22222222222223, 94.44444444444444, 93.88888888888889, 92.22222222222223, 93.33333333333333, 93.33333333333333, 93.88888888888889, 94.44444444444444, 93.88888888888889, 94.44444444444444, 94.44444444444444, 94.44444444444444, 93.33333333333333, 94.44444444444444, 94.44444444444444, 93.88888888888889, 93.88888888888889, 93.88888888888889, 93.33333333333333, 92.77777777777777, 94.44444444444444, 91.66666666666667, 93.88888888888889, 94.44444444444444, 93.88888888888889, 93.88888888888889, 92.77777777777777, 93.33333333333333, 94.44444444444444, 95.0, 93.88888888888889, 92.22222222222223, 92.22222222222223, 93.33333333333333, 95.0, 93.88888888888889, 94.44444444444444, 94.44444444444444, 92.77777777777777]
5 maximum test acc: 95.0
5 mean of acc: 94.11111111111111
5 std of acc: 0.7535922203472541
6 global_test_acc_list: [43.333333333333336, 69.44444444444444, 77.77777777777777, 53.333333333333336, 74.44444444444444, 75.55555555555556, 81.66666666666667, 83.88888888888889, 84.44444444444444, 88.88888888888889, 89.44444444444444, 89.44444444444444, 88.88888888888889, 91.66666666666667, 90.0, 92.77777777777777, 93.33333333333333, 91.11111111111111, 92.22222222222223, 93.88888888888889, 93.33333333333333, 93.88888888888889, 93.88888888888889, 91.66666666666667, 93.33333333333333, 92.77777777777777, 93.88888888888889, 93.33333333333333, 93.88888888888889, 94.44444444444444, 93.88888888888889, 93.33333333333333, 94.44444444444444, 92.77777777777777, 95.0, 91.11111111111111, 93.88888888888889, 93.88888888888889, 93.88888888888889, 94.44444444444444, 93.88888888888889, 95.0, 94.44444444444444, 92.22222222222223, 95.55555555555556, 91.11111111111111, 93.88888888888889, 94.44444444444444, 92.22222222222223, 94.44444444444444]
6 maximum test acc: 95.55555555555556
6 mean of acc: 93.22222222222223
6 std of acc: 1.3333333333333306
7 global_test_acc_list: 
[36.666666666666664, 46.666666666666664, 58.888888888888886, 63.333333333333336, 67.77777777777777, 69.44444444444444, 68.88888888888889, 70.55555555555556, 73.33333333333333, 70.55555555555556, 72.77777777777777, 76.11111111111111, 84.44444444444444, 85.0, 88.88888888888889, 91.11111111111111, 88.33333333333333, 88.33333333333333, 86.66666666666667, 92.77777777777777, 91.11111111111111, 91.66666666666667, 95.0, 93.88888888888889, 92.22222222222223, 92.77777777777777, 93.88888888888889, 93.88888888888889, 91.66666666666667, 92.77777777777777, 92.77777777777777, 93.88888888888889, 92.77777777777777, 94.44444444444444, 91.11111111111111, 95.55555555555556, 93.33333333333333, 95.55555555555556, 94.44444444444444, 93.88888888888889, 93.33333333333333, 93.33333333333333, 94.44444444444444, 95.0, 93.88888888888889, 95.0, 95.0, 93.33333333333333, 93.33333333333333, 95.55555555555556]
7 maximum test acc: 95.55555555555556
7 mean of acc: 94.44444444444443
7 std of acc: 0.929622251704531
8 global_test_acc_list: [33.888888888888886, 44.44444444444444, 46.666666666666664, 51.111111111111114, 54.44444444444444, 56.111111111111114, 57.22222222222222, 55.0, 58.333333333333336, 60.0, 70.0, 66.11111111111111, 75.55555555555556, 65.55555555555556, 69.44444444444444, 77.77777777777777, 83.88888888888889, 79.44444444444444, 78.33333333333333, 77.77777777777777, 83.88888888888889, 84.44444444444444, 79.44444444444444, 78.33333333333333, 80.55555555555556, 79.44444444444444, 83.88888888888889, 83.33333333333333, 86.66666666666667, 83.33333333333333, 84.44444444444444, 82.77777777777777, 87.22222222222223, 86.66666666666667, 84.44444444444444, 85.0, 83.88888888888889, 86.66666666666667, 83.33333333333333, 84.44444444444444, 86.66666666666667, 84.44444444444444, 86.11111111111111, 85.0, 84.44444444444444, 84.44444444444444, 85.0, 86.11111111111111, 86.66666666666667, 86.11111111111111]
8 maximum test acc: 87.22222222222223
8 mean of acc: 85.66666666666667
8 std of acc: 0.8164965809277284
9 global_test_acc_list: [27.77777777777778, 45.833333333333336, 56.94444444444444, 63.888888888888886, 86.11111111111111, 88.88888888888889, 83.33333333333333, 91.66666666666667, 87.5, 91.66666666666667, 90.27777777777777, 95.83333333333333, 97.22222222222223, 97.22222222222223, 97.22222222222223, 97.22222222222223, 95.83333333333333, 97.22222222222223, 97.22222222222223, 97.22222222222223, 94.44444444444444, 98.61111111111111, 94.44444444444444, 97.22222222222223, 97.22222222222223, 97.22222222222223, 97.22222222222223, 95.83333333333333, 97.22222222222223, 95.83333333333333, 95.83333333333333, 93.05555555555556, 95.83333333333333, 95.83333333333333, 98.61111111111111, 97.22222222222223, 98.61111111111111, 95.83333333333333, 95.83333333333333, 97.22222222222223, 97.22222222222223, 98.61111111111111, 95.83333333333333, 95.83333333333333, 95.83333333333333, 95.83333333333333, 98.61111111111111, 97.22222222222223, 97.22222222222223, 98.61111111111111]
9 maximum test acc: 98.61111111111111
9 mean of acc: 97.5
9 std of acc: 1.039349274103875
