round,client_id,num_test_samples,global_acc,personalized_acc,global_macro_f1,personalized_macro_f1,gamma_mean,correction_ratio,seed,method_label
0,0,180,52.22222222222222,63.888888888888886,57.277502181801474,66.79292929292929,0.04998779296875,0.03800816422230319,3,A1
0,1,180,24.444444444444443,50.55555555555556,28.266879319510895,52.29148246389626,0.04998779296875,0.03800816422230319,3,A1
0,2,180,33.888888888888886,42.77777777777778,37.768611172559176,48.3012247632911,0.04998779296875,0.03800816422230319,3,A1
0,3,180,2.2222222222222223,37.77777777777778,4.0,46.23481878092587,0.04998779296875,0.03800816422230319,3,A1
0,4,180,10.555555555555555,23.88888888888889,14.992025518341306,29.223946784922394,0.04998779296875,0.03800816422230319,3,A1
0,5,180,42.77777777777778,48.333333333333336,47.83736904183723,48.343170940299174,0.04998779296875,0.03800816422230319,3,A1
0,6,180,26.666666666666668,58.888888888888886,36.89510489510489,66.60532638300695,0.04998779296875,0.03800816422230319,3,A1
0,7,180,3.888888888888889,47.22222222222222,6.54970760233918,54.817916260954235,0.04998779296875,0.03800816422230319,3,A1
0,8,180,36.111111111111114,50.0,34.73385012919897,45.47085924759253,0.04998779296875,0.03800816422230319,3,A1
0,9,72,6.944444444444445,15.277777777777779,12.702702702702704,26.279069767441865,0.04998779296875,0.03800816422230319,3,A1
0,0,180,52.22222222222222,63.888888888888886,57.277502181801474,66.79292929292929,0.04998779296875,0.03800816422230319,3,A1
0,1,180,24.444444444444443,50.55555555555556,28.266879319510895,52.29148246389626,0.04998779296875,0.03800816422230319,3,A1
0,2,180,33.888888888888886,42.77777777777778,37.768611172559176,48.3012247632911,0.04998779296875,0.03800816422230319,3,A1
0,3,180,2.2222222222222223,37.77777777777778,4.0,46.23481878092587,0.04998779296875,0.03800816422230319,3,A1
0,4,180,10.555555555555555,23.88888888888889,14.992025518341306,29.223946784922394,0.04998779296875,0.03800816422230319,3,A1
0,5,180,42.77777777777778,48.333333333333336,47.83736904183723,48.343170940299174,0.04998779296875,0.03800816422230319,3,A1
0,6,180,26.666666666666668,58.888888888888886,36.89510489510489,66.60532638300695,0.04998779296875,0.03800816422230319,3,A1
0,7,180,3.888888888888889,47.22222222222222,6.54970760233918,54.817916260954235,0.04998779296875,0.03800816422230319,3,A1
0,8,180,36.111111111111114,50.0,34.73385012919897,45.47085924759253,0.04998779296875,0.03800816422230319,3,A1
0,9,72,6.944444444444445,15.277777777777779,12.702702702702704,26.279069767441865,0.04998779296875,0.03800816422230319,3,A1
1,0,180,52.77777777777778,65.0,57.68428184281843,66.48178776592385,0.04998779296875,0.03800090088656074,3,A1
1,1,180,24.444444444444443,57.77777777777778,28.266879319510895,57.89392179636083,0.04998779296875,0.03800090088656074,3,A1
1,2,180,34.44444444444444,63.333333333333336,38.327748178494446,70.24520626272871,0.04998779296875,0.03800090088656074,3,A1
1,3,180,2.2222222222222223,52.22222222222222,4.0,52.4688995215311,0.04998779296875,0.03800090088656074,3,A1
1,4,180,10.555555555555555,33.333333333333336,14.992025518341306,38.187992626493774,0.04998779296875,0.03800090088656074,3,A1
1,5,180,42.77777777777778,55.0,47.83736904183723,54.82070168637333,0.04998779296875,0.03800090088656074,3,A1
1,6,180,26.666666666666668,77.77777777777777,36.89510489510489,83.93415465367659,0.04998779296875,0.03800090088656074,3,A1
1,7,180,3.888888888888889,65.0,6.54970760233918,69.26007144039932,0.04998779296875,0.03800090088656074,3,A1
1,8,180,36.666666666666664,53.333333333333336,34.93854345717996,46.27201783723523,0.04998779296875,0.03800090088656074,3,A1
1,9,72,6.944444444444445,54.166666666666664,12.702702702702704,67.75956284153006,0.04998779296875,0.03800090088656074,3,A1
1,0,180,52.77777777777778,65.0,57.68428184281843,66.48178776592385,0.04998779296875,0.03800090088656074,3,A1
1,1,180,24.444444444444443,57.77777777777778,28.266879319510895,57.89392179636083,0.04998779296875,0.03800090088656074,3,A1
1,2,180,34.44444444444444,63.333333333333336,38.327748178494446,70.24520626272871,0.04998779296875,0.03800090088656074,3,A1
1,3,180,2.2222222222222223,52.22222222222222,4.0,52.4688995215311,0.04998779296875,0.03800090088656074,3,A1
1,4,180,10.555555555555555,33.333333333333336,14.992025518341306,38.187992626493774,0.04998779296875,0.03800090088656074,3,A1
1,5,180,42.77777777777778,55.0,47.83736904183723,54.82070168637333,0.04998779296875,0.03800090088656074,3,A1
1,6,180,26.666666666666668,77.77777777777777,36.89510489510489,83.93415465367659,0.04998779296875,0.03800090088656074,3,A1
1,7,180,3.888888888888889,65.0,6.54970760233918,69.26007144039932,0.04998779296875,0.03800090088656074,3,A1
1,8,180,36.666666666666664,53.333333333333336,34.93854345717996,46.27201783723523,0.04998779296875,0.03800090088656074,3,A1
1,9,72,6.944444444444445,54.166666666666664,12.702702702702704,67.75956284153006,0.04998779296875,0.03800090088656074,3,A1
2,0,180,52.22222222222222,70.55555555555556,57.277502181801474,73.87202401286908,0.04998779296875,0.03798523349197287,3,A1
2,1,180,24.444444444444443,66.11111111111111,28.266879319510895,65.94368058555925,0.04998779296875,0.03798523349197287,3,A1
2,2,180,33.888888888888886,75.0,37.768611172559176,79.36046571783197,0.04998779296875,0.03798523349197287,3,A1
2,3,180,1.6666666666666667,59.44444444444444,3.076923076923077,58.05330621026496,0.04998779296875,0.03798523349197287,3,A1
2,4,180,10.555555555555555,34.44444444444444,14.992025518341306,34.462439575173775,0.04998779296875,0.03798523349197287,3,A1
2,5,180,42.77777777777778,47.77777777777778,47.83736904183723,48.08328893647158,0.04998779296875,0.03798523349197287,3,A1
2,6,180,26.666666666666668,85.55555555555556,36.89510489510489,87.98293493945668,0.04998779296875,0.03798523349197287,3,A1
2,7,180,3.888888888888889,63.888888888888886,6.54970760233918,66.51307313376279,0.04998779296875,0.03798523349197287,3,A1
2,8,180,35.55555555555556,57.22222222222222,34.3426138224697,46.931442080378254,0.04998779296875,0.03798523349197287,3,A1
2,9,72,6.944444444444445,69.44444444444444,12.702702702702704,75.93292394898441,0.04998779296875,0.03798523349197287,3,A1
2,0,180,52.22222222222222,70.55555555555556,57.277502181801474,73.87202401286908,0.04998779296875,0.03798523349197287,3,A1
2,1,180,24.444444444444443,66.11111111111111,28.266879319510895,65.94368058555925,0.04998779296875,0.03798523349197287,3,A1
2,2,180,33.888888888888886,75.0,37.768611172559176,79.36046571783197,0.04998779296875,0.03798523349197287,3,A1
2,3,180,1.6666666666666667,59.44444444444444,3.076923076923077,58.05330621026496,0.04998779296875,0.03798523349197287,3,A1
2,4,180,10.555555555555555,34.44444444444444,14.992025518341306,34.462439575173775,0.04998779296875,0.03798523349197287,3,A1
2,5,180,42.77777777777778,47.77777777777778,47.83736904183723,48.08328893647158,0.04998779296875,0.03798523349197287,3,A1
2,6,180,26.666666666666668,85.55555555555556,36.89510489510489,87.98293493945668,0.04998779296875,0.03798523349197287,3,A1
2,7,180,3.888888888888889,63.888888888888886,6.54970760233918,66.51307313376279,0.04998779296875,0.03798523349197287,3,A1
2,8,180,35.55555555555556,57.22222222222222,34.3426138224697,46.931442080378254,0.04998779296875,0.03798523349197287,3,A1
2,9,72,6.944444444444445,69.44444444444444,12.702702702702704,75.93292394898441,0.04998779296875,0.03798523349197287,3,A1
3,0,180,52.77777777777778,73.88888888888889,57.68428184281843,78.40320394785454,0.04998779296875,0.037968536544787254,3,A1
3,1,180,24.444444444444443,73.33333333333333,28.266879319510895,73.63328563328564,0.04998779296875,0.037968536544787254,3,A1
3,2,180,34.44444444444444,78.33333333333333,38.327748178494446,81.42525745799698,0.04998779296875,0.037968536544787254,3,A1
3,3,180,2.2222222222222223,78.88888888888889,4.0,81.74386425958753,0.04998779296875,0.037968536544787254,3,A1
3,4,180,10.555555555555555,31.666666666666668,14.992025518341306,30.07142857142857,0.04998779296875,0.037968536544787254,3,A1
3,5,180,43.333333333333336,57.22222222222222,48.15818281335523,55.18276856524873,0.04998779296875,0.037968536544787254,3,A1
3,6,180,26.666666666666668,85.0,36.89510489510489,87.66875085721144,0.04998779296875,0.037968536544787254,3,A1
3,7,180,3.888888888888889,72.22222222222223,6.54970760233918,69.42905982905982,0.04998779296875,0.037968536544787254,3,A1
3,8,180,36.666666666666664,58.333333333333336,35.11436763300414,46.74877916440586,0.04998779296875,0.037968536544787254,3,A1
3,9,72,6.944444444444445,81.94444444444444,12.702702702702704,84.47842480100545,0.04998779296875,0.037968536544787254,3,A1
3,0,180,52.77777777777778,73.88888888888889,57.68428184281843,78.40320394785454,0.04998779296875,0.037968536544787254,3,A1
3,1,180,24.444444444444443,73.33333333333333,28.266879319510895,73.63328563328564,0.04998779296875,0.037968536544787254,3,A1
3,2,180,34.44444444444444,78.33333333333333,38.327748178494446,81.42525745799698,0.04998779296875,0.037968536544787254,3,A1
3,3,180,2.2222222222222223,78.88888888888889,4.0,81.74386425958753,0.04998779296875,0.037968536544787254,3,A1
3,4,180,10.555555555555555,31.666666666666668,14.992025518341306,30.07142857142857,0.04998779296875,0.037968536544787254,3,A1
3,5,180,43.333333333333336,57.22222222222222,48.15818281335523,55.18276856524873,0.04998779296875,0.037968536544787254,3,A1
3,6,180,26.666666666666668,85.0,36.89510489510489,87.66875085721144,0.04998779296875,0.037968536544787254,3,A1
3,7,180,3.888888888888889,72.22222222222223,6.54970760233918,69.42905982905982,0.04998779296875,0.037968536544787254,3,A1
3,8,180,36.666666666666664,58.333333333333336,35.11436763300414,46.74877916440586,0.04998779296875,0.037968536544787254,3,A1
3,9,72,6.944444444444445,81.94444444444444,12.702702702702704,84.47842480100545,0.04998779296875,0.037968536544787254,3,A1
4,0,180,52.77777777777778,76.11111111111111,57.68428184281843,79.38709017117739,0.04998779296875,0.03795242035075238,3,A1
4,1,180,24.444444444444443,77.22222222222223,28.266879319510895,76.25882408867268,0.04998779296875,0.03795242035075238,3,A1
4,2,180,33.888888888888886,75.55555555555556,37.95898663527731,76.16245124685787,0.04998779296875,0.03795242035075238,3,A1
4,3,180,2.2222222222222223,68.33333333333333,4.0,71.32019743650983,0.04998779296875,0.03795242035075238,3,A1
4,4,180,10.555555555555555,37.77777777777778,14.992025518341306,43.12703275836761,0.04998779296875,0.03795242035075238,3,A1
4,5,180,42.77777777777778,67.77777777777777,47.83736904183723,69.22471520234565,0.04998779296875,0.03795242035075238,3,A1
4,6,180,26.11111111111111,90.0,36.410256410256416,90.60310489295998,0.04998779296875,0.03795242035075238,3,A1
4,7,180,3.888888888888889,75.55555555555556,6.54970760233918,71.8828989261238,0.04998779296875,0.03795242035075238,3,A1
4,8,180,36.666666666666664,58.888888888888886,34.93854345717996,47.17148124695295,0.04998779296875,0.03795242035075238,3,A1
4,9,72,6.944444444444445,83.33333333333333,12.702702702702704,87.21578721578722,0.04998779296875,0.03795242035075238,3,A1
4,0,180,52.77777777777778,76.11111111111111,57.68428184281843,79.38709017117739,0.04998779296875,0.03795242035075238,3,A1
4,1,180,24.444444444444443,77.22222222222223,28.266879319510895,76.25882408867268,0.04998779296875,0.03795242035075238,3,A1
4,2,180,33.888888888888886,75.55555555555556,37.95898663527731,76.16245124685787,0.04998779296875,0.03795242035075238,3,A1
4,3,180,2.2222222222222223,68.33333333333333,4.0,71.32019743650983,0.04998779296875,0.03795242035075238,3,A1
4,4,180,10.555555555555555,37.77777777777778,14.992025518341306,43.12703275836761,0.04998779296875,0.03795242035075238,3,A1
4,5,180,42.77777777777778,67.77777777777777,47.83736904183723,69.22471520234565,0.04998779296875,0.03795242035075238,3,A1
4,6,180,26.11111111111111,90.0,36.410256410256416,90.60310489295998,0.04998779296875,0.03795242035075238,3,A1
4,7,180,3.888888888888889,75.55555555555556,6.54970760233918,71.8828989261238,0.04998779296875,0.03795242035075238,3,A1
4,8,180,36.666666666666664,58.888888888888886,34.93854345717996,47.17148124695295,0.04998779296875,0.03795242035075238,3,A1
4,9,72,6.944444444444445,83.33333333333333,12.702702702702704,87.21578721578722,0.04998779296875,0.03795242035075238,3,A1
5,0,180,52.77777777777778,81.11111111111111,57.68428184281843,83.95762795762795,0.04998779296875,0.03793771506140107,3,A1
5,1,180,24.444444444444443,76.66666666666667,28.266879319510895,74.30741510741511,0.04998779296875,0.03793771506140107,3,A1
5,2,180,34.44444444444444,82.22222222222223,38.327748178494446,84.32449534575477,0.04998779296875,0.03793771506140107,3,A1
5,3,180,2.2222222222222223,76.66666666666667,4.0,79.57293169974187,0.04998779296875,0.03793771506140107,3,A1
5,4,180,10.555555555555555,47.77777777777778,14.858934169278998,50.437323254660726,0.04998779296875,0.03793771506140107,3,A1
5,5,180,42.77777777777778,86.11111111111111,47.83736904183723,88.90169585860652,0.04998779296875,0.03793771506140107,3,A1
5,6,180,26.666666666666668,90.55555555555556,36.89510489510489,91.64116544303205,0.04998779296875,0.03793771506140107,3,A1
5,7,180,3.888888888888889,75.55555555555556,6.54970760233918,72.4267727462281,0.04998779296875,0.03793771506140107,3,A1
5,8,180,36.666666666666664,61.111111111111114,34.93854345717996,51.270690889244264,0.04998779296875,0.03793771506140107,3,A1
5,9,72,6.944444444444445,75.0,12.702702702702704,83.26876513317191,0.04998779296875,0.03793771506140107,3,A1
5,0,180,52.77777777777778,81.11111111111111,57.68428184281843,83.95762795762795,0.04998779296875,0.03793771506140107,3,A1
5,1,180,24.444444444444443,76.66666666666667,28.266879319510895,74.30741510741511,0.04998779296875,0.03793771506140107,3,A1
5,2,180,34.44444444444444,82.22222222222223,38.327748178494446,84.32449534575477,0.04998779296875,0.03793771506140107,3,A1
5,3,180,2.2222222222222223,76.66666666666667,4.0,79.57293169974187,0.04998779296875,0.03793771506140107,3,A1
5,4,180,10.555555555555555,47.77777777777778,14.858934169278998,50.437323254660726,0.04998779296875,0.03793771506140107,3,A1
5,5,180,42.77777777777778,86.11111111111111,47.83736904183723,88.90169585860652,0.04998779296875,0.03793771506140107,3,A1
5,6,180,26.666666666666668,90.55555555555556,36.89510489510489,91.64116544303205,0.04998779296875,0.03793771506140107,3,A1
5,7,180,3.888888888888889,75.55555555555556,6.54970760233918,72.4267727462281,0.04998779296875,0.03793771506140107,3,A1
5,8,180,36.666666666666664,61.111111111111114,34.93854345717996,51.270690889244264,0.04998779296875,0.03793771506140107,3,A1
5,9,72,6.944444444444445,75.0,12.702702702702704,83.26876513317191,0.04998779296875,0.03793771506140107,3,A1
6,0,180,52.22222222222222,85.55555555555556,57.277502181801474,87.0267791579267,0.04998779296875,0.03791639346041178,3,A1
6,1,180,24.444444444444443,80.0,28.266879319510895,78.30445492068658,0.04998779296875,0.03791639346041178,3,A1
6,2,180,34.44444444444444,82.22222222222223,38.327748178494446,83.42479026349994,0.04998779296875,0.03791639346041178,3,A1
6,3,180,2.2222222222222223,83.88888888888889,4.0,84.11552391445603,0.04998779296875,0.03791639346041178,3,A1
6,4,180,10.555555555555555,50.0,14.992025518341306,46.29930705892363,0.04998779296875,0.03791639346041178,3,A1
6,5,180,42.77777777777778,87.77777777777777,47.83736904183723,88.82289800154295,0.04998779296875,0.03791639346041178,3,A1
6,6,180,27.22222222222222,90.0,37.69244708779593,90.64146234347719,0.04998779296875,0.03791639346041178,3,A1
6,7,180,3.888888888888889,65.55555555555556,6.54970760233918,66.31924589697822,0.04998779296875,0.03791639346041178,3,A1
6,8,180,36.666666666666664,54.44444444444444,34.93854345717996,46.68005354752343,0.04998779296875,0.03791639346041178,3,A1
6,9,72,6.944444444444445,84.72222222222223,12.702702702702704,91.72320217096338,0.04998779296875,0.03791639346041178,3,A1
6,0,180,52.22222222222222,85.55555555555556,57.277502181801474,87.0267791579267,0.04998779296875,0.03791639346041178,3,A1
6,1,180,24.444444444444443,80.0,28.266879319510895,78.30445492068658,0.04998779296875,0.03791639346041178,3,A1
6,2,180,34.44444444444444,82.22222222222223,38.327748178494446,83.42479026349994,0.04998779296875,0.03791639346041178,3,A1
6,3,180,2.2222222222222223,83.88888888888889,4.0,84.11552391445603,0.04998779296875,0.03791639346041178,3,A1
6,4,180,10.555555555555555,50.0,14.992025518341306,46.29930705892363,0.04998779296875,0.03791639346041178,3,A1
6,5,180,42.77777777777778,87.77777777777777,47.83736904183723,88.82289800154295,0.04998779296875,0.03791639346041178,3,A1
6,6,180,27.22222222222222,90.0,37.69244708779593,90.64146234347719,0.04998779296875,0.03791639346041178,3,A1
6,7,180,3.888888888888889,65.55555555555556,6.54970760233918,66.31924589697822,0.04998779296875,0.03791639346041178,3,A1
6,8,180,36.666666666666664,54.44444444444444,34.93854345717996,46.68005354752343,0.04998779296875,0.03791639346041178,3,A1
6,9,72,6.944444444444445,84.72222222222223,12.702702702702704,91.72320217096338,0.04998779296875,0.03791639346041178,3,A1
7,0,180,52.22222222222222,83.33333333333333,57.277502181801474,84.31569132621763,0.04998779296875,0.03788629036984945,3,A1
7,1,180,24.444444444444443,81.66666666666667,28.266879319510895,79.87783531739734,0.04998779296875,0.03788629036984945,3,A1
7,2,180,34.44444444444444,88.33333333333333,38.327748178494446,88.72154771718732,0.04998779296875,0.03788629036984945,3,A1
7,3,180,2.2222222222222223,87.22222222222223,4.0,87.6200464100401,0.04998779296875,0.03788629036984945,3,A1
7,4,180,10.555555555555555,66.11111111111111,14.992025518341306,63.97901278318614,0.04998779296875,0.03788629036984945,3,A1
7,5,180,42.77777777777778,88.33333333333333,47.83736904183723,89.04184209443613,0.04998779296875,0.03788629036984945,3,A1
7,6,180,26.11111111111111,90.55555555555556,36.410256410256416,90.90370668500543,0.04998779296875,0.03788629036984945,3,A1
7,7,180,3.888888888888889,75.55555555555556,6.54970760233918,75.14581950371424,0.04998779296875,0.03788629036984945,3,A1
7,8,180,36.666666666666664,58.333333333333336,34.93854345717996,46.71631295160707,0.04998779296875,0.03788629036984945,3,A1
7,9,72,6.944444444444445,86.11111111111111,12.702702702702704,90.41826717883056,0.04998779296875,0.03788629036984945,3,A1
7,0,180,52.22222222222222,83.33333333333333,57.277502181801474,84.31569132621763,0.04998779296875,0.03788629036984945,3,A1
7,1,180,24.444444444444443,81.66666666666667,28.266879319510895,79.87783531739734,0.04998779296875,0.03788629036984945,3,A1
7,2,180,34.44444444444444,88.33333333333333,38.327748178494446,88.72154771718732,0.04998779296875,0.03788629036984945,3,A1
7,3,180,2.2222222222222223,87.22222222222223,4.0,87.6200464100401,0.04998779296875,0.03788629036984945,3,A1
7,4,180,10.555555555555555,66.11111111111111,14.992025518341306,63.97901278318614,0.04998779296875,0.03788629036984945,3,A1
7,5,180,42.77777777777778,88.33333333333333,47.83736904183723,89.04184209443613,0.04998779296875,0.03788629036984945,3,A1
7,6,180,26.11111111111111,90.55555555555556,36.410256410256416,90.90370668500543,0.04998779296875,0.03788629036984945,3,A1
7,7,180,3.888888888888889,75.55555555555556,6.54970760233918,75.14581950371424,0.04998779296875,0.03788629036984945,3,A1
7,8,180,36.666666666666664,58.333333333333336,34.93854345717996,46.71631295160707,0.04998779296875,0.03788629036984945,3,A1
7,9,72,6.944444444444445,86.11111111111111,12.702702702702704,90.41826717883056,0.04998779296875,0.03788629036984945,3,A1
8,0,180,52.77777777777778,83.33333333333333,57.68428184281843,86.0865346129399,0.04998779296875,0.03788059930268087,3,A1
8,1,180,25.0,82.77777777777777,29.23853923853924,83.70088920932467,0.04998779296875,0.03788059930268087,3,A1
8,2,180,34.44444444444444,85.55555555555556,38.327748178494446,85.63214324327694,0.04998779296875,0.03788059930268087,3,A1
8,3,180,2.2222222222222223,88.88888888888889,4.0,89.2239121712806,0.04998779296875,0.03788059930268087,3,A1
8,4,180,10.555555555555555,66.11111111111111,14.992025518341306,65.82142141591453,0.04998779296875,0.03788059930268087,3,A1
8,5,180,42.77777777777778,89.44444444444444,47.83736904183723,90.59608213151989,0.04998779296875,0.03788059930268087,3,A1
8,6,180,26.666666666666668,90.55555555555556,36.89510489510489,90.84415584415584,0.04998779296875,0.03788059930268087,3,A1
8,7,180,3.888888888888889,77.22222222222223,6.54970760233918,78.63282088389111,0.04998779296875,0.03788059930268087,3,A1
8,8,180,36.666666666666664,66.11111111111111,34.93854345717996,61.19702311006658,0.04998779296875,0.03788059930268087,3,A1
8,9,72,6.944444444444445,97.22222222222223,12.702702702702704,97.90688575899844,0.04998779296875,0.03788059930268087,3,A1
8,0,180,52.77777777777778,83.33333333333333,57.68428184281843,86.0865346129399,0.04998779296875,0.03788059930268087,3,A1
8,1,180,25.0,82.77777777777777,29.23853923853924,83.70088920932467,0.04998779296875,0.03788059930268087,3,A1
8,2,180,34.44444444444444,85.55555555555556,38.327748178494446,85.63214324327694,0.04998779296875,0.03788059930268087,3,A1
8,3,180,2.2222222222222223,88.88888888888889,4.0,89.2239121712806,0.04998779296875,0.03788059930268087,3,A1
8,4,180,10.555555555555555,66.11111111111111,14.992025518341306,65.82142141591453,0.04998779296875,0.03788059930268087,3,A1
8,5,180,42.77777777777778,89.44444444444444,47.83736904183723,90.59608213151989,0.04998779296875,0.03788059930268087,3,A1
8,6,180,26.666666666666668,90.55555555555556,36.89510489510489,90.84415584415584,0.04998779296875,0.03788059930268087,3,A1
8,7,180,3.888888888888889,77.22222222222223,6.54970760233918,78.63282088389111,0.04998779296875,0.03788059930268087,3,A1
8,8,180,36.666666666666664,66.11111111111111,34.93854345717996,61.19702311006658,0.04998779296875,0.03788059930268087,3,A1
8,9,72,6.944444444444445,97.22222222222223,12.702702702702704,97.90688575899844,0.04998779296875,0.03788059930268087,3,A1
9,0,180,52.77777777777778,86.11111111111111,57.68428184281843,88.25199362041467,0.04998779296875,0.03786942205931011,3,A1
9,1,180,24.444444444444443,75.55555555555556,28.266879319510895,72.05521458153036,0.04998779296875,0.03786942205931011,3,A1
9,2,180,34.44444444444444,87.77777777777777,38.522320631131414,87.99648119819582,0.04998779296875,0.03786942205931011,3,A1
9,3,180,2.2222222222222223,90.55555555555556,4.0,90.77575465365817,0.04998779296875,0.03786942205931011,3,A1
9,4,180,10.555555555555555,73.33333333333333,14.992025518341306,72.3199737270268,0.04998779296875,0.03786942205931011,3,A1
9,5,180,42.77777777777778,88.88888888888889,47.83736904183723,89.40414174544988,0.04998779296875,0.03786942205931011,3,A1
9,6,180,26.666666666666668,90.55555555555556,36.89510489510489,91.0065899552257,0.04998779296875,0.03786942205931011,3,A1
9,7,180,3.888888888888889,71.11111111111111,6.54970760233918,70.90170227616426,0.04998779296875,0.03786942205931011,3,A1
9,8,180,36.111111111111114,77.77777777777777,34.558025953374795,76.83844031521518,0.04998779296875,0.03786942205931011,3,A1
9,9,72,6.944444444444445,94.44444444444444,12.702702702702704,94.44015444015443,0.04998779296875,0.03786942205931011,3,A1
9,0,180,52.77777777777778,86.11111111111111,57.68428184281843,88.25199362041467,0.04998779296875,0.03786942205931011,3,A1
9,1,180,24.444444444444443,75.55555555555556,28.266879319510895,72.05521458153036,0.04998779296875,0.03786942205931011,3,A1
9,2,180,34.44444444444444,87.77777777777777,38.522320631131414,87.99648119819582,0.04998779296875,0.03786942205931011,3,A1
9,3,180,2.2222222222222223,90.55555555555556,4.0,90.77575465365817,0.04998779296875,0.03786942205931011,3,A1
9,4,180,10.555555555555555,73.33333333333333,14.992025518341306,72.3199737270268,0.04998779296875,0.03786942205931011,3,A1
9,5,180,42.77777777777778,88.88888888888889,47.83736904183723,89.40414174544988,0.04998779296875,0.03786942205931011,3,A1
9,6,180,26.666666666666668,90.55555555555556,36.89510489510489,91.0065899552257,0.04998779296875,0.03786942205931011,3,A1
9,7,180,3.888888888888889,71.11111111111111,6.54970760233918,70.90170227616426,0.04998779296875,0.03786942205931011,3,A1
9,8,180,36.111111111111114,77.77777777777777,34.558025953374795,76.83844031521518,0.04998779296875,0.03786942205931011,3,A1
9,9,72,6.944444444444445,94.44444444444444,12.702702702702704,94.44015444015443,0.04998779296875,0.03786942205931011,3,A1
10,0,180,52.77777777777778,88.33333333333333,57.68428184281843,89.20505795248879,0.04998779296875,0.037856066109318486,3,A1
10,1,180,25.0,70.55555555555556,29.23853923853924,72.12329191953891,0.04998779296875,0.037856066109318486,3,A1
10,2,180,34.44444444444444,86.66666666666667,38.327748178494446,86.64612100228538,0.04998779296875,0.037856066109318486,3,A1
10,3,180,2.2222222222222223,89.44444444444444,4.0,89.53621444942529,0.04998779296875,0.037856066109318486,3,A1
10,4,180,10.555555555555555,68.88888888888889,14.992025518341306,70.12503282560452,0.04998779296875,0.037856066109318486,3,A1
10,5,180,42.77777777777778,90.55555555555556,47.83736904183723,91.17691665060086,0.04998779296875,0.037856066109318486,3,A1
10,6,180,27.22222222222222,90.55555555555556,37.69244708779593,90.49358788489222,0.04998779296875,0.037856066109318486,3,A1
10,7,180,3.888888888888889,85.0,6.54970760233918,86.75824175824177,0.04998779296875,0.037856066109318486,3,A1
10,8,180,36.666666666666664,82.22222222222223,34.93854345717996,82.29502770872634,0.04998779296875,0.037856066109318486,3,A1
10,9,72,6.944444444444445,94.44444444444444,12.702702702702704,94.44015444015443,0.04998779296875,0.037856066109318486,3,A1
10,0,180,52.77777777777778,88.33333333333333,57.68428184281843,89.20505795248879,0.04998779296875,0.037856066109318486,3,A1
10,1,180,25.0,70.55555555555556,29.23853923853924,72.12329191953891,0.04998779296875,0.037856066109318486,3,A1
10,2,180,34.44444444444444,86.66666666666667,38.327748178494446,86.64612100228538,0.04998779296875,0.037856066109318486,3,A1
10,3,180,2.2222222222222223,89.44444444444444,4.0,89.53621444942529,0.04998779296875,0.037856066109318486,3,A1
10,4,180,10.555555555555555,68.88888888888889,14.992025518341306,70.12503282560452,0.04998779296875,0.037856066109318486,3,A1
10,5,180,42.77777777777778,90.55555555555556,47.83736904183723,91.17691665060086,0.04998779296875,0.037856066109318486,3,A1
10,6,180,27.22222222222222,90.55555555555556,37.69244708779593,90.49358788489222,0.04998779296875,0.037856066109318486,3,A1
10,7,180,3.888888888888889,85.0,6.54970760233918,86.75824175824177,0.04998779296875,0.037856066109318486,3,A1
10,8,180,36.666666666666664,82.22222222222223,34.93854345717996,82.29502770872634,0.04998779296875,0.037856066109318486,3,A1
10,9,72,6.944444444444445,94.44444444444444,12.702702702702704,94.44015444015443,0.04998779296875,0.037856066109318486,3,A1
11,0,180,52.22222222222222,87.77777777777777,57.277502181801474,88.75015882400014,0.04998779296875,0.03785079070612004,3,A1
11,1,180,24.444444444444443,70.0,28.266879319510895,66.65641952983725,0.04998779296875,0.03785079070612004,3,A1
11,2,180,33.888888888888886,87.77777777777777,37.768611172559176,87.83813827853099,0.04998779296875,0.03785079070612004,3,A1
11,3,180,2.2222222222222223,91.11111111111111,4.0,91.26903613350407,0.04998779296875,0.03785079070612004,3,A1
11,4,180,10.555555555555555,75.0,14.992025518341306,79.43920825294984,0.04998779296875,0.03785079070612004,3,A1
11,5,180,43.333333333333336,90.55555555555556,48.15818281335523,90.83301789184142,0.04998779296875,0.03785079070612004,3,A1
11,6,180,26.11111111111111,91.11111111111111,36.410256410256416,91.4168562511126,0.04998779296875,0.03785079070612004,3,A1
11,7,180,3.888888888888889,82.77777777777777,6.54970760233918,83.44439979143175,0.04998779296875,0.03785079070612004,3,A1
11,8,180,36.111111111111114,74.44444444444444,34.73385012919897,73.45543345543345,0.04998779296875,0.03785079070612004,3,A1
11,9,72,6.944444444444445,97.22222222222223,12.702702702702704,97.22222222222221,0.04998779296875,0.03785079070612004,3,A1
11,0,180,52.22222222222222,87.77777777777777,57.277502181801474,88.75015882400014,0.04998779296875,0.03785079070612004,3,A1
11,1,180,24.444444444444443,70.0,28.266879319510895,66.65641952983725,0.04998779296875,0.03785079070612004,3,A1
11,2,180,33.888888888888886,87.77777777777777,37.768611172559176,87.83813827853099,0.04998779296875,0.03785079070612004,3,A1
11,3,180,2.2222222222222223,91.11111111111111,4.0,91.26903613350407,0.04998779296875,0.03785079070612004,3,A1
11,4,180,10.555555555555555,75.0,14.992025518341306,79.43920825294984,0.04998779296875,0.03785079070612004,3,A1
11,5,180,43.333333333333336,90.55555555555556,48.15818281335523,90.83301789184142,0.04998779296875,0.03785079070612004,3,A1
11,6,180,26.11111111111111,91.11111111111111,36.410256410256416,91.4168562511126,0.04998779296875,0.03785079070612004,3,A1
11,7,180,3.888888888888889,82.77777777777777,6.54970760233918,83.44439979143175,0.04998779296875,0.03785079070612004,3,A1
11,8,180,36.111111111111114,74.44444444444444,34.73385012919897,73.45543345543345,0.04998779296875,0.03785079070612004,3,A1
11,9,72,6.944444444444445,97.22222222222223,12.702702702702704,97.22222222222221,0.04998779296875,0.03785079070612004,3,A1
12,0,180,52.77777777777778,88.88888888888889,57.68428184281843,89.82447735592926,0.04998779296875,0.03784573803606786,3,A1
12,1,180,25.0,80.0,29.23853923853924,80.82201477910964,0.04998779296875,0.03784573803606786,3,A1
12,2,180,34.44444444444444,83.33333333333333,38.327748178494446,83.11369663325767,0.04998779296875,0.03784573803606786,3,A1
12,3,180,2.2222222222222223,90.55555555555556,4.0,90.42515529857302,0.04998779296875,0.03784573803606786,3,A1
12,4,180,10.555555555555555,81.66666666666667,14.992025518341306,81.60501842790276,0.04998779296875,0.03784573803606786,3,A1
12,5,180,42.77777777777778,90.55555555555556,47.83736904183723,91.731104576175,0.04998779296875,0.03784573803606786,3,A1
12,6,180,26.666666666666668,90.55555555555556,36.89510489510489,90.67044055377039,0.04998779296875,0.03784573803606786,3,A1
12,7,180,3.888888888888889,86.66666666666667,6.54970760233918,87.39192754548638,0.04998779296875,0.03784573803606786,3,A1
12,8,180,36.666666666666664,80.0,34.93854345717996,80.2749748545513,0.04998779296875,0.03784573803606786,3,A1
12,9,72,6.944444444444445,98.61111111111111,12.702702702702704,98.610843141038,0.04998779296875,0.03784573803606786,3,A1
12,0,180,52.77777777777778,88.88888888888889,57.68428184281843,89.82447735592926,0.04998779296875,0.03784573803606786,3,A1
12,1,180,25.0,80.0,29.23853923853924,80.82201477910964,0.04998779296875,0.03784573803606786,3,A1
12,2,180,34.44444444444444,83.33333333333333,38.327748178494446,83.11369663325767,0.04998779296875,0.03784573803606786,3,A1
12,3,180,2.2222222222222223,90.55555555555556,4.0,90.42515529857302,0.04998779296875,0.03784573803606786,3,A1
12,4,180,10.555555555555555,81.66666666666667,14.992025518341306,81.60501842790276,0.04998779296875,0.03784573803606786,3,A1
12,5,180,42.77777777777778,90.55555555555556,47.83736904183723,91.731104576175,0.04998779296875,0.03784573803606786,3,A1
12,6,180,26.666666666666668,90.55555555555556,36.89510489510489,90.67044055377039,0.04998779296875,0.03784573803606786,3,A1
12,7,180,3.888888888888889,86.66666666666667,6.54970760233918,87.39192754548638,0.04998779296875,0.03784573803606786,3,A1
12,8,180,36.666666666666664,80.0,34.93854345717996,80.2749748545513,0.04998779296875,0.03784573803606786,3,A1
12,9,72,6.944444444444445,98.61111111111111,12.702702702702704,98.610843141038,0.04998779296875,0.03784573803606786,3,A1
13,0,180,52.22222222222222,90.0,57.277502181801474,91.13167534220166,0.04998779296875,0.03782605399426661,3,A1
13,1,180,24.444444444444443,78.88888888888889,28.266879319510895,75.63444237128448,0.04998779296875,0.03782605399426661,3,A1
13,2,180,34.44444444444444,85.55555555555556,38.522320631131414,85.43583398957632,0.04998779296875,0.03782605399426661,3,A1
13,3,180,2.2222222222222223,92.22222222222223,4.0,92.12085782508318,0.04998779296875,0.03782605399426661,3,A1
13,4,180,10.555555555555555,85.55555555555556,14.992025518341306,86.37014436417422,0.04998779296875,0.03782605399426661,3,A1
13,5,180,42.77777777777778,89.44444444444444,47.83736904183723,90.54720605889018,0.04998779296875,0.03782605399426661,3,A1
13,6,180,26.666666666666668,91.11111111111111,36.89510489510489,91.1927350604978,0.04998779296875,0.03782605399426661,3,A1
13,7,180,3.888888888888889,90.55555555555556,6.54970760233918,90.71676975432842,0.04998779296875,0.03782605399426661,3,A1
13,8,180,36.666666666666664,82.77777777777777,34.93854345717996,82.86183743614896,0.04998779296875,0.03782605399426661,3,A1
13,9,72,6.944444444444445,95.83333333333333,12.702702702702704,95.83252942311402,0.04998779296875,0.03782605399426661,3,A1
13,0,180,52.22222222222222,90.0,57.277502181801474,91.13167534220166,0.04998779296875,0.03782605399426661,3,A1
13,1,180,24.444444444444443,78.88888888888889,28.266879319510895,75.63444237128448,0.04998779296875,0.03782605399426661,3,A1
13,2,180,34.44444444444444,85.55555555555556,38.522320631131414,85.43583398957632,0.04998779296875,0.03782605399426661,3,A1
13,3,180,2.2222222222222223,92.22222222222223,4.0,92.12085782508318,0.04998779296875,0.03782605399426661,3,A1
13,4,180,10.555555555555555,85.55555555555556,14.992025518341306,86.37014436417422,0.04998779296875,0.03782605399426661,3,A1
13,5,180,42.77777777777778,89.44444444444444,47.83736904183723,90.54720605889018,0.04998779296875,0.03782605399426661,3,A1
13,6,180,26.666666666666668,91.11111111111111,36.89510489510489,91.1927350604978,0.04998779296875,0.03782605399426661,3,A1
13,7,180,3.888888888888889,90.55555555555556,6.54970760233918,90.71676975432842,0.04998779296875,0.03782605399426661,3,A1
13,8,180,36.666666666666664,82.77777777777777,34.93854345717996,82.86183743614896,0.04998779296875,0.03782605399426661,3,A1
13,9,72,6.944444444444445,95.83333333333333,12.702702702702704,95.83252942311402,0.04998779296875,0.03782605399426661,3,A1
14,0,180,52.77777777777778,88.33333333333333,57.68428184281843,89.29178656166388,0.04998779296875,0.03781903946870252,3,A1
14,1,180,25.0,87.77777777777777,29.23853923853924,88.33565093443141,0.04998779296875,0.03781903946870252,3,A1
14,2,180,34.44444444444444,85.55555555555556,38.327748178494446,85.19316833401341,0.04998779296875,0.03781903946870252,3,A1
14,3,180,2.2222222222222223,92.22222222222223,4.0,92.12085782508318,0.04998779296875,0.03781903946870252,3,A1
14,4,180,10.555555555555555,83.88888888888889,14.992025518341306,84.20603859978006,0.04998779296875,0.03781903946870252,3,A1
14,5,180,42.77777777777778,86.11111111111111,47.83736904183723,88.87878439046851,0.04998779296875,0.03781903946870252,3,A1
14,6,180,26.666666666666668,91.11111111111111,36.89510489510489,91.38056203025474,0.04998779296875,0.03781903946870252,3,A1
14,7,180,3.888888888888889,92.22222222222223,6.54970760233918,92.96863604425418,0.04998779296875,0.03781903946870252,3,A1
14,8,180,36.666666666666664,82.77777777777777,34.93854345717996,82.89455047779057,0.04998779296875,0.03781903946870252,3,A1
14,9,72,6.944444444444445,97.22222222222223,12.702702702702704,97.22222222222221,0.04998779296875,0.03781903946870252,3,A1
14,0,180,52.77777777777778,88.33333333333333,57.68428184281843,89.29178656166388,0.04998779296875,0.03781903946870252,3,A1
14,1,180,25.0,87.77777777777777,29.23853923853924,88.33565093443141,0.04998779296875,0.03781903946870252,3,A1
14,2,180,34.44444444444444,85.55555555555556,38.327748178494446,85.19316833401341,0.04998779296875,0.03781903946870252,3,A1
14,3,180,2.2222222222222223,92.22222222222223,4.0,92.12085782508318,0.04998779296875,0.03781903946870252,3,A1
14,4,180,10.555555555555555,83.88888888888889,14.992025518341306,84.20603859978006,0.04998779296875,0.03781903946870252,3,A1
14,5,180,42.77777777777778,86.11111111111111,47.83736904183723,88.87878439046851,0.04998779296875,0.03781903946870252,3,A1
14,6,180,26.666666666666668,91.11111111111111,36.89510489510489,91.38056203025474,0.04998779296875,0.03781903946870252,3,A1
14,7,180,3.888888888888889,92.22222222222223,6.54970760233918,92.96863604425418,0.04998779296875,0.03781903946870252,3,A1
14,8,180,36.666666666666664,82.77777777777777,34.93854345717996,82.89455047779057,0.04998779296875,0.03781903946870252,3,A1
14,9,72,6.944444444444445,97.22222222222223,12.702702702702704,97.22222222222221,0.04998779296875,0.03781903946870252,3,A1
15,0,180,52.22222222222222,90.0,57.277502181801474,91.38447174897443,0.04998779296875,0.037814789500675704,3,A1
15,1,180,24.444444444444443,77.77777777777777,28.266879319510895,75.53405266985969,0.04998779296875,0.037814789500675704,3,A1
15,2,180,34.44444444444444,89.44444444444444,38.327748178494446,89.3404743383923,0.04998779296875,0.037814789500675704,3,A1
15,3,180,2.2222222222222223,92.77777777777777,4.0,92.67968220207025,0.04998779296875,0.037814789500675704,3,A1
15,4,180,10.555555555555555,88.33333333333333,14.992025518341306,88.21091540373806,0.04998779296875,0.037814789500675704,3,A1
15,5,180,42.77777777777778,91.11111111111111,47.83736904183723,91.43286384976525,0.04998779296875,0.037814789500675704,3,A1
15,6,180,26.11111111111111,90.55555555555556,36.410256410256416,90.66966033338836,0.04998779296875,0.037814789500675704,3,A1
15,7,180,3.888888888888889,87.22222222222223,6.54970760233918,87.98525210166719,0.04998779296875,0.037814789500675704,3,A1
15,8,180,36.111111111111114,86.11111111111111,34.558025953374795,86.32076049986497,0.04998779296875,0.037814789500675704,3,A1
15,9,72,6.944444444444445,97.22222222222223,12.702702702702704,97.22222222222221,0.04998779296875,0.037814789500675704,3,A1
15,0,180,52.22222222222222,90.0,57.277502181801474,91.38447174897443,0.04998779296875,0.037814789500675704,3,A1
15,1,180,24.444444444444443,77.77777777777777,28.266879319510895,75.53405266985969,0.04998779296875,0.037814789500675704,3,A1
15,2,180,34.44444444444444,89.44444444444444,38.327748178494446,89.3404743383923,0.04998779296875,0.037814789500675704,3,A1
15,3,180,2.2222222222222223,92.77777777777777,4.0,92.67968220207025,0.04998779296875,0.037814789500675704,3,A1
15,4,180,10.555555555555555,88.33333333333333,14.992025518341306,88.21091540373806,0.04998779296875,0.037814789500675704,3,A1
15,5,180,42.77777777777778,91.11111111111111,47.83736904183723,91.43286384976525,0.04998779296875,0.037814789500675704,3,A1
15,6,180,26.11111111111111,90.55555555555556,36.410256410256416,90.66966033338836,0.04998779296875,0.037814789500675704,3,A1
15,7,180,3.888888888888889,87.22222222222223,6.54970760233918,87.98525210166719,0.04998779296875,0.037814789500675704,3,A1
15,8,180,36.111111111111114,86.11111111111111,34.558025953374795,86.32076049986497,0.04998779296875,0.037814789500675704,3,A1
15,9,72,6.944444444444445,97.22222222222223,12.702702702702704,97.22222222222221,0.04998779296875,0.037814789500675704,3,A1
16,0,180,52.77777777777778,89.44444444444444,57.68428184281843,89.6486863925984,0.04998779296875,0.03780802927519146,3,A1
16,1,180,24.444444444444443,87.77777777777777,28.266879319510895,88.10765374975902,0.04998779296875,0.03780802927519146,3,A1
16,2,180,34.44444444444444,87.22222222222223,38.327748178494446,86.9723891132342,0.04998779296875,0.03780802927519146,3,A1
16,3,180,2.2222222222222223,91.66666666666667,4.0,91.55736643526996,0.04998779296875,0.03780802927519146,3,A1
16,4,180,10.555555555555555,86.66666666666667,14.992025518341306,86.86911310532454,0.04998779296875,0.03780802927519146,3,A1
16,5,180,42.77777777777778,92.22222222222223,47.83736904183723,92.4972972972973,0.04998779296875,0.03780802927519146,3,A1
16,6,180,26.666666666666668,91.11111111111111,36.89510489510489,91.13090322318872,0.04998779296875,0.03780802927519146,3,A1
16,7,180,3.888888888888889,70.0,6.54970760233918,67.5205960594955,0.04998779296875,0.03780802927519146,3,A1
16,8,180,36.666666666666664,85.0,34.93854345717996,84.73281073609978,0.04998779296875,0.03780802927519146,3,A1
16,9,72,6.944444444444445,98.61111111111111,12.702702702702704,98.610843141038,0.04998779296875,0.03780802927519146,3,A1
16,0,180,52.77777777777778,89.44444444444444,57.68428184281843,89.6486863925984,0.04998779296875,0.03780802927519146,3,A1
16,1,180,24.444444444444443,87.77777777777777,28.266879319510895,88.10765374975902,0.04998779296875,0.03780802927519146,3,A1
16,2,180,34.44444444444444,87.22222222222223,38.327748178494446,86.9723891132342,0.04998779296875,0.03780802927519146,3,A1
16,3,180,2.2222222222222223,91.66666666666667,4.0,91.55736643526996,0.04998779296875,0.03780802927519146,3,A1
16,4,180,10.555555555555555,86.66666666666667,14.992025518341306,86.86911310532454,0.04998779296875,0.03780802927519146,3,A1
16,5,180,42.77777777777778,92.22222222222223,47.83736904183723,92.4972972972973,0.04998779296875,0.03780802927519146,3,A1
16,6,180,26.666666666666668,91.11111111111111,36.89510489510489,91.13090322318872,0.04998779296875,0.03780802927519146,3,A1
16,7,180,3.888888888888889,70.0,6.54970760233918,67.5205960594955,0.04998779296875,0.03780802927519146,3,A1
16,8,180,36.666666666666664,85.0,34.93854345717996,84.73281073609978,0.04998779296875,0.03780802927519146,3,A1
16,9,72,6.944444444444445,98.61111111111111,12.702702702702704,98.610843141038,0.04998779296875,0.03780802927519146,3,A1
17,0,180,52.77777777777778,90.55555555555556,57.68428184281843,91.76235635513038,0.04998779296875,0.03779594208064832,3,A1
17,1,180,24.444444444444443,81.11111111111111,28.266879319510895,79.25073177480793,0.04998779296875,0.03779594208064832,3,A1
17,2,180,33.888888888888886,87.22222222222223,37.768611172559176,86.83904683904684,0.04998779296875,0.03779594208064832,3,A1
17,3,180,2.2222222222222223,92.22222222222223,4.0,92.45120975877555,0.04998779296875,0.03779594208064832,3,A1
17,4,180,10.555555555555555,87.22222222222223,14.992025518341306,87.23594228996505,0.04998779296875,0.03779594208064832,3,A1
17,5,180,42.77777777777778,91.11111111111111,47.83736904183723,91.30706722684675,0.04998779296875,0.03779594208064832,3,A1
17,6,180,26.11111111111111,89.44444444444444,36.410256410256416,89.6734130826734,0.04998779296875,0.03779594208064832,3,A1
17,7,180,3.888888888888889,73.33333333333333,6.54970760233918,70.58208731159552,0.04998779296875,0.03779594208064832,3,A1
17,8,180,36.111111111111114,85.0,34.73385012919897,84.54772500149664,0.04998779296875,0.03779594208064832,3,A1
17,9,72,6.944444444444445,98.61111111111111,12.702702702702704,98.610843141038,0.04998779296875,0.03779594208064832,3,A1
17,0,180,52.77777777777778,90.55555555555556,57.68428184281843,91.76235635513038,0.04998779296875,0.03779594208064832,3,A1
17,1,180,24.444444444444443,81.11111111111111,28.266879319510895,79.25073177480793,0.04998779296875,0.03779594208064832,3,A1
17,2,180,33.888888888888886,87.22222222222223,37.768611172559176,86.83904683904684,0.04998779296875,0.03779594208064832,3,A1
17,3,180,2.2222222222222223,92.22222222222223,4.0,92.45120975877555,0.04998779296875,0.03779594208064832,3,A1
17,4,180,10.555555555555555,87.22222222222223,14.992025518341306,87.23594228996505,0.04998779296875,0.03779594208064832,3,A1
17,5,180,42.77777777777778,91.11111111111111,47.83736904183723,91.30706722684675,0.04998779296875,0.03779594208064832,3,A1
17,6,180,26.11111111111111,89.44444444444444,36.410256410256416,89.6734130826734,0.04998779296875,0.03779594208064832,3,A1
17,7,180,3.888888888888889,73.33333333333333,6.54970760233918,70.58208731159552,0.04998779296875,0.03779594208064832,3,A1
17,8,180,36.111111111111114,85.0,34.73385012919897,84.54772500149664,0.04998779296875,0.03779594208064832,3,A1
17,9,72,6.944444444444445,98.61111111111111,12.702702702702704,98.610843141038,0.04998779296875,0.03779594208064832,3,A1
18,0,180,52.22222222222222,91.11111111111111,57.277502181801474,91.59991835068381,0.04998779296875,0.037788247787638715,3,A1
18,1,180,24.444444444444443,93.88888888888889,28.266879319510895,93.97242047105061,0.04998779296875,0.037788247787638715,3,A1
18,2,180,34.44444444444444,86.11111111111111,38.327748178494446,85.5773813432264,0.04998779296875,0.037788247787638715,3,A1
18,3,180,2.2222222222222223,92.22222222222223,4.0,92.15633624559985,0.04998779296875,0.037788247787638715,3,A1
18,4,180,11.11111111111111,83.33333333333333,15.857142857142858,82.85774160660662,0.04998779296875,0.037788247787638715,3,A1
18,5,180,42.77777777777778,91.11111111111111,47.83736904183723,91.3820849523053,0.04998779296875,0.037788247787638715,3,A1
18,6,180,26.666666666666668,87.77777777777777,36.89510489510489,90.15910587905542,0.04998779296875,0.037788247787638715,3,A1
18,7,180,3.888888888888889,77.77777777777777,6.54970760233918,78.33673318551368,0.04998779296875,0.037788247787638715,3,A1
18,8,180,36.666666666666664,85.0,34.93854345717996,85.04054954829368,0.04998779296875,0.037788247787638715,3,A1
18,9,72,6.944444444444445,94.44444444444444,12.702702702702704,94.44015444015443,0.04998779296875,0.037788247787638715,3,A1
18,0,180,52.22222222222222,91.11111111111111,57.277502181801474,91.59991835068381,0.04998779296875,0.037788247787638715,3,A1
18,1,180,24.444444444444443,93.88888888888889,28.266879319510895,93.97242047105061,0.04998779296875,0.037788247787638715,3,A1
18,2,180,34.44444444444444,86.11111111111111,38.327748178494446,85.5773813432264,0.04998779296875,0.037788247787638715,3,A1
18,3,180,2.2222222222222223,92.22222222222223,4.0,92.15633624559985,0.04998779296875,0.037788247787638715,3,A1
18,4,180,11.11111111111111,83.33333333333333,15.857142857142858,82.85774160660662,0.04998779296875,0.037788247787638715,3,A1
18,5,180,42.77777777777778,91.11111111111111,47.83736904183723,91.3820849523053,0.04998779296875,0.037788247787638715,3,A1
18,6,180,26.666666666666668,87.77777777777777,36.89510489510489,90.15910587905542,0.04998779296875,0.037788247787638715,3,A1
18,7,180,3.888888888888889,77.77777777777777,6.54970760233918,78.33673318551368,0.04998779296875,0.037788247787638715,3,A1
18,8,180,36.666666666666664,85.0,34.93854345717996,85.04054954829368,0.04998779296875,0.037788247787638715,3,A1
18,9,72,6.944444444444445,94.44444444444444,12.702702702702704,94.44015444015443,0.04998779296875,0.037788247787638715,3,A1
19,0,180,52.77777777777778,93.33333333333333,57.68428184281843,93.83736207197524,0.04998779296875,0.03777508653308216,3,A1
19,1,180,24.444444444444443,88.33333333333333,28.266879319510895,88.34834834834835,0.04998779296875,0.03777508653308216,3,A1
19,2,180,34.44444444444444,86.66666666666667,38.327748178494446,86.49655015110909,0.04998779296875,0.03777508653308216,3,A1
19,3,180,2.2222222222222223,92.22222222222223,4.0,92.12507821203474,0.04998779296875,0.03777508653308216,3,A1
19,4,180,10.555555555555555,84.44444444444444,14.992025518341306,84.9586491939433,0.04998779296875,0.03777508653308216,3,A1
19,5,180,42.77777777777778,91.66666666666667,47.83736904183723,91.77069047304738,0.04998779296875,0.03777508653308216,3,A1
19,6,180,27.22222222222222,92.22222222222223,37.69244708779593,92.2395017751055,0.04998779296875,0.03777508653308216,3,A1
19,7,180,3.888888888888889,83.33333333333333,6.54970760233918,83.07371340673183,0.04998779296875,0.03777508653308216,3,A1
19,8,180,36.111111111111114,86.66666666666667,34.558025953374795,86.85675744499275,0.04998779296875,0.03777508653308216,3,A1
19,9,72,6.944444444444445,95.83333333333333,12.702702702702704,95.82608695652173,0.04998779296875,0.03777508653308216,3,A1
19,0,180,52.77777777777778,93.33333333333333,57.68428184281843,93.83736207197524,0.04998779296875,0.03777508653308216,3,A1
19,1,180,24.444444444444443,88.33333333333333,28.266879319510895,88.34834834834835,0.04998779296875,0.03777508653308216,3,A1
19,2,180,34.44444444444444,86.66666666666667,38.327748178494446,86.49655015110909,0.04998779296875,0.03777508653308216,3,A1
19,3,180,2.2222222222222223,92.22222222222223,4.0,92.12507821203474,0.04998779296875,0.03777508653308216,3,A1
19,4,180,10.555555555555555,84.44444444444444,14.992025518341306,84.9586491939433,0.04998779296875,0.03777508653308216,3,A1
19,5,180,42.77777777777778,91.66666666666667,47.83736904183723,91.77069047304738,0.04998779296875,0.03777508653308216,3,A1
19,6,180,27.22222222222222,92.22222222222223,37.69244708779593,92.2395017751055,0.04998779296875,0.03777508653308216,3,A1
19,7,180,3.888888888888889,83.33333333333333,6.54970760233918,83.07371340673183,0.04998779296875,0.03777508653308216,3,A1
19,8,180,36.111111111111114,86.66666666666667,34.558025953374795,86.85675744499275,0.04998779296875,0.03777508653308216,3,A1
19,9,72,6.944444444444445,95.83333333333333,12.702702702702704,95.82608695652173,0.04998779296875,0.03777508653308216,3,A1
20,0,180,52.22222222222222,92.22222222222223,57.277502181801474,92.73172632633748,0.04998779296875,0.037768940196225516,3,A1
20,1,180,24.444444444444443,92.22222222222223,28.266879319510895,92.88660420391986,0.04998779296875,0.037768940196225516,3,A1
20,2,180,34.44444444444444,85.55555555555556,38.327748178494446,84.80525961946948,0.04998779296875,0.037768940196225516,3,A1
20,3,180,2.2222222222222223,91.66666666666667,4.0,91.58835950311118,0.04998779296875,0.037768940196225516,3,A1
20,4,180,10.555555555555555,87.22222222222223,14.992025518341306,87.04989747095009,0.04998779296875,0.037768940196225516,3,A1
20,5,180,42.77777777777778,91.66666666666667,47.83736904183723,91.98168350407157,0.04998779296875,0.037768940196225516,3,A1
20,6,180,27.22222222222222,91.66666666666667,37.69244708779593,91.72478960252424,0.04998779296875,0.037768940196225516,3,A1
20,7,180,3.888888888888889,92.77777777777777,6.650717703349282,93.00531805276717,0.04998779296875,0.037768940196225516,3,A1
20,8,180,36.111111111111114,87.77777777777777,34.558025953374795,88.03407895974516,0.04998779296875,0.037768940196225516,3,A1
20,9,72,6.944444444444445,95.83333333333333,12.702702702702704,95.83252942311402,0.04998779296875,0.037768940196225516,3,A1
20,0,180,52.22222222222222,92.22222222222223,57.277502181801474,92.73172632633748,0.04998779296875,0.037768940196225516,3,A1
20,1,180,24.444444444444443,92.22222222222223,28.266879319510895,92.88660420391986,0.04998779296875,0.037768940196225516,3,A1
20,2,180,34.44444444444444,85.55555555555556,38.327748178494446,84.80525961946948,0.04998779296875,0.037768940196225516,3,A1
20,3,180,2.2222222222222223,91.66666666666667,4.0,91.58835950311118,0.04998779296875,0.037768940196225516,3,A1
20,4,180,10.555555555555555,87.22222222222223,14.992025518341306,87.04989747095009,0.04998779296875,0.037768940196225516,3,A1
20,5,180,42.77777777777778,91.66666666666667,47.83736904183723,91.98168350407157,0.04998779296875,0.037768940196225516,3,A1
20,6,180,27.22222222222222,91.66666666666667,37.69244708779593,91.72478960252424,0.04998779296875,0.037768940196225516,3,A1
20,7,180,3.888888888888889,92.77777777777777,6.650717703349282,93.00531805276717,0.04998779296875,0.037768940196225516,3,A1
20,8,180,36.111111111111114,87.77777777777777,34.558025953374795,88.03407895974516,0.04998779296875,0.037768940196225516,3,A1
20,9,72,6.944444444444445,95.83333333333333,12.702702702702704,95.83252942311402,0.04998779296875,0.037768940196225516,3,A1
21,0,180,52.77777777777778,92.77777777777777,57.68428184281843,93.27740477369325,0.04998779296875,0.03776579330626287,3,A1
21,1,180,24.444444444444443,93.33333333333333,28.266879319510895,93.24679943100996,0.04998779296875,0.03776579330626287,3,A1
21,2,180,34.44444444444444,84.44444444444444,38.327748178494446,84.67561536315259,0.04998779296875,0.03776579330626287,3,A1
21,3,180,2.2222222222222223,91.66666666666667,4.0,91.55213942555716,0.04998779296875,0.03776579330626287,3,A1
21,4,180,10.555555555555555,86.66666666666667,14.992025518341306,87.10487844496183,0.04998779296875,0.03776579330626287,3,A1
21,5,180,42.77777777777778,90.0,47.83736904183723,90.39078039078039,0.04998779296875,0.03776579330626287,3,A1
21,6,180,26.666666666666668,90.55555555555556,36.89510489510489,90.55382997389832,0.04998779296875,0.03776579330626287,3,A1
21,7,180,3.888888888888889,90.0,6.54970760233918,89.82614032503561,0.04998779296875,0.03776579330626287,3,A1
21,8,180,36.666666666666664,89.44444444444444,34.93854345717996,89.61671909559401,0.04998779296875,0.03776579330626287,3,A1
21,9,72,6.944444444444445,95.83333333333333,12.702702702702704,95.82608695652173,0.04998779296875,0.03776579330626287,3,A1
21,0,180,52.77777777777778,92.77777777777777,57.68428184281843,93.27740477369325,0.04998779296875,0.03776579330626287,3,A1
21,1,180,24.444444444444443,93.33333333333333,28.266879319510895,93.24679943100996,0.04998779296875,0.03776579330626287,3,A1
21,2,180,34.44444444444444,84.44444444444444,38.327748178494446,84.67561536315259,0.04998779296875,0.03776579330626287,3,A1
21,3,180,2.2222222222222223,91.66666666666667,4.0,91.55213942555716,0.04998779296875,0.03776579330626287,3,A1
21,4,180,10.555555555555555,86.66666666666667,14.992025518341306,87.10487844496183,0.04998779296875,0.03776579330626287,3,A1
21,5,180,42.77777777777778,90.0,47.83736904183723,90.39078039078039,0.04998779296875,0.03776579330626287,3,A1
21,6,180,26.666666666666668,90.55555555555556,36.89510489510489,90.55382997389832,0.04998779296875,0.03776579330626287,3,A1
21,7,180,3.888888888888889,90.0,6.54970760233918,89.82614032503561,0.04998779296875,0.03776579330626287,3,A1
21,8,180,36.666666666666664,89.44444444444444,34.93854345717996,89.61671909559401,0.04998779296875,0.03776579330626287,3,A1
21,9,72,6.944444444444445,95.83333333333333,12.702702702702704,95.82608695652173,0.04998779296875,0.03776579330626287,3,A1
22,0,180,52.77777777777778,92.22222222222223,57.68428184281843,92.72204700360822,0.04998779296875,0.03776047398385249,3,A1
22,1,180,25.0,91.66666666666667,29.23853923853924,91.79969722680721,0.04998779296875,0.03776047398385249,3,A1
22,2,180,34.44444444444444,86.11111111111111,38.327748178494446,86.45478292915202,0.04998779296875,0.03776047398385249,3,A1
22,3,180,2.2222222222222223,92.22222222222223,4.0,92.1312295010925,0.04998779296875,0.03776047398385249,3,A1
22,4,180,10.555555555555555,87.22222222222223,14.992025518341306,87.0401032360532,0.04998779296875,0.03776047398385249,3,A1
22,5,180,42.77777777777778,91.66666666666667,47.83736904183723,91.60237426970559,0.04998779296875,0.03776047398385249,3,A1
22,6,180,25.0,91.66666666666667,35.38461538461538,91.74148218819231,0.04998779296875,0.03776047398385249,3,A1
22,7,180,3.888888888888889,94.44444444444444,6.54970760233918,94.43761999044906,0.04998779296875,0.03776047398385249,3,A1
22,8,180,36.111111111111114,89.44444444444444,34.558025953374795,89.623405566021,0.04998779296875,0.03776047398385249,3,A1
22,9,72,6.944444444444445,95.83333333333333,12.702702702702704,95.83252942311402,0.04998779296875,0.03776047398385249,3,A1
22,0,180,52.77777777777778,92.22222222222223,57.68428184281843,92.72204700360822,0.04998779296875,0.03776047398385249,3,A1
22,1,180,25.0,91.66666666666667,29.23853923853924,91.79969722680721,0.04998779296875,0.03776047398385249,3,A1
22,2,180,34.44444444444444,86.11111111111111,38.327748178494446,86.45478292915202,0.04998779296875,0.03776047398385249,3,A1
22,3,180,2.2222222222222223,92.22222222222223,4.0,92.1312295010925,0.04998779296875,0.03776047398385249,3,A1
22,4,180,10.555555555555555,87.22222222222223,14.992025518341306,87.0401032360532,0.04998779296875,0.03776047398385249,3,A1
22,5,180,42.77777777777778,91.66666666666667,47.83736904183723,91.60237426970559,0.04998779296875,0.03776047398385249,3,A1
22,6,180,25.0,91.66666666666667,35.38461538461538,91.74148218819231,0.04998779296875,0.03776047398385249,3,A1
22,7,180,3.888888888888889,94.44444444444444,6.54970760233918,94.43761999044906,0.04998779296875,0.03776047398385249,3,A1
22,8,180,36.111111111111114,89.44444444444444,34.558025953374795,89.623405566021,0.04998779296875,0.03776047398385249,3,A1
22,9,72,6.944444444444445,95.83333333333333,12.702702702702704,95.83252942311402,0.04998779296875,0.03776047398385249,3,A1
23,0,180,52.77777777777778,87.77777777777777,57.68428184281843,89.83709502065666,0.04998779296875,0.03775744591104357,3,A1
23,1,180,25.0,92.22222222222223,29.23853923853924,92.36956079976675,0.04998779296875,0.03775744591104357,3,A1
23,2,180,33.333333333333336,84.44444444444444,37.383685705020206,83.63585245164194,0.04998779296875,0.03775744591104357,3,A1
23,3,180,2.2222222222222223,92.22222222222223,4.0,92.13081813081813,0.04998779296875,0.03775744591104357,3,A1
23,4,180,10.555555555555555,86.66666666666667,14.858934169278998,86.71752080368768,0.04998779296875,0.03775744591104357,3,A1
23,5,180,42.77777777777778,92.22222222222223,47.83736904183723,92.43874838611681,0.04998779296875,0.03775744591104357,3,A1
23,6,180,26.666666666666668,91.11111111111111,36.89510489510489,91.16840904614367,0.04998779296875,0.03775744591104357,3,A1
23,7,180,3.888888888888889,92.22222222222223,6.54970760233918,92.46459172903663,0.04998779296875,0.03775744591104357,3,A1
23,8,180,36.111111111111114,88.88888888888889,34.558025953374795,89.03463562121392,0.04998779296875,0.03775744591104357,3,A1
23,9,72,6.944444444444445,97.22222222222223,12.702702702702704,97.22007722007721,0.04998779296875,0.03775744591104357,3,A1
23,0,180,52.77777777777778,87.77777777777777,57.68428184281843,89.83709502065666,0.04998779296875,0.03775744591104357,3,A1
23,1,180,25.0,92.22222222222223,29.23853923853924,92.36956079976675,0.04998779296875,0.03775744591104357,3,A1
23,2,180,33.333333333333336,84.44444444444444,37.383685705020206,83.63585245164194,0.04998779296875,0.03775744591104357,3,A1
23,3,180,2.2222222222222223,92.22222222222223,4.0,92.13081813081813,0.04998779296875,0.03775744591104357,3,A1
23,4,180,10.555555555555555,86.66666666666667,14.858934169278998,86.71752080368768,0.04998779296875,0.03775744591104357,3,A1
23,5,180,42.77777777777778,92.22222222222223,47.83736904183723,92.43874838611681,0.04998779296875,0.03775744591104357,3,A1
23,6,180,26.666666666666668,91.11111111111111,36.89510489510489,91.16840904614367,0.04998779296875,0.03775744591104357,3,A1
23,7,180,3.888888888888889,92.22222222222223,6.54970760233918,92.46459172903663,0.04998779296875,0.03775744591104357,3,A1
23,8,180,36.111111111111114,88.88888888888889,34.558025953374795,89.03463562121392,0.04998779296875,0.03775744591104357,3,A1
23,9,72,6.944444444444445,97.22222222222223,12.702702702702704,97.22007722007721,0.04998779296875,0.03775744591104357,3,A1
24,0,180,52.77777777777778,91.11111111111111,57.68428184281843,91.493245920536,0.04998779296875,0.03775572070949956,3,A1
24,1,180,24.444444444444443,92.77777777777777,28.266879319510895,93.19362095014269,0.04998779296875,0.03775572070949956,3,A1
24,2,180,33.888888888888886,89.44444444444444,37.95898663527731,89.28413631022327,0.04998779296875,0.03775572070949956,3,A1
24,3,180,2.2222222222222223,92.77777777777777,4.0,92.67756615125036,0.04998779296875,0.03775572070949956,3,A1
24,4,180,10.555555555555555,90.55555555555556,14.992025518341306,90.43806189677582,0.04998779296875,0.03775572070949956,3,A1
24,5,180,42.77777777777778,90.55555555555556,47.83736904183723,90.63348982785601,0.04998779296875,0.03775572070949956,3,A1
24,6,180,26.666666666666668,91.66666666666667,36.89510489510489,91.74186912519897,0.04998779296875,0.03775572070949956,3,A1
24,7,180,3.888888888888889,93.33333333333333,6.54970760233918,93.55527138391588,0.04998779296875,0.03775572070949956,3,A1
24,8,180,35.55555555555556,85.55555555555556,34.3426138224697,85.57724820746728,0.04998779296875,0.03775572070949956,3,A1
24,9,72,6.944444444444445,87.5,12.702702702702704,90.22556390977444,0.04998779296875,0.03775572070949956,3,A1
24,0,180,52.77777777777778,91.11111111111111,57.68428184281843,91.493245920536,0.04998779296875,0.03775572070949956,3,A1
24,1,180,24.444444444444443,92.77777777777777,28.266879319510895,93.19362095014269,0.04998779296875,0.03775572070949956,3,A1
24,2,180,33.888888888888886,89.44444444444444,37.95898663527731,89.28413631022327,0.04998779296875,0.03775572070949956,3,A1
24,3,180,2.2222222222222223,92.77777777777777,4.0,92.67756615125036,0.04998779296875,0.03775572070949956,3,A1
24,4,180,10.555555555555555,90.55555555555556,14.992025518341306,90.43806189677582,0.04998779296875,0.03775572070949956,3,A1
24,5,180,42.77777777777778,90.55555555555556,47.83736904183723,90.63348982785601,0.04998779296875,0.03775572070949956,3,A1
24,6,180,26.666666666666668,91.66666666666667,36.89510489510489,91.74186912519897,0.04998779296875,0.03775572070949956,3,A1
24,7,180,3.888888888888889,93.33333333333333,6.54970760233918,93.55527138391588,0.04998779296875,0.03775572070949956,3,A1
24,8,180,35.55555555555556,85.55555555555556,34.3426138224697,85.57724820746728,0.04998779296875,0.03775572070949956,3,A1
24,9,72,6.944444444444445,87.5,12.702702702702704,90.22556390977444,0.04998779296875,0.03775572070949956,3,A1
25,0,180,52.77777777777778,92.77777777777777,57.68428184281843,93.27740477369325,0.04998779296875,0.03775088783157499,3,A1
25,1,180,24.444444444444443,93.88888888888889,28.266879319510895,94.09209540941106,0.04998779296875,0.03775088783157499,3,A1
25,2,180,34.44444444444444,86.11111111111111,38.522320631131414,85.4473487131715,0.04998779296875,0.03775088783157499,3,A1
25,3,180,2.2222222222222223,91.66666666666667,4.0,91.56477110020886,0.04998779296875,0.03775088783157499,3,A1
25,4,180,10.555555555555555,88.88888888888889,14.992025518341306,88.85095244498228,0.04998779296875,0.03775088783157499,3,A1
25,5,180,42.77777777777778,91.66666666666667,47.83736904183723,91.66572954124442,0.04998779296875,0.03775088783157499,3,A1
25,6,180,26.666666666666668,91.66666666666667,36.89510489510489,91.75785285423507,0.04998779296875,0.03775088783157499,3,A1
25,7,180,3.888888888888889,91.11111111111111,6.54970760233918,90.87164523846722,0.04998779296875,0.03775088783157499,3,A1
25,8,180,36.111111111111114,87.77777777777777,34.558025953374795,87.57588417959916,0.04998779296875,0.03775088783157499,3,A1
25,9,72,6.944444444444445,91.66666666666667,12.702702702702704,92.88553259141494,0.04998779296875,0.03775088783157499,3,A1
25,0,180,52.77777777777778,92.77777777777777,57.68428184281843,93.27740477369325,0.04998779296875,0.03775088783157499,3,A1
25,1,180,24.444444444444443,93.88888888888889,28.266879319510895,94.09209540941106,0.04998779296875,0.03775088783157499,3,A1
25,2,180,34.44444444444444,86.11111111111111,38.522320631131414,85.4473487131715,0.04998779296875,0.03775088783157499,3,A1
25,3,180,2.2222222222222223,91.66666666666667,4.0,91.56477110020886,0.04998779296875,0.03775088783157499,3,A1
25,4,180,10.555555555555555,88.88888888888889,14.992025518341306,88.85095244498228,0.04998779296875,0.03775088783157499,3,A1
25,5,180,42.77777777777778,91.66666666666667,47.83736904183723,91.66572954124442,0.04998779296875,0.03775088783157499,3,A1
25,6,180,26.666666666666668,91.66666666666667,36.89510489510489,91.75785285423507,0.04998779296875,0.03775088783157499,3,A1
25,7,180,3.888888888888889,91.11111111111111,6.54970760233918,90.87164523846722,0.04998779296875,0.03775088783157499,3,A1
25,8,180,36.111111111111114,87.77777777777777,34.558025953374795,87.57588417959916,0.04998779296875,0.03775088783157499,3,A1
25,9,72,6.944444444444445,91.66666666666667,12.702702702702704,92.88553259141494,0.04998779296875,0.03775088783157499,3,A1
26,0,180,52.77777777777778,92.77777777777777,57.68428184281843,93.25323412634464,0.04998779296875,0.03774713724851608,3,A1
26,1,180,25.0,93.33333333333333,29.23853923853924,93.50750424994148,0.04998779296875,0.03774713724851608,3,A1
26,2,180,33.888888888888886,87.77777777777777,37.768611172559176,88.13817553543582,0.04998779296875,0.03774713724851608,3,A1
26,3,180,2.2222222222222223,92.22222222222223,4.0,92.43317907510722,0.04998779296875,0.03774713724851608,3,A1
26,4,180,10.555555555555555,88.33333333333333,14.992025518341306,88.1982493250099,0.04998779296875,0.03774713724851608,3,A1
26,5,180,42.77777777777778,91.11111111111111,47.83736904183723,91.37520404006993,0.04998779296875,0.03774713724851608,3,A1
26,6,180,27.22222222222222,91.66666666666667,37.69244708779593,91.74186912519897,0.04998779296875,0.03774713724851608,3,A1
26,7,180,3.888888888888889,92.77777777777777,6.54970760233918,92.73277531935362,0.04998779296875,0.03774713724851608,3,A1
26,8,180,36.111111111111114,88.33333333333333,34.558025953374795,88.23022797635801,0.04998779296875,0.03774713724851608,3,A1
26,9,72,6.944444444444445,93.05555555555556,12.702702702702704,94.32201707365495,0.04998779296875,0.03774713724851608,3,A1
26,0,180,52.77777777777778,92.77777777777777,57.68428184281843,93.25323412634464,0.04998779296875,0.03774713724851608,3,A1
26,1,180,25.0,93.33333333333333,29.23853923853924,93.50750424994148,0.04998779296875,0.03774713724851608,3,A1
26,2,180,33.888888888888886,87.77777777777777,37.768611172559176,88.13817553543582,0.04998779296875,0.03774713724851608,3,A1
26,3,180,2.2222222222222223,92.22222222222223,4.0,92.43317907510722,0.04998779296875,0.03774713724851608,3,A1
26,4,180,10.555555555555555,88.33333333333333,14.992025518341306,88.1982493250099,0.04998779296875,0.03774713724851608,3,A1
26,5,180,42.77777777777778,91.11111111111111,47.83736904183723,91.37520404006993,0.04998779296875,0.03774713724851608,3,A1
26,6,180,27.22222222222222,91.66666666666667,37.69244708779593,91.74186912519897,0.04998779296875,0.03774713724851608,3,A1
26,7,180,3.888888888888889,92.77777777777777,6.54970760233918,92.73277531935362,0.04998779296875,0.03774713724851608,3,A1
26,8,180,36.111111111111114,88.33333333333333,34.558025953374795,88.23022797635801,0.04998779296875,0.03774713724851608,3,A1
26,9,72,6.944444444444445,93.05555555555556,12.702702702702704,94.32201707365495,0.04998779296875,0.03774713724851608,3,A1
27,0,180,52.77777777777778,88.88888888888889,57.68428184281843,90.4032493322816,0.04998779296875,0.037741067770280336,3,A1
27,1,180,24.444444444444443,85.0,28.266879319510895,85.0627375373138,0.04998779296875,0.037741067770280336,3,A1
27,2,180,34.44444444444444,87.77777777777777,38.327748178494446,87.41907367994324,0.04998779296875,0.037741067770280336,3,A1
27,3,180,2.2222222222222223,91.11111111111111,4.0,91.33158218232845,0.04998779296875,0.037741067770280336,3,A1
27,4,180,10.555555555555555,88.88888888888889,14.992025518341306,88.78802198205182,0.04998779296875,0.037741067770280336,3,A1
27,5,180,42.77777777777778,91.66666666666667,47.83736904183723,91.89190623617868,0.04998779296875,0.037741067770280336,3,A1
27,6,180,26.666666666666668,92.22222222222223,36.89510489510489,92.30215089951402,0.04998779296875,0.037741067770280336,3,A1
27,7,180,3.888888888888889,93.33333333333333,6.54970760233918,93.3156197458725,0.04998779296875,0.037741067770280336,3,A1
27,8,180,36.111111111111114,87.22222222222223,34.558025953374795,87.23533787254908,0.04998779296875,0.037741067770280336,3,A1
27,9,72,6.944444444444445,90.27777777777777,12.702702702702704,90.23066485753053,0.04998779296875,0.037741067770280336,3,A1
27,0,180,52.77777777777778,88.88888888888889,57.68428184281843,90.4032493322816,0.04998779296875,0.037741067770280336,3,A1
27,1,180,24.444444444444443,85.0,28.266879319510895,85.0627375373138,0.04998779296875,0.037741067770280336,3,A1
27,2,180,34.44444444444444,87.77777777777777,38.327748178494446,87.41907367994324,0.04998779296875,0.037741067770280336,3,A1
27,3,180,2.2222222222222223,91.11111111111111,4.0,91.33158218232845,0.04998779296875,0.037741067770280336,3,A1
27,4,180,10.555555555555555,88.88888888888889,14.992025518341306,88.78802198205182,0.04998779296875,0.037741067770280336,3,A1
27,5,180,42.77777777777778,91.66666666666667,47.83736904183723,91.89190623617868,0.04998779296875,0.037741067770280336,3,A1
27,6,180,26.666666666666668,92.22222222222223,36.89510489510489,92.30215089951402,0.04998779296875,0.037741067770280336,3,A1
27,7,180,3.888888888888889,93.33333333333333,6.54970760233918,93.3156197458725,0.04998779296875,0.037741067770280336,3,A1
27,8,180,36.111111111111114,87.22222222222223,34.558025953374795,87.23533787254908,0.04998779296875,0.037741067770280336,3,A1
27,9,72,6.944444444444445,90.27777777777777,12.702702702702704,90.23066485753053,0.04998779296875,0.037741067770280336,3,A1
28,0,180,52.77777777777778,93.33333333333333,57.68428184281843,93.82497726082522,0.04998779296875,0.03773645076312517,3,A1
28,1,180,24.444444444444443,93.33333333333333,28.266879319510895,93.37656437617851,0.04998779296875,0.03773645076312517,3,A1
28,2,180,34.44444444444444,86.11111111111111,38.327748178494446,85.82154534088924,0.04998779296875,0.03773645076312517,3,A1
28,3,180,2.2222222222222223,83.33333333333333,4.0,88.44410227167042,0.04998779296875,0.03773645076312517,3,A1
28,4,180,10.555555555555555,89.44444444444444,14.992025518341306,89.37491451575958,0.04998779296875,0.03773645076312517,3,A1
28,5,180,43.333333333333336,91.66666666666667,48.15818281335523,91.93680438797166,0.04998779296875,0.03773645076312517,3,A1
28,6,180,26.666666666666668,91.66666666666667,36.89510489510489,91.70661353171656,0.04998779296875,0.03773645076312517,3,A1
28,7,180,3.888888888888889,92.77777777777777,6.54970760233918,92.69551414768806,0.04998779296875,0.03773645076312517,3,A1
28,8,180,36.111111111111114,85.55555555555556,34.558025953374795,85.49775997013988,0.04998779296875,0.03773645076312517,3,A1
28,9,72,6.944444444444445,97.22222222222223,12.702702702702704,97.22222222222221,0.04998779296875,0.03773645076312517,3,A1
28,0,180,52.77777777777778,93.33333333333333,57.68428184281843,93.82497726082522,0.04998779296875,0.03773645076312517,3,A1
28,1,180,24.444444444444443,93.33333333333333,28.266879319510895,93.37656437617851,0.04998779296875,0.03773645076312517,3,A1
28,2,180,34.44444444444444,86.11111111111111,38.327748178494446,85.82154534088924,0.04998779296875,0.03773645076312517,3,A1
28,3,180,2.2222222222222223,83.33333333333333,4.0,88.44410227167042,0.04998779296875,0.03773645076312517,3,A1
28,4,180,10.555555555555555,89.44444444444444,14.992025518341306,89.37491451575958,0.04998779296875,0.03773645076312517,3,A1
28,5,180,43.333333333333336,91.66666666666667,48.15818281335523,91.93680438797166,0.04998779296875,0.03773645076312517,3,A1
28,6,180,26.666666666666668,91.66666666666667,36.89510489510489,91.70661353171656,0.04998779296875,0.03773645076312517,3,A1
28,7,180,3.888888888888889,92.77777777777777,6.54970760233918,92.69551414768806,0.04998779296875,0.03773645076312517,3,A1
28,8,180,36.111111111111114,85.55555555555556,34.558025953374795,85.49775997013988,0.04998779296875,0.03773645076312517,3,A1
28,9,72,6.944444444444445,97.22222222222223,12.702702702702704,97.22222222222221,0.04998779296875,0.03773645076312517,3,A1
29,0,180,52.77777777777778,93.33333333333333,57.68428184281843,93.82326651324797,0.04998779296875,0.03773119731953269,3,A1
29,1,180,24.444444444444443,94.44444444444444,28.266879319510895,95.12410363199827,0.04998779296875,0.03773119731953269,3,A1
29,2,180,33.888888888888886,88.33333333333333,37.95898663527731,88.17262238314869,0.04998779296875,0.03773119731953269,3,A1
29,3,180,2.2222222222222223,84.44444444444444,4.0,84.64519231742752,0.04998779296875,0.03773119731953269,3,A1
29,4,180,10.555555555555555,87.77777777777777,14.992025518341306,87.46663247119868,0.04998779296875,0.03773119731953269,3,A1
29,5,180,42.77777777777778,91.66666666666667,47.83736904183723,91.93569694939558,0.04998779296875,0.03773119731953269,3,A1
29,6,180,26.666666666666668,91.66666666666667,36.89510489510489,91.9880343159547,0.04998779296875,0.03773119731953269,3,A1
29,7,180,3.888888888888889,93.88888888888889,6.54970760233918,93.87642304092572,0.04998779296875,0.03773119731953269,3,A1
29,8,180,36.666666666666664,87.22222222222223,34.93854345717996,87.3326748369002,0.04998779296875,0.03773119731953269,3,A1
29,9,72,6.944444444444445,95.83333333333333,12.702702702702704,95.83252942311402,0.04998779296875,0.03773119731953269,3,A1
29,0,180,52.77777777777778,93.33333333333333,57.68428184281843,93.82326651324797,0.04998779296875,0.03773119731953269,3,A1
29,1,180,24.444444444444443,94.44444444444444,28.266879319510895,95.12410363199827,0.04998779296875,0.03773119731953269,3,A1
29,2,180,33.888888888888886,88.33333333333333,37.95898663527731,88.17262238314869,0.04998779296875,0.03773119731953269,3,A1
29,3,180,2.2222222222222223,84.44444444444444,4.0,84.64519231742752,0.04998779296875,0.03773119731953269,3,A1
29,4,180,10.555555555555555,87.77777777777777,14.992025518341306,87.46663247119868,0.04998779296875,0.03773119731953269,3,A1
29,5,180,42.77777777777778,91.66666666666667,47.83736904183723,91.93569694939558,0.04998779296875,0.03773119731953269,3,A1
29,6,180,26.666666666666668,91.66666666666667,36.89510489510489,91.9880343159547,0.04998779296875,0.03773119731953269,3,A1
29,7,180,3.888888888888889,93.88888888888889,6.54970760233918,93.87642304092572,0.04998779296875,0.03773119731953269,3,A1
29,8,180,36.666666666666664,87.22222222222223,34.93854345717996,87.3326748369002,0.04998779296875,0.03773119731953269,3,A1
29,9,72,6.944444444444445,95.83333333333333,12.702702702702704,95.83252942311402,0.04998779296875,0.03773119731953269,3,A1
30,0,180,52.77777777777778,93.33333333333333,57.68428184281843,93.84074817176244,0.04998779296875,0.03772528979339098,3,A1
30,1,180,24.444444444444443,94.44444444444444,28.266879319510895,94.67710371819959,0.04998779296875,0.03772528979339098,3,A1
30,2,180,33.888888888888886,88.33333333333333,37.95898663527731,88.16071753906523,0.04998779296875,0.03772528979339098,3,A1
30,3,180,2.2222222222222223,90.0,4.0,90.13798787025331,0.04998779296875,0.03772528979339098,3,A1
30,4,180,10.555555555555555,89.44444444444444,14.992025518341306,89.50218909780372,0.04998779296875,0.03772528979339098,3,A1
30,5,180,42.77777777777778,92.22222222222223,47.83736904183723,92.41936495545164,0.04998779296875,0.03772528979339098,3,A1
30,6,180,26.666666666666668,92.22222222222223,36.89510489510489,92.50548967940271,0.04998779296875,0.03772528979339098,3,A1
30,7,180,3.888888888888889,92.22222222222223,6.54970760233918,92.11004838519634,0.04998779296875,0.03772528979339098,3,A1
30,8,180,35.0,85.55555555555556,33.94019933554817,85.72624443483656,0.04998779296875,0.03772528979339098,3,A1
30,9,72,6.944444444444445,97.22222222222223,12.702702702702704,97.22222222222221,0.04998779296875,0.03772528979339098,3,A1
30,0,180,52.77777777777778,93.33333333333333,57.68428184281843,93.84074817176244,0.04998779296875,0.03772528979339098,3,A1
30,1,180,24.444444444444443,94.44444444444444,28.266879319510895,94.67710371819959,0.04998779296875,0.03772528979339098,3,A1
30,2,180,33.888888888888886,88.33333333333333,37.95898663527731,88.16071753906523,0.04998779296875,0.03772528979339098,3,A1
30,3,180,2.2222222222222223,90.0,4.0,90.13798787025331,0.04998779296875,0.03772528979339098,3,A1
30,4,180,10.555555555555555,89.44444444444444,14.992025518341306,89.50218909780372,0.04998779296875,0.03772528979339098,3,A1
30,5,180,42.77777777777778,92.22222222222223,47.83736904183723,92.41936495545164,0.04998779296875,0.03772528979339098,3,A1
30,6,180,26.666666666666668,92.22222222222223,36.89510489510489,92.50548967940271,0.04998779296875,0.03772528979339098,3,A1
30,7,180,3.888888888888889,92.22222222222223,6.54970760233918,92.11004838519634,0.04998779296875,0.03772528979339098,3,A1
30,8,180,35.0,85.55555555555556,33.94019933554817,85.72624443483656,0.04998779296875,0.03772528979339098,3,A1
30,9,72,6.944444444444445,97.22222222222223,12.702702702702704,97.22222222222221,0.04998779296875,0.03772528979339098,3,A1
31,0,180,52.77777777777778,92.77777777777777,57.68428184281843,93.2822193012079,0.04998779296875,0.03772064749347536,3,A1
31,1,180,24.444444444444443,95.0,28.266879319510895,95.71551792625212,0.04998779296875,0.03772064749347536,3,A1
31,2,180,33.888888888888886,87.77777777777777,37.768611172559176,87.41454669969988,0.04998779296875,0.03772064749347536,3,A1
31,3,180,2.2222222222222223,91.66666666666667,4.0,91.84433849798573,0.04998779296875,0.03772064749347536,3,A1
31,4,180,10.555555555555555,87.22222222222223,14.992025518341306,86.87694833575004,0.04998779296875,0.03772064749347536,3,A1
31,5,180,42.77777777777778,91.66666666666667,47.83736904183723,91.90566691936554,0.04998779296875,0.03772064749347536,3,A1
31,6,180,26.666666666666668,92.77777777777777,36.89510489510489,92.75397029872732,0.04998779296875,0.03772064749347536,3,A1
31,7,180,3.888888888888889,93.88888888888889,6.54970760233918,93.86011974707627,0.04998779296875,0.03772064749347536,3,A1
31,8,180,35.55555555555556,87.77777777777777,34.3426138224697,87.87261953849207,0.04998779296875,0.03772064749347536,3,A1
31,9,72,6.944444444444445,97.22222222222223,12.702702702702704,97.22222222222221,0.04998779296875,0.03772064749347536,3,A1
31,0,180,52.77777777777778,92.77777777777777,57.68428184281843,93.2822193012079,0.04998779296875,0.03772064749347536,3,A1
31,1,180,24.444444444444443,95.0,28.266879319510895,95.71551792625212,0.04998779296875,0.03772064749347536,3,A1
31,2,180,33.888888888888886,87.77777777777777,37.768611172559176,87.41454669969988,0.04998779296875,0.03772064749347536,3,A1
31,3,180,2.2222222222222223,91.66666666666667,4.0,91.84433849798573,0.04998779296875,0.03772064749347536,3,A1
31,4,180,10.555555555555555,87.22222222222223,14.992025518341306,86.87694833575004,0.04998779296875,0.03772064749347536,3,A1
31,5,180,42.77777777777778,91.66666666666667,47.83736904183723,91.90566691936554,0.04998779296875,0.03772064749347536,3,A1
31,6,180,26.666666666666668,92.77777777777777,36.89510489510489,92.75397029872732,0.04998779296875,0.03772064749347536,3,A1
31,7,180,3.888888888888889,93.88888888888889,6.54970760233918,93.86011974707627,0.04998779296875,0.03772064749347536,3,A1
31,8,180,35.55555555555556,87.77777777777777,34.3426138224697,87.87261953849207,0.04998779296875,0.03772064749347536,3,A1
31,9,72,6.944444444444445,97.22222222222223,12.702702702702704,97.22222222222221,0.04998779296875,0.03772064749347536,3,A1
32,0,180,52.77777777777778,93.33333333333333,57.68428184281843,93.8304654930497,0.04998779296875,0.037716875931150036,3,A1
32,1,180,24.444444444444443,93.88888888888889,28.266879319510895,94.08384943018304,0.04998779296875,0.037716875931150036,3,A1
32,2,180,33.888888888888886,86.11111111111111,37.768611172559176,85.5246192769912,0.04998779296875,0.037716875931150036,3,A1
32,3,180,2.2222222222222223,91.11111111111111,4.0,91.03970983089171,0.04998779296875,0.037716875931150036,3,A1
32,4,180,10.555555555555555,87.22222222222223,14.992025518341306,87.29946140815706,0.04998779296875,0.037716875931150036,3,A1
32,5,180,42.77777777777778,90.55555555555556,47.83736904183723,90.83898949251062,0.04998779296875,0.037716875931150036,3,A1
32,6,180,25.555555555555557,90.55555555555556,35.90711175616836,90.96023198011599,0.04998779296875,0.037716875931150036,3,A1
32,7,180,3.888888888888889,88.33333333333333,6.54970760233918,87.86985686985687,0.04998779296875,0.037716875931150036,3,A1
32,8,180,35.55555555555556,86.66666666666667,34.3426138224697,86.8275283704634,0.04998779296875,0.037716875931150036,3,A1
32,9,72,6.944444444444445,97.22222222222223,12.702702702702704,97.22222222222221,0.04998779296875,0.037716875931150036,3,A1
32,0,180,52.77777777777778,93.33333333333333,57.68428184281843,93.8304654930497,0.04998779296875,0.037716875931150036,3,A1
32,1,180,24.444444444444443,93.88888888888889,28.266879319510895,94.08384943018304,0.04998779296875,0.037716875931150036,3,A1
32,2,180,33.888888888888886,86.11111111111111,37.768611172559176,85.5246192769912,0.04998779296875,0.037716875931150036,3,A1
32,3,180,2.2222222222222223,91.11111111111111,4.0,91.03970983089171,0.04998779296875,0.037716875931150036,3,A1
32,4,180,10.555555555555555,87.22222222222223,14.992025518341306,87.29946140815706,0.04998779296875,0.037716875931150036,3,A1
32,5,180,42.77777777777778,90.55555555555556,47.83736904183723,90.83898949251062,0.04998779296875,0.037716875931150036,3,A1
32,6,180,25.555555555555557,90.55555555555556,35.90711175616836,90.96023198011599,0.04998779296875,0.037716875931150036,3,A1
32,7,180,3.888888888888889,88.33333333333333,6.54970760233918,87.86985686985687,0.04998779296875,0.037716875931150036,3,A1
32,8,180,35.55555555555556,86.66666666666667,34.3426138224697,86.8275283704634,0.04998779296875,0.037716875931150036,3,A1
32,9,72,6.944444444444445,97.22222222222223,12.702702702702704,97.22222222222221,0.04998779296875,0.037716875931150036,3,A1
33,0,180,52.77777777777778,90.55555555555556,57.68428184281843,91.66920767477878,0.04998779296875,0.03771499662022842,3,A1
33,1,180,24.444444444444443,94.44444444444444,28.266879319510895,94.65894665191865,0.04998779296875,0.03771499662022842,3,A1
33,2,180,33.888888888888886,86.11111111111111,37.768611172559176,86.10530438905725,0.04998779296875,0.03771499662022842,3,A1
33,3,180,2.2222222222222223,92.77777777777777,4.0,92.67756615125036,0.04998779296875,0.03771499662022842,3,A1
33,4,180,10.555555555555555,88.88888888888889,14.992025518341306,88.60788930965086,0.04998779296875,0.03771499662022842,3,A1
33,5,180,42.77777777777778,92.77777777777777,47.83736904183723,92.99331555521326,0.04998779296875,0.03771499662022842,3,A1
33,6,180,26.666666666666668,92.22222222222223,36.89510489510489,92.28107920276767,0.04998779296875,0.03771499662022842,3,A1
33,7,180,3.888888888888889,93.33333333333333,6.54970760233918,93.80364740558133,0.04998779296875,0.03771499662022842,3,A1
33,8,180,36.111111111111114,87.22222222222223,34.73385012919897,87.8475770657343,0.04998779296875,0.03771499662022842,3,A1
33,9,72,6.944444444444445,97.22222222222223,12.702702702702704,97.22222222222221,0.04998779296875,0.03771499662022842,3,A1
33,0,180,52.77777777777778,90.55555555555556,57.68428184281843,91.66920767477878,0.04998779296875,0.03771499662022842,3,A1
33,1,180,24.444444444444443,94.44444444444444,28.266879319510895,94.65894665191865,0.04998779296875,0.03771499662022842,3,A1
33,2,180,33.888888888888886,86.11111111111111,37.768611172559176,86.10530438905725,0.04998779296875,0.03771499662022842,3,A1
33,3,180,2.2222222222222223,92.77777777777777,4.0,92.67756615125036,0.04998779296875,0.03771499662022842,3,A1
33,4,180,10.555555555555555,88.88888888888889,14.992025518341306,88.60788930965086,0.04998779296875,0.03771499662022842,3,A1
33,5,180,42.77777777777778,92.77777777777777,47.83736904183723,92.99331555521326,0.04998779296875,0.03771499662022842,3,A1
33,6,180,26.666666666666668,92.22222222222223,36.89510489510489,92.28107920276767,0.04998779296875,0.03771499662022842,3,A1
33,7,180,3.888888888888889,93.33333333333333,6.54970760233918,93.80364740558133,0.04998779296875,0.03771499662022842,3,A1
33,8,180,36.111111111111114,87.22222222222223,34.73385012919897,87.8475770657343,0.04998779296875,0.03771499662022842,3,A1
33,9,72,6.944444444444445,97.22222222222223,12.702702702702704,97.22222222222221,0.04998779296875,0.03771499662022842,3,A1
34,0,180,52.77777777777778,92.77777777777777,57.68428184281843,93.26771095769242,0.04998779296875,0.03771255086911352,3,A1
34,1,180,24.444444444444443,92.77777777777777,28.266879319510895,92.7943188812754,0.04998779296875,0.03771255086911352,3,A1
34,2,180,33.888888888888886,88.88888888888889,37.768611172559176,88.55884761767115,0.04998779296875,0.03771255086911352,3,A1
34,3,180,2.2222222222222223,92.77777777777777,4.0,92.67641338063873,0.04998779296875,0.03771255086911352,3,A1
34,4,180,10.555555555555555,86.66666666666667,14.992025518341306,86.6525058748504,0.04998779296875,0.03771255086911352,3,A1
34,5,180,42.77777777777778,92.77777777777777,47.83736904183723,92.74786507025313,0.04998779296875,0.03771255086911352,3,A1
34,6,180,25.555555555555557,91.11111111111111,35.90711175616836,91.16840904614367,0.04998779296875,0.03771255086911352,3,A1
34,7,180,3.888888888888889,87.22222222222223,6.54970760233918,86.83481664016558,0.04998779296875,0.03771255086911352,3,A1
34,8,180,36.666666666666664,88.88888888888889,35.11436763300414,89.06185131575826,0.04998779296875,0.03771255086911352,3,A1
34,9,72,6.944444444444445,97.22222222222223,12.702702702702704,97.22222222222221,0.04998779296875,0.03771255086911352,3,A1
34,0,180,52.77777777777778,92.77777777777777,57.68428184281843,93.26771095769242,0.04998779296875,0.03771255086911352,3,A1
34,1,180,24.444444444444443,92.77777777777777,28.266879319510895,92.7943188812754,0.04998779296875,0.03771255086911352,3,A1
34,2,180,33.888888888888886,88.88888888888889,37.768611172559176,88.55884761767115,0.04998779296875,0.03771255086911352,3,A1
34,3,180,2.2222222222222223,92.77777777777777,4.0,92.67641338063873,0.04998779296875,0.03771255086911352,3,A1
34,4,180,10.555555555555555,86.66666666666667,14.992025518341306,86.6525058748504,0.04998779296875,0.03771255086911352,3,A1
34,5,180,42.77777777777778,92.77777777777777,47.83736904183723,92.74786507025313,0.04998779296875,0.03771255086911352,3,A1
34,6,180,25.555555555555557,91.11111111111111,35.90711175616836,91.16840904614367,0.04998779296875,0.03771255086911352,3,A1
34,7,180,3.888888888888889,87.22222222222223,6.54970760233918,86.83481664016558,0.04998779296875,0.03771255086911352,3,A1
34,8,180,36.666666666666664,88.88888888888889,35.11436763300414,89.06185131575826,0.04998779296875,0.03771255086911352,3,A1
34,9,72,6.944444444444445,97.22222222222223,12.702702702702704,97.22222222222221,0.04998779296875,0.03771255086911352,3,A1
35,0,180,52.77777777777778,92.77777777777777,57.68428184281843,93.26771095769242,0.04998779296875,0.037707902883228506,3,A1
35,1,180,24.444444444444443,92.77777777777777,28.266879319510895,93.85825497324248,0.04998779296875,0.037707902883228506,3,A1
35,2,180,33.888888888888886,81.11111111111111,37.768611172559176,80.25019228709681,0.04998779296875,0.037707902883228506,3,A1
35,3,180,2.2222222222222223,90.55555555555556,4.0,90.50768835843463,0.04998779296875,0.037707902883228506,3,A1
35,4,180,10.555555555555555,90.0,14.992025518341306,89.85136872260159,0.04998779296875,0.037707902883228506,3,A1
35,5,180,42.77777777777778,91.66666666666667,47.83736904183723,91.90566691936554,0.04998779296875,0.037707902883228506,3,A1
35,6,180,26.11111111111111,92.22222222222223,36.410256410256416,92.51741012610577,0.04998779296875,0.037707902883228506,3,A1
35,7,180,3.888888888888889,87.77777777777777,6.54970760233918,88.26064980338069,0.04998779296875,0.037707902883228506,3,A1
35,8,180,36.666666666666664,88.33333333333333,35.11436763300414,88.74994808552677,0.04998779296875,0.037707902883228506,3,A1
35,9,72,6.944444444444445,97.22222222222223,12.702702702702704,97.22222222222221,0.04998779296875,0.037707902883228506,3,A1
35,0,180,52.77777777777778,92.77777777777777,57.68428184281843,93.26771095769242,0.04998779296875,0.037707902883228506,3,A1
35,1,180,24.444444444444443,92.77777777777777,28.266879319510895,93.85825497324248,0.04998779296875,0.037707902883228506,3,A1
35,2,180,33.888888888888886,81.11111111111111,37.768611172559176,80.25019228709681,0.04998779296875,0.037707902883228506,3,A1
35,3,180,2.2222222222222223,90.55555555555556,4.0,90.50768835843463,0.04998779296875,0.037707902883228506,3,A1
35,4,180,10.555555555555555,90.0,14.992025518341306,89.85136872260159,0.04998779296875,0.037707902883228506,3,A1
35,5,180,42.77777777777778,91.66666666666667,47.83736904183723,91.90566691936554,0.04998779296875,0.037707902883228506,3,A1
35,6,180,26.11111111111111,92.22222222222223,36.410256410256416,92.51741012610577,0.04998779296875,0.037707902883228506,3,A1
35,7,180,3.888888888888889,87.77777777777777,6.54970760233918,88.26064980338069,0.04998779296875,0.037707902883228506,3,A1
35,8,180,36.666666666666664,88.33333333333333,35.11436763300414,88.74994808552677,0.04998779296875,0.037707902883228506,3,A1
35,9,72,6.944444444444445,97.22222222222223,12.702702702702704,97.22222222222221,0.04998779296875,0.037707902883228506,3,A1
36,0,180,52.77777777777778,93.88888888888889,57.68428184281843,94.40165311903182,0.04998779296875,0.03770458698272705,3,A1
36,1,180,24.444444444444443,92.22222222222223,28.266879319510895,92.1675824893216,0.04998779296875,0.03770458698272705,3,A1
36,2,180,33.888888888888886,87.22222222222223,37.768611172559176,86.93907537411756,0.04998779296875,0.03770458698272705,3,A1
36,3,180,2.2222222222222223,92.77777777777777,4.0,92.68325503941941,0.04998779296875,0.03770458698272705,3,A1
36,4,180,10.555555555555555,88.88888888888889,14.992025518341306,88.8170024029179,0.04998779296875,0.03770458698272705,3,A1
36,5,180,42.77777777777778,90.55555555555556,47.83736904183723,90.83583387692975,0.04998779296875,0.03770458698272705,3,A1
36,6,180,25.555555555555557,92.77777777777777,35.90711175616836,92.78637770897834,0.04998779296875,0.03770458698272705,3,A1
36,7,180,3.888888888888889,95.0,6.54970760233918,95.0,0.04998779296875,0.03770458698272705,3,A1
36,8,180,35.55555555555556,88.33333333333333,34.166789646645526,88.4035546067406,0.04998779296875,0.03770458698272705,3,A1
36,9,72,6.944444444444445,97.22222222222223,12.702702702702704,97.22222222222221,0.04998779296875,0.03770458698272705,3,A1
36,0,180,52.77777777777778,93.88888888888889,57.68428184281843,94.40165311903182,0.04998779296875,0.03770458698272705,3,A1
36,1,180,24.444444444444443,92.22222222222223,28.266879319510895,92.1675824893216,0.04998779296875,0.03770458698272705,3,A1
36,2,180,33.888888888888886,87.22222222222223,37.768611172559176,86.93907537411756,0.04998779296875,0.03770458698272705,3,A1
36,3,180,2.2222222222222223,92.77777777777777,4.0,92.68325503941941,0.04998779296875,0.03770458698272705,3,A1
36,4,180,10.555555555555555,88.88888888888889,14.992025518341306,88.8170024029179,0.04998779296875,0.03770458698272705,3,A1
36,5,180,42.77777777777778,90.55555555555556,47.83736904183723,90.83583387692975,0.04998779296875,0.03770458698272705,3,A1
36,6,180,25.555555555555557,92.77777777777777,35.90711175616836,92.78637770897834,0.04998779296875,0.03770458698272705,3,A1
36,7,180,3.888888888888889,95.0,6.54970760233918,95.0,0.04998779296875,0.03770458698272705,3,A1
36,8,180,35.55555555555556,88.33333333333333,34.166789646645526,88.4035546067406,0.04998779296875,0.03770458698272705,3,A1
36,9,72,6.944444444444445,97.22222222222223,12.702702702702704,97.22222222222221,0.04998779296875,0.03770458698272705,3,A1
37,0,180,52.77777777777778,92.77777777777777,57.68428184281843,93.26771095769242,0.04998779296875,0.03769713326504356,3,A1
37,1,180,24.444444444444443,92.22222222222223,28.266879319510895,93.05217522203823,0.04998779296875,0.03769713326504356,3,A1
37,2,180,34.44444444444444,87.77777777777777,38.25149089161097,87.39750445632797,0.04998779296875,0.03769713326504356,3,A1
37,3,180,2.2222222222222223,92.22222222222223,4.0,92.12101173035633,0.04998779296875,0.03769713326504356,3,A1
37,4,180,10.555555555555555,90.0,14.992025518341306,89.87650239899386,0.04998779296875,0.03769713326504356,3,A1
37,5,180,42.77777777777778,91.66666666666667,47.83736904183723,91.67084300918795,0.04998779296875,0.03769713326504356,3,A1
37,6,180,26.666666666666668,91.66666666666667,36.89510489510489,91.72579422622626,0.04998779296875,0.03769713326504356,3,A1
37,7,180,3.888888888888889,96.11111111111111,6.54970760233918,96.1035967288965,0.04998779296875,0.03769713326504356,3,A1
37,8,180,36.111111111111114,89.44444444444444,34.73385012919897,89.54511556518598,0.04998779296875,0.03769713326504356,3,A1
37,9,72,6.944444444444445,97.22222222222223,12.702702702702704,97.22222222222221,0.04998779296875,0.03769713326504356,3,A1
37,0,180,52.77777777777778,92.77777777777777,57.68428184281843,93.26771095769242,0.04998779296875,0.03769713326504356,3,A1
37,1,180,24.444444444444443,92.22222222222223,28.266879319510895,93.05217522203823,0.04998779296875,0.03769713326504356,3,A1
37,2,180,34.44444444444444,87.77777777777777,38.25149089161097,87.39750445632797,0.04998779296875,0.03769713326504356,3,A1
37,3,180,2.2222222222222223,92.22222222222223,4.0,92.12101173035633,0.04998779296875,0.03769713326504356,3,A1
37,4,180,10.555555555555555,90.0,14.992025518341306,89.87650239899386,0.04998779296875,0.03769713326504356,3,A1
37,5,180,42.77777777777778,91.66666666666667,47.83736904183723,91.67084300918795,0.04998779296875,0.03769713326504356,3,A1
37,6,180,26.666666666666668,91.66666666666667,36.89510489510489,91.72579422622626,0.04998779296875,0.03769713326504356,3,A1
37,7,180,3.888888888888889,96.11111111111111,6.54970760233918,96.1035967288965,0.04998779296875,0.03769713326504356,3,A1
37,8,180,36.111111111111114,89.44444444444444,34.73385012919897,89.54511556518598,0.04998779296875,0.03769713326504356,3,A1
37,9,72,6.944444444444445,97.22222222222223,12.702702702702704,97.22222222222221,0.04998779296875,0.03769713326504356,3,A1
38,0,180,52.22222222222222,93.33333333333333,57.277502181801474,93.81638112427424,0.04998779296875,0.037695546683512236,3,A1
38,1,180,25.0,94.44444444444444,29.23853923853924,94.95172863666014,0.04998779296875,0.037695546683512236,3,A1
38,2,180,33.888888888888886,90.55555555555556,37.768611172559176,90.51940191601756,0.04998779296875,0.037695546683512236,3,A1
38,3,180,2.2222222222222223,93.33333333333333,4.0,93.27934887835468,0.04998779296875,0.037695546683512236,3,A1
38,4,180,10.555555555555555,89.44444444444444,14.992025518341306,89.39336354988528,0.04998779296875,0.037695546683512236,3,A1
38,5,180,42.77777777777778,90.0,47.83736904183723,90.20794409508645,0.04998779296875,0.037695546683512236,3,A1
38,6,180,26.666666666666668,93.88888888888889,36.89510489510489,93.87935253152644,0.04998779296875,0.037695546683512236,3,A1
38,7,180,3.888888888888889,95.0,6.54970760233918,94.95754176575282,0.04998779296875,0.037695546683512236,3,A1
38,8,180,36.111111111111114,82.22222222222223,34.73385012919897,81.77374703551715,0.04998779296875,0.037695546683512236,3,A1
38,9,72,6.944444444444445,97.22222222222223,12.702702702702704,97.22222222222221,0.04998779296875,0.037695546683512236,3,A1
38,0,180,52.22222222222222,93.33333333333333,57.277502181801474,93.81638112427424,0.04998779296875,0.037695546683512236,3,A1
38,1,180,25.0,94.44444444444444,29.23853923853924,94.95172863666014,0.04998779296875,0.037695546683512236,3,A1
38,2,180,33.888888888888886,90.55555555555556,37.768611172559176,90.51940191601756,0.04998779296875,0.037695546683512236,3,A1
38,3,180,2.2222222222222223,93.33333333333333,4.0,93.27934887835468,0.04998779296875,0.037695546683512236,3,A1
38,4,180,10.555555555555555,89.44444444444444,14.992025518341306,89.39336354988528,0.04998779296875,0.037695546683512236,3,A1
38,5,180,42.77777777777778,90.0,47.83736904183723,90.20794409508645,0.04998779296875,0.037695546683512236,3,A1
38,6,180,26.666666666666668,93.88888888888889,36.89510489510489,93.87935253152644,0.04998779296875,0.037695546683512236,3,A1
38,7,180,3.888888888888889,95.0,6.54970760233918,94.95754176575282,0.04998779296875,0.037695546683512236,3,A1
38,8,180,36.111111111111114,82.22222222222223,34.73385012919897,81.77374703551715,0.04998779296875,0.037695546683512236,3,A1
38,9,72,6.944444444444445,97.22222222222223,12.702702702702704,97.22222222222221,0.04998779296875,0.037695546683512236,3,A1
39,0,180,52.77777777777778,90.55555555555556,57.68428184281843,91.4389949711444,0.04998779296875,0.03769192530920631,3,A1
39,1,180,25.0,94.44444444444444,29.23853923853924,94.91989329535153,0.04998779296875,0.03769192530920631,3,A1
39,2,180,33.888888888888886,86.66666666666667,37.95898663527731,86.29014896879474,0.04998779296875,0.03769192530920631,3,A1
39,3,180,2.2222222222222223,92.77777777777777,4.0,92.73093003849583,0.04998779296875,0.03769192530920631,3,A1
39,4,180,10.555555555555555,87.77777777777777,14.992025518341306,87.67885128854883,0.04998779296875,0.03769192530920631,3,A1
39,5,180,42.77777777777778,91.11111111111111,47.83736904183723,91.11134357633213,0.04998779296875,0.03769192530920631,3,A1
39,6,180,26.666666666666668,91.66666666666667,36.89510489510489,91.72579422622626,0.04998779296875,0.03769192530920631,3,A1
39,7,180,3.888888888888889,95.0,6.54970760233918,94.99656550912916,0.04998779296875,0.03769192530920631,3,A1
39,8,180,36.111111111111114,88.88888888888889,34.73385012919897,88.7247792936754,0.04998779296875,0.03769192530920631,3,A1
39,9,72,6.944444444444445,97.22222222222223,12.702702702702704,97.22222222222221,0.04998779296875,0.03769192530920631,3,A1
39,0,180,52.77777777777778,90.55555555555556,57.68428184281843,91.4389949711444,0.04998779296875,0.03769192530920631,3,A1
39,1,180,25.0,94.44444444444444,29.23853923853924,94.91989329535153,0.04998779296875,0.03769192530920631,3,A1
39,2,180,33.888888888888886,86.66666666666667,37.95898663527731,86.29014896879474,0.04998779296875,0.03769192530920631,3,A1
39,3,180,2.2222222222222223,92.77777777777777,4.0,92.73093003849583,0.04998779296875,0.03769192530920631,3,A1
39,4,180,10.555555555555555,87.77777777777777,14.992025518341306,87.67885128854883,0.04998779296875,0.03769192530920631,3,A1
39,5,180,42.77777777777778,91.11111111111111,47.83736904183723,91.11134357633213,0.04998779296875,0.03769192530920631,3,A1
39,6,180,26.666666666666668,91.66666666666667,36.89510489510489,91.72579422622626,0.04998779296875,0.03769192530920631,3,A1
39,7,180,3.888888888888889,95.0,6.54970760233918,94.99656550912916,0.04998779296875,0.03769192530920631,3,A1
39,8,180,36.111111111111114,88.88888888888889,34.73385012919897,88.7247792936754,0.04998779296875,0.03769192530920631,3,A1
39,9,72,6.944444444444445,97.22222222222223,12.702702702702704,97.22222222222221,0.04998779296875,0.03769192530920631,3,A1
40,0,180,52.77777777777778,93.88888888888889,57.68428184281843,94.3452570527928,0.04998779296875,0.03769137965221154,3,A1
40,1,180,24.444444444444443,93.88888888888889,28.266879319510895,94.37943542713889,0.04998779296875,0.03769137965221154,3,A1
40,2,180,33.888888888888886,87.77777777777777,37.95898663527731,87.71761278014999,0.04998779296875,0.03769137965221154,3,A1
40,3,180,2.2222222222222223,92.77777777777777,4.0,92.68325503941941,0.04998779296875,0.03769137965221154,3,A1
40,4,180,10.555555555555555,87.22222222222223,14.992025518341306,87.03932542123664,0.04998779296875,0.03769137965221154,3,A1
40,5,180,42.77777777777778,92.22222222222223,47.83736904183723,92.46031746031747,0.04998779296875,0.03769137965221154,3,A1
40,6,180,27.22222222222222,91.66666666666667,37.69244708779593,91.71406171321496,0.04998779296875,0.03769137965221154,3,A1
40,7,180,3.888888888888889,95.0,6.54970760233918,94.99538544755936,0.04998779296875,0.03769137965221154,3,A1
40,8,180,36.111111111111114,88.33333333333333,34.558025953374795,88.29612220916567,0.04998779296875,0.03769137965221154,3,A1
40,9,72,6.944444444444445,97.22222222222223,12.702702702702704,97.22222222222221,0.04998779296875,0.03769137965221154,3,A1
40,0,180,52.77777777777778,93.88888888888889,57.68428184281843,94.3452570527928,0.04998779296875,0.03769137965221154,3,A1
40,1,180,24.444444444444443,93.88888888888889,28.266879319510895,94.37943542713889,0.04998779296875,0.03769137965221154,3,A1
40,2,180,33.888888888888886,87.77777777777777,37.95898663527731,87.71761278014999,0.04998779296875,0.03769137965221154,3,A1
40,3,180,2.2222222222222223,92.77777777777777,4.0,92.68325503941941,0.04998779296875,0.03769137965221154,3,A1
40,4,180,10.555555555555555,87.22222222222223,14.992025518341306,87.03932542123664,0.04998779296875,0.03769137965221154,3,A1
40,5,180,42.77777777777778,92.22222222222223,47.83736904183723,92.46031746031747,0.04998779296875,0.03769137965221154,3,A1
40,6,180,27.22222222222222,91.66666666666667,37.69244708779593,91.71406171321496,0.04998779296875,0.03769137965221154,3,A1
40,7,180,3.888888888888889,95.0,6.54970760233918,94.99538544755936,0.04998779296875,0.03769137965221154,3,A1
40,8,180,36.111111111111114,88.33333333333333,34.558025953374795,88.29612220916567,0.04998779296875,0.03769137965221154,3,A1
40,9,72,6.944444444444445,97.22222222222223,12.702702702702704,97.22222222222221,0.04998779296875,0.03769137965221154,3,A1
41,0,180,52.77777777777778,94.44444444444444,57.68428184281843,94.95471467654282,0.04998779296875,0.03768920682762798,3,A1
41,1,180,24.444444444444443,94.44444444444444,28.266879319510895,94.9184061113781,0.04998779296875,0.03768920682762798,3,A1
41,2,180,33.888888888888886,88.88888888888889,37.768611172559176,88.70161708335692,0.04998779296875,0.03768920682762798,3,A1
41,3,180,2.2222222222222223,92.77777777777777,4.0,92.76963308203237,0.04998779296875,0.03768920682762798,3,A1
41,4,180,10.555555555555555,86.11111111111111,14.992025518341306,85.92221098103451,0.04998779296875,0.03768920682762798,3,A1
41,5,180,42.77777777777778,91.66666666666667,47.83736904183723,91.85109785109786,0.04998779296875,0.03768920682762798,3,A1
41,6,180,25.555555555555557,91.11111111111111,35.90711175616836,91.25841756851865,0.04998779296875,0.03768920682762798,3,A1
41,7,180,3.888888888888889,94.44444444444444,6.54970760233918,94.41823587040979,0.04998779296875,0.03768920682762798,3,A1
41,8,180,35.55555555555556,88.88888888888889,34.3426138224697,88.99583185189991,0.04998779296875,0.03768920682762798,3,A1
41,9,72,6.944444444444445,97.22222222222223,12.702702702702704,97.22222222222221,0.04998779296875,0.03768920682762798,3,A1
41,0,180,52.77777777777778,94.44444444444444,57.68428184281843,94.95471467654282,0.04998779296875,0.03768920682762798,3,A1
41,1,180,24.444444444444443,94.44444444444444,28.266879319510895,94.9184061113781,0.04998779296875,0.03768920682762798,3,A1
41,2,180,33.888888888888886,88.88888888888889,37.768611172559176,88.70161708335692,0.04998779296875,0.03768920682762798,3,A1
41,3,180,2.2222222222222223,92.77777777777777,4.0,92.76963308203237,0.04998779296875,0.03768920682762798,3,A1
41,4,180,10.555555555555555,86.11111111111111,14.992025518341306,85.92221098103451,0.04998779296875,0.03768920682762798,3,A1
41,5,180,42.77777777777778,91.66666666666667,47.83736904183723,91.85109785109786,0.04998779296875,0.03768920682762798,3,A1
41,6,180,25.555555555555557,91.11111111111111,35.90711175616836,91.25841756851865,0.04998779296875,0.03768920682762798,3,A1
41,7,180,3.888888888888889,94.44444444444444,6.54970760233918,94.41823587040979,0.04998779296875,0.03768920682762798,3,A1
41,8,180,35.55555555555556,88.88888888888889,34.3426138224697,88.99583185189991,0.04998779296875,0.03768920682762798,3,A1
41,9,72,6.944444444444445,97.22222222222223,12.702702702702704,97.22222222222221,0.04998779296875,0.03768920682762798,3,A1
42,0,180,52.77777777777778,94.44444444444444,57.68428184281843,94.95471467654282,0.04998779296875,0.03768696714388697,3,A1
42,1,180,24.444444444444443,95.55555555555556,28.266879319510895,95.79715687684048,0.04998779296875,0.03768696714388697,3,A1
42,2,180,35.0,84.44444444444444,39.546502707945066,84.15833042971222,0.04998779296875,0.03768696714388697,3,A1
42,3,180,2.2222222222222223,91.66666666666667,4.0,91.55255079583154,0.04998779296875,0.03768696714388697,3,A1
42,4,180,10.555555555555555,88.88888888888889,14.992025518341306,88.69595910418695,0.04998779296875,0.03768696714388697,3,A1
42,5,180,42.77777777777778,91.66666666666667,47.83736904183723,91.64287092417517,0.04998779296875,0.03768696714388697,3,A1
42,6,180,26.666666666666668,87.22222222222223,36.89510489510489,87.28051177515323,0.04998779296875,0.03768696714388697,3,A1
42,7,180,3.888888888888889,95.0,6.54970760233918,94.99538544755936,0.04998779296875,0.03768696714388697,3,A1
42,8,180,36.666666666666664,90.55555555555556,34.93854345717996,90.74661221248476,0.04998779296875,0.03768696714388697,3,A1
42,9,72,6.944444444444445,97.22222222222223,12.702702702702704,97.22222222222221,0.04998779296875,0.03768696714388697,3,A1
42,0,180,52.77777777777778,94.44444444444444,57.68428184281843,94.95471467654282,0.04998779296875,0.03768696714388697,3,A1
42,1,180,24.444444444444443,95.55555555555556,28.266879319510895,95.79715687684048,0.04998779296875,0.03768696714388697,3,A1
42,2,180,35.0,84.44444444444444,39.546502707945066,84.15833042971222,0.04998779296875,0.03768696714388697,3,A1
42,3,180,2.2222222222222223,91.66666666666667,4.0,91.55255079583154,0.04998779296875,0.03768696714388697,3,A1
42,4,180,10.555555555555555,88.88888888888889,14.992025518341306,88.69595910418695,0.04998779296875,0.03768696714388697,3,A1
42,5,180,42.77777777777778,91.66666666666667,47.83736904183723,91.64287092417517,0.04998779296875,0.03768696714388697,3,A1
42,6,180,26.666666666666668,87.22222222222223,36.89510489510489,87.28051177515323,0.04998779296875,0.03768696714388697,3,A1
42,7,180,3.888888888888889,95.0,6.54970760233918,94.99538544755936,0.04998779296875,0.03768696714388697,3,A1
42,8,180,36.666666666666664,90.55555555555556,34.93854345717996,90.74661221248476,0.04998779296875,0.03768696714388697,3,A1
42,9,72,6.944444444444445,97.22222222222223,12.702702702702704,97.22222222222221,0.04998779296875,0.03768696714388697,3,A1
43,0,180,52.77777777777778,93.88888888888889,57.68428184281843,94.39196014118554,0.04998779296875,0.037685295861018334,3,A1
43,1,180,25.0,94.44444444444444,29.23853923853924,94.90606342499976,0.04998779296875,0.037685295861018334,3,A1
43,2,180,34.44444444444444,86.66666666666667,38.79279324937283,86.09386490433829,0.04998779296875,0.037685295861018334,3,A1
43,3,180,2.2222222222222223,92.22222222222223,4.0,92.11923113292976,0.04998779296875,0.037685295861018334,3,A1
43,4,180,10.555555555555555,89.44444444444444,14.992025518341306,89.34805865169176,0.04998779296875,0.037685295861018334,3,A1
43,5,180,43.333333333333336,92.22222222222223,48.15818281335523,92.18983755970056,0.04998779296875,0.037685295861018334,3,A1
43,6,180,26.666666666666668,93.33333333333333,36.89510489510489,93.86572063962723,0.04998779296875,0.037685295861018334,3,A1
43,7,180,3.888888888888889,95.0,6.54970760233918,94.99538544755936,0.04998779296875,0.037685295861018334,3,A1
43,8,180,35.55555555555556,90.0,34.3426138224697,89.91914558481723,0.04998779296875,0.037685295861018334,3,A1
43,9,72,6.944444444444445,94.44444444444444,12.702702702702704,94.44015444015443,0.04998779296875,0.037685295861018334,3,A1
43,0,180,52.77777777777778,93.88888888888889,57.68428184281843,94.39196014118554,0.04998779296875,0.037685295861018334,3,A1
43,1,180,25.0,94.44444444444444,29.23853923853924,94.90606342499976,0.04998779296875,0.037685295861018334,3,A1
43,2,180,34.44444444444444,86.66666666666667,38.79279324937283,86.09386490433829,0.04998779296875,0.037685295861018334,3,A1
43,3,180,2.2222222222222223,92.22222222222223,4.0,92.11923113292976,0.04998779296875,0.037685295861018334,3,A1
43,4,180,10.555555555555555,89.44444444444444,14.992025518341306,89.34805865169176,0.04998779296875,0.037685295861018334,3,A1
43,5,180,43.333333333333336,92.22222222222223,48.15818281335523,92.18983755970056,0.04998779296875,0.037685295861018334,3,A1
43,6,180,26.666666666666668,93.33333333333333,36.89510489510489,93.86572063962723,0.04998779296875,0.037685295861018334,3,A1
43,7,180,3.888888888888889,95.0,6.54970760233918,94.99538544755936,0.04998779296875,0.037685295861018334,3,A1
43,8,180,35.55555555555556,90.0,34.3426138224697,89.91914558481723,0.04998779296875,0.037685295861018334,3,A1
43,9,72,6.944444444444445,94.44444444444444,12.702702702702704,94.44015444015443,0.04998779296875,0.037685295861018334,3,A1
44,0,180,52.22222222222222,93.33333333333333,57.277502181801474,93.82271563479357,0.04998779296875,0.037684127492339986,3,A1
44,1,180,24.444444444444443,96.11111111111111,28.266879319510895,96.36106440775552,0.04998779296875,0.037684127492339986,3,A1
44,2,180,33.888888888888886,88.88888888888889,37.768611172559176,88.8658368049182,0.04998779296875,0.037684127492339986,3,A1
44,3,180,1.6666666666666667,91.66666666666667,3.076923076923077,91.59872446289799,0.04998779296875,0.037684127492339986,3,A1
44,4,180,10.555555555555555,89.44444444444444,14.992025518341306,89.50313597372421,0.04998779296875,0.037684127492339986,3,A1
44,5,180,42.77777777777778,91.66666666666667,47.83736904183723,91.90566691936554,0.04998779296875,0.037684127492339986,3,A1
44,6,180,25.0,92.77777777777777,35.38461538461538,92.73979379008361,0.04998779296875,0.037684127492339986,3,A1
44,7,180,3.888888888888889,94.44444444444444,6.54970760233918,94.43584849776802,0.04998779296875,0.037684127492339986,3,A1
44,8,180,36.666666666666664,88.33333333333333,35.11436763300414,88.49653328138422,0.04998779296875,0.037684127492339986,3,A1
44,9,72,6.944444444444445,97.22222222222223,12.702702702702704,97.22222222222221,0.04998779296875,0.037684127492339986,3,A1
44,0,180,52.22222222222222,93.33333333333333,57.277502181801474,93.82271563479357,0.04998779296875,0.037684127492339986,3,A1
44,1,180,24.444444444444443,96.11111111111111,28.266879319510895,96.36106440775552,0.04998779296875,0.037684127492339986,3,A1
44,2,180,33.888888888888886,88.88888888888889,37.768611172559176,88.8658368049182,0.04998779296875,0.037684127492339986,3,A1
44,3,180,1.6666666666666667,91.66666666666667,3.076923076923077,91.59872446289799,0.04998779296875,0.037684127492339986,3,A1
44,4,180,10.555555555555555,89.44444444444444,14.992025518341306,89.50313597372421,0.04998779296875,0.037684127492339986,3,A1
44,5,180,42.77777777777778,91.66666666666667,47.83736904183723,91.90566691936554,0.04998779296875,0.037684127492339986,3,A1
44,6,180,25.0,92.77777777777777,35.38461538461538,92.73979379008361,0.04998779296875,0.037684127492339986,3,A1
44,7,180,3.888888888888889,94.44444444444444,6.54970760233918,94.43584849776802,0.04998779296875,0.037684127492339986,3,A1
44,8,180,36.666666666666664,88.33333333333333,35.11436763300414,88.49653328138422,0.04998779296875,0.037684127492339986,3,A1
44,9,72,6.944444444444445,97.22222222222223,12.702702702702704,97.22222222222221,0.04998779296875,0.037684127492339986,3,A1
45,0,180,52.77777777777778,95.0,57.68428184281843,95.52128674908835,0.04998779296875,0.037682274846654186,3,A1
45,1,180,24.444444444444443,95.55555555555556,28.266879319510895,96.03579575762392,0.04998779296875,0.037682274846654186,3,A1
45,2,180,33.333333333333336,89.44444444444444,37.19789335529343,89.33720809474185,0.04998779296875,0.037682274846654186,3,A1
45,3,180,2.2222222222222223,92.77777777777777,4.0,92.67968220207025,0.04998779296875,0.037682274846654186,3,A1
45,4,180,10.555555555555555,90.0,14.992025518341306,89.86280386280386,0.04998779296875,0.037682274846654186,3,A1
45,5,180,42.77777777777778,92.22222222222223,47.83736904183723,92.24658219587796,0.04998779296875,0.037682274846654186,3,A1
45,6,180,25.555555555555557,92.77777777777777,35.90711175616836,93.0591895686813,0.04998779296875,0.037682274846654186,3,A1
45,7,180,3.888888888888889,95.0,6.54970760233918,94.96606691494294,0.04998779296875,0.037682274846654186,3,A1
45,8,180,36.111111111111114,87.22222222222223,34.73385012919897,87.29242737938391,0.04998779296875,0.037682274846654186,3,A1
45,9,72,6.944444444444445,97.22222222222223,12.702702702702704,97.22222222222221,0.04998779296875,0.037682274846654186,3,A1
45,0,180,52.77777777777778,95.0,57.68428184281843,95.52128674908835,0.04998779296875,0.037682274846654186,3,A1
45,1,180,24.444444444444443,95.55555555555556,28.266879319510895,96.03579575762392,0.04998779296875,0.037682274846654186,3,A1
45,2,180,33.333333333333336,89.44444444444444,37.19789335529343,89.33720809474185,0.04998779296875,0.037682274846654186,3,A1
45,3,180,2.2222222222222223,92.77777777777777,4.0,92.67968220207025,0.04998779296875,0.037682274846654186,3,A1
45,4,180,10.555555555555555,90.0,14.992025518341306,89.86280386280386,0.04998779296875,0.037682274846654186,3,A1
45,5,180,42.77777777777778,92.22222222222223,47.83736904183723,92.24658219587796,0.04998779296875,0.037682274846654186,3,A1
45,6,180,25.555555555555557,92.77777777777777,35.90711175616836,93.0591895686813,0.04998779296875,0.037682274846654186,3,A1
45,7,180,3.888888888888889,95.0,6.54970760233918,94.96606691494294,0.04998779296875,0.037682274846654186,3,A1
45,8,180,36.111111111111114,87.22222222222223,34.73385012919897,87.29242737938391,0.04998779296875,0.037682274846654186,3,A1
45,9,72,6.944444444444445,97.22222222222223,12.702702702702704,97.22222222222221,0.04998779296875,0.037682274846654186,3,A1
46,0,180,52.77777777777778,93.88888888888889,57.68428184281843,94.40635810078899,0.04998779296875,0.03767796919534081,3,A1
46,1,180,24.444444444444443,95.0,28.266879319510895,95.50034453295112,0.04998779296875,0.03767796919534081,3,A1
46,2,180,33.333333333333336,84.44444444444444,37.19789335529343,84.20458086460718,0.04998779296875,0.03767796919534081,3,A1
46,3,180,2.2222222222222223,92.77777777777777,4.0,92.67325191356394,0.04998779296875,0.03767796919534081,3,A1
46,4,180,10.555555555555555,92.22222222222223,14.992025518341306,92.26040502161936,0.04998779296875,0.03767796919534081,3,A1
46,5,180,43.333333333333336,91.11111111111111,48.15818281335523,91.10885250015684,0.04998779296875,0.03767796919534081,3,A1
46,6,180,26.666666666666668,92.22222222222223,36.89510489510489,92.22342645293156,0.04998779296875,0.03767796919534081,3,A1
46,7,180,3.888888888888889,95.0,6.54970760233918,94.99538544755936,0.04998779296875,0.03767796919534081,3,A1
46,8,180,36.111111111111114,87.77777777777777,34.73385012919897,87.58256518358083,0.04998779296875,0.03767796919534081,3,A1
46,9,72,6.944444444444445,97.22222222222223,12.702702702702704,97.22222222222221,0.04998779296875,0.03767796919534081,3,A1
46,0,180,52.77777777777778,93.88888888888889,57.68428184281843,94.40635810078899,0.04998779296875,0.03767796919534081,3,A1
46,1,180,24.444444444444443,95.0,28.266879319510895,95.50034453295112,0.04998779296875,0.03767796919534081,3,A1
46,2,180,33.333333333333336,84.44444444444444,37.19789335529343,84.20458086460718,0.04998779296875,0.03767796919534081,3,A1
46,3,180,2.2222222222222223,92.77777777777777,4.0,92.67325191356394,0.04998779296875,0.03767796919534081,3,A1
46,4,180,10.555555555555555,92.22222222222223,14.992025518341306,92.26040502161936,0.04998779296875,0.03767796919534081,3,A1
46,5,180,43.333333333333336,91.11111111111111,48.15818281335523,91.10885250015684,0.04998779296875,0.03767796919534081,3,A1
46,6,180,26.666666666666668,92.22222222222223,36.89510489510489,92.22342645293156,0.04998779296875,0.03767796919534081,3,A1
46,7,180,3.888888888888889,95.0,6.54970760233918,94.99538544755936,0.04998779296875,0.03767796919534081,3,A1
46,8,180,36.111111111111114,87.77777777777777,34.73385012919897,87.58256518358083,0.04998779296875,0.03767796919534081,3,A1
46,9,72,6.944444444444445,97.22222222222223,12.702702702702704,97.22222222222221,0.04998779296875,0.03767796919534081,3,A1
47,0,180,52.77777777777778,94.44444444444444,57.68428184281843,94.96614256380717,0.04998779296875,0.037677667446826636,3,A1
47,1,180,25.0,95.0,29.23853923853924,95.4370839864604,0.04998779296875,0.037677667446826636,3,A1
47,2,180,34.44444444444444,86.11111111111111,38.327748178494446,85.6817215928164,0.04998779296875,0.037677667446826636,3,A1
47,3,180,2.2222222222222223,91.66666666666667,4.0,91.58971304653258,0.04998779296875,0.037677667446826636,3,A1
47,4,180,10.555555555555555,88.88888888888889,14.992025518341306,88.79152192436258,0.04998779296875,0.037677667446826636,3,A1
47,5,180,42.77777777777778,91.66666666666667,47.83736904183723,91.88409784516489,0.04998779296875,0.037677667446826636,3,A1
47,6,180,25.0,92.77777777777777,35.43957928863589,92.74242883619692,0.04998779296875,0.037677667446826636,3,A1
47,7,180,3.888888888888889,95.0,6.54970760233918,94.99108501848228,0.04998779296875,0.037677667446826636,3,A1
47,8,180,36.111111111111114,90.0,34.558025953374795,89.91091437149554,0.04998779296875,0.037677667446826636,3,A1
47,9,72,6.944444444444445,97.22222222222223,12.702702702702704,97.22222222222221,0.04998779296875,0.037677667446826636,3,A1
47,0,180,52.77777777777778,94.44444444444444,57.68428184281843,94.96614256380717,0.04998779296875,0.037677667446826636,3,A1
47,1,180,25.0,95.0,29.23853923853924,95.4370839864604,0.04998779296875,0.037677667446826636,3,A1
47,2,180,34.44444444444444,86.11111111111111,38.327748178494446,85.6817215928164,0.04998779296875,0.037677667446826636,3,A1
47,3,180,2.2222222222222223,91.66666666666667,4.0,91.58971304653258,0.04998779296875,0.037677667446826636,3,A1
47,4,180,10.555555555555555,88.88888888888889,14.992025518341306,88.79152192436258,0.04998779296875,0.037677667446826636,3,A1
47,5,180,42.77777777777778,91.66666666666667,47.83736904183723,91.88409784516489,0.04998779296875,0.037677667446826636,3,A1
47,6,180,25.0,92.77777777777777,35.43957928863589,92.74242883619692,0.04998779296875,0.037677667446826636,3,A1
47,7,180,3.888888888888889,95.0,6.54970760233918,94.99108501848228,0.04998779296875,0.037677667446826636,3,A1
47,8,180,36.111111111111114,90.0,34.558025953374795,89.91091437149554,0.04998779296875,0.037677667446826636,3,A1
47,9,72,6.944444444444445,97.22222222222223,12.702702702702704,97.22222222222221,0.04998779296875,0.037677667446826636,3,A1
48,0,180,52.77777777777778,93.88888888888889,57.68428184281843,94.40297665817552,0.04998779296875,0.03767592244242367,3,A1
48,1,180,25.0,95.0,29.23853923853924,95.48177770214696,0.04998779296875,0.03767592244242367,3,A1
48,2,180,33.333333333333336,87.77777777777777,37.19789335529343,87.3820222207319,0.04998779296875,0.03767592244242367,3,A1
48,3,180,2.2222222222222223,92.22222222222223,4.0,92.11923113292976,0.04998779296875,0.03767592244242367,3,A1
48,4,180,10.555555555555555,89.44444444444444,14.992025518341306,89.33331835191964,0.04998779296875,0.03767592244242367,3,A1
48,5,180,42.77777777777778,91.11111111111111,47.83736904183723,91.08576495848769,0.04998779296875,0.03767592244242367,3,A1
48,6,180,26.666666666666668,95.0,36.89510489510489,94.99057564772401,0.04998779296875,0.03767592244242367,3,A1
48,7,180,3.888888888888889,95.0,6.54970760233918,94.99538544755936,0.04998779296875,0.03767592244242367,3,A1
48,8,180,36.111111111111114,90.0,34.73385012919897,89.89633727391544,0.04998779296875,0.03767592244242367,3,A1
48,9,72,6.944444444444445,97.22222222222223,12.702702702702704,97.22222222222221,0.04998779296875,0.03767592244242367,3,A1
48,0,180,52.77777777777778,93.88888888888889,57.68428184281843,94.40297665817552,0.04998779296875,0.03767592244242367,3,A1
48,1,180,25.0,95.0,29.23853923853924,95.48177770214696,0.04998779296875,0.03767592244242367,3,A1
48,2,180,33.333333333333336,87.77777777777777,37.19789335529343,87.3820222207319,0.04998779296875,0.03767592244242367,3,A1
48,3,180,2.2222222222222223,92.22222222222223,4.0,92.11923113292976,0.04998779296875,0.03767592244242367,3,A1
48,4,180,10.555555555555555,89.44444444444444,14.992025518341306,89.33331835191964,0.04998779296875,0.03767592244242367,3,A1
48,5,180,42.77777777777778,91.11111111111111,47.83736904183723,91.08576495848769,0.04998779296875,0.03767592244242367,3,A1
48,6,180,26.666666666666668,95.0,36.89510489510489,94.99057564772401,0.04998779296875,0.03767592244242367,3,A1
48,7,180,3.888888888888889,95.0,6.54970760233918,94.99538544755936,0.04998779296875,0.03767592244242367,3,A1
48,8,180,36.111111111111114,90.0,34.73385012919897,89.89633727391544,0.04998779296875,0.03767592244242367,3,A1
48,9,72,6.944444444444445,97.22222222222223,12.702702702702704,97.22222222222221,0.04998779296875,0.03767592244242367,3,A1
49,0,180,52.77777777777778,93.88888888888889,57.68428184281843,94.40297665817552,0.04998779296875,0.037674226454998315,3,A1
49,1,180,24.444444444444443,94.44444444444444,28.266879319510895,94.63949548719896,0.04998779296875,0.037674226454998315,3,A1
49,2,180,33.888888888888886,82.77777777777777,37.768611172559176,81.82851949975237,0.04998779296875,0.037674226454998315,3,A1
49,3,180,2.2222222222222223,92.77777777777777,4.0,92.73093003849583,0.04998779296875,0.037674226454998315,3,A1
49,4,180,10.555555555555555,90.55555555555556,14.992025518341306,90.71206841120102,0.04998779296875,0.037674226454998315,3,A1
49,5,180,42.77777777777778,90.0,47.83736904183723,90.15400364545492,0.04998779296875,0.037674226454998315,3,A1
49,6,180,26.666666666666668,92.22222222222223,36.89510489510489,92.28107920276767,0.04998779296875,0.037674226454998315,3,A1
49,7,180,3.888888888888889,95.0,6.54970760233918,94.99538544755936,0.04998779296875,0.037674226454998315,3,A1
49,8,180,36.111111111111114,88.33333333333333,34.73385012919897,88.20237239185975,0.04998779296875,0.037674226454998315,3,A1
49,9,72,6.944444444444445,98.61111111111111,12.702702702702704,98.610843141038,0.04998779296875,0.037674226454998315,3,A1
49,0,180,52.77777777777778,93.88888888888889,57.68428184281843,94.40297665817552,0.04998779296875,0.037674226454998315,3,A1
49,1,180,24.444444444444443,94.44444444444444,28.266879319510895,94.63949548719896,0.04998779296875,0.037674226454998315,3,A1
49,2,180,33.888888888888886,82.77777777777777,37.768611172559176,81.82851949975237,0.04998779296875,0.037674226454998315,3,A1
49,3,180,2.2222222222222223,92.77777777777777,4.0,92.73093003849583,0.04998779296875,0.037674226454998315,3,A1
49,4,180,10.555555555555555,90.55555555555556,14.992025518341306,90.71206841120102,0.04998779296875,0.037674226454998315,3,A1
49,5,180,42.77777777777778,90.0,47.83736904183723,90.15400364545492,0.04998779296875,0.037674226454998315,3,A1
49,6,180,26.666666666666668,92.22222222222223,36.89510489510489,92.28107920276767,0.04998779296875,0.037674226454998315,3,A1
49,7,180,3.888888888888889,95.0,6.54970760233918,94.99538544755936,0.04998779296875,0.037674226454998315,3,A1
49,8,180,36.111111111111114,88.33333333333333,34.73385012919897,88.20237239185975,0.04998779296875,0.037674226454998315,3,A1
49,9,72,6.944444444444445,98.61111111111111,12.702702702702704,98.610843141038,0.04998779296875,0.037674226454998315,3,A1
