***************
** Arguments **
***************
alpha: 1.0
avg_prompt: 1
backbone: ViT-B/16
beta: 0.5
dataset: Office31
device_id: 0
eval_only: False
frac: 1
gamma: 1
head: 
iid: False
load_epoch: None
logdir: ./logs/
n_ctx: 16
no_train: False
num_prompt: 2
num_shots: 16
num_users: 10
opts: []
output_dir: output/..
para_dir: output/Office31/GL_SVDMSE/shot_16/beta_0.5/ep1_r50/alpha1.0_ratio0.8/seed_1/spf_g0.05_e0.9_r8/para1
partition: noniid-labeldir
prompts_lens: None
ratio: 0.8
resume: None
root: /workspace/FedPHA/DATA
seed: 1
specify: False
spf_energy: 0.9
spf_gamma_init: 0.05
spf_max_rank: 8
spf_min_rank: 1
spf_private_lambda: 0.01
spf_shared_lambda: 0.1
test_batch_size: 128
train_batch_size: 32
trainer: GL_SVDMSE
transforms: None
use_spf: True
useall: False
************
** Config **
************
DATALOADER:
  K_TRANSFORMS: 1
  NUM_WORKERS: 8
  RETURN_IMG0: False
  TEST:
    BATCH_SIZE: 128
    SAMPLER: SequentialSampler
  TRAIN_U:
    BATCH_SIZE: 32
    N_DOMAIN: 0
    N_INS: 16
    SAME_AS_X: True
    SAMPLER: RandomSampler
  TRAIN_X:
    BATCH_SIZE: 32
    N_DOMAIN: 0
    N_INS: 16
    SAMPLER: RandomSampler
DATASET:
  ALL_AS_UNLABELED: False
  BETA: 0.5
  CIFAR_C_LEVEL: 1
  CIFAR_C_TYPE: 
  DOMAIN_NUM: 1
  IID: False
  NAME: Office31
  NUM_LABELED: -1
  NUM_SHOTS: 16
  PARTITION: noniid-labeldir
  REPEATRATE: 0.0
  ROOT: /workspace/FedPHA/DATA
  SOURCE_DOMAINS: ('amazon', 'dslr', 'webcam')
  STL10_FOLD: -1
  SUBSAMPLE_CLASSES: all
  TARGET_DOMAINS: ()
  USEALL: False
  USERS: 6
  USER_PROMPT_LENGTHS: [16, 16, 16, 32, 32, 16]
  VAL_PERCENT: 0.1
INPUT:
  COLORJITTER_B: 0.4
  COLORJITTER_C: 0.4
  COLORJITTER_H: 0.1
  COLORJITTER_S: 0.4
  CROP_PADDING: 4
  CUTOUT_LEN: 16
  CUTOUT_N: 1
  GB_K: 21
  GB_P: 0.5
  GN_MEAN: 0.0
  GN_STD: 0.15
  INTERPOLATION: bicubic
  NO_TRANSFORM: False
  PIXEL_MEAN: [0.48145466, 0.4578275, 0.40821073]
  PIXEL_STD: [0.26862954, 0.26130258, 0.27577711]
  RANDAUGMENT_M: 10
  RANDAUGMENT_N: 2
  RGS_P: 0.2
  RRCROP_SCALE: (0.08, 1.0)
  SIZE: (224, 224)
  TRANSFORMS: ('random_resized_crop', 'random_flip', 'normalize')
MODEL:
  BACKBONE:
    NAME: ViT-B/16
    PRETRAINED: True
  HEAD:
    ACTIVATION: relu
    BN: True
    DROPOUT: 0.0
    HIDDEN_LAYERS: ()
    NAME: 
  INIT_WEIGHTS: 
OPTIM:
  ADAM_BETA1: 0.9
  ADAM_BETA2: 0.999
  BASE_LR_MULT: 0.1
  GAMMA: 1
  LR: 0.001
  LR_SCHEDULER: single_step
  MAX_EPOCH: 1
  MOMENTUM: 0.9
  NAME: sgd
  NEW_LAYERS: ()
  RMSPROP_ALPHA: 0.99
  ROUND: 50
  SGD_DAMPNING: 0
  SGD_NESTEROV: False
  STAGED_LR: False
  STEPSIZE: (-1,)
  WARMUP_CONS_LR: 1e-05
  WARMUP_EPOCH: 0
  WARMUP_MIN_LR: 1e-05
  WARMUP_RECOUNT: True
  WARMUP_TYPE: constant
  WEIGHT_DECAY: 0.0005
OUTPUT_DIR: output/Office31/GL_SVDMSE/shot_16/beta_0.5/ep1_r50/alpha1.0_ratio0.8/seed_1/spf_g0.05_e0.9_r8
RESUME: 
SEED: 1
TEST:
  COMPUTE_CMAT: False
  EVALUATOR: Classification
  FINAL_MODEL: last_step
  NO_TEST: False
  PER_CLASS_RESULT: False
  SPLIT: test
TRAIN:
  CHECKPOINT_FREQ: 0
  COUNT_ITER: train_x
  PRINT_FREQ: 10
TRAINER:
  CDAC:
    CLASS_LR_MULTI: 10
    P_THRESH: 0.95
    RAMPUP_COEF: 30
    RAMPUP_ITRS: 1000
    STRONG_TRANSFORMS: ()
    TOPK_MATCH: 5
  CROSSGRAD:
    ALPHA_D: 0.5
    ALPHA_F: 0.5
    EPS_D: 1.0
    EPS_F: 1.0
  DAEL:
    CONF_THRE: 0.95
    STRONG_TRANSFORMS: ()
    WEIGHT_U: 0.5
  DAELDG:
    CONF_THRE: 0.95
    STRONG_TRANSFORMS: ()
    WEIGHT_U: 0.5
  DDAIG:
    ALPHA: 0.5
    CLAMP: False
    CLAMP_MAX: 1.0
    CLAMP_MIN: -1.0
    G_ARCH: 
    LMDA: 0.3
    WARMUP: 0
  DOMAINMIX:
    ALPHA: 1.0
    BETA: 1.0
    TYPE: crossdomain
  ENTMIN:
    LMDA: 0.001
  FEDPGP:
    BOTTLENECK: 4
    CLASS_TOKEN_POSITION: end
    CSC: False
    CTX_INIT: False
    FEATURE: False
    N: 1
    N_CTX: 16
    PREC: fp16
    mu: 1
    temp: 0.5
  FIXMATCH:
    CONF_THRE: 0.95
    STRONG_TRANSFORMS: ()
    WEIGHT_U: 1.0
  GLP_OT:
    AVG_N: 1.0
    CLASS_TOKEN_POSITION: end
    CSC: False
    CTX_INIT: False
    EPS: 0.1
    MAX_ITER: 100
    N: 2
    N_CTX: 16
    OT: COT
    PREC: fp16
    THRESH: 0.001
    TOP_PERCENT: 1
  GL_SVDMSE:
    CLASS_TOKEN_POSITION: end
    CSC: False
    CTX_INIT: False
    N: 1
    N_CTX: 16
    PREC: fp16
    SPF_ENERGY: 0.9
    SPF_GAMMA_INIT: 0.05
    SPF_MAX_RANK: 8
    SPF_MIN_RANK: 1
    SPF_PRIVATE_LAMBDA: 0.01
    SPF_SHARED_LAMBDA: 0.1
    USE_SPF: True
    alpha: 1.0
    lambda_orthogonal: 1
    ratio: 0.8
  GL_SVDMSE_HE:
    CLASS_TOKEN_POSITION: end
    CSC: False
    CTX_INIT: False
    N: 1
    N_CTX_GLOBAL: 16
    PREC: fp16
    alpha: 1.0
    lambda_orthogonal: 1
    ratio: 0.8
  M3SDA:
    LMDA: 0.5
    N_STEP_F: 4
  MCD:
    N_STEP_F: 4
  MEANTEACHER:
    EMA_ALPHA: 0.999
    RAMPUP: 5
    WEIGHT_U: 1.0
  MIXMATCH:
    MIXUP_BETA: 0.75
    RAMPUP: 20000
    TEMP: 2.0
    WEIGHT_U: 100.0
  MME:
    LMDA: 0.1
  NAME: GL_SVDMSE
  PROMPTFL:
    CLASS_TOKEN_POSITION: end
    CSC: False
    CTX_INIT: False
    N_CTX: 16
    PREC: fp16
  SE:
    CONF_THRE: 0.95
    EMA_ALPHA: 0.999
    RAMPUP: 300
USE_CUDA: True
VERBOSE: True
VERSION: 1
Loading trainer: GL_SVDMSE
Loading dataset: Office31
amazon Training data split:  {0: {0: 68, 1: 26, 2: 30, 3: 26, 4: 16, 5: 70, 6: 21, 7: 37, 8: 76, 9: 40, 10: 37, 11: 38, 12: 38, 13: 37, 14: 38, 15: 37, 16: 38, 17: 70, 18: 75, 19: 76, 20: 69, 21: 38, 22: 37, 23: 37, 24: 21, 25: 32}, 1: {0: 6, 1: 40, 2: 28, 3: 40, 4: 12, 5: 6, 6: 51, 7: 41, 8: 1, 9: 25, 10: 42, 11: 42, 12: 42, 13: 41, 14: 42, 15: 42, 16: 42, 17: 6, 18: 1, 19: 1, 20: 6, 21: 42, 22: 41, 23: 41, 24: 51, 25: 28, 26: 80, 27: 80, 28: 79, 29: 76, 30: 52}}
amazon Testing data split:  {0: {0: 16, 1: 6, 2: 7, 3: 6, 4: 4, 5: 16, 6: 5, 7: 9, 8: 19, 9: 10, 10: 9, 11: 9, 12: 9, 13: 9, 14: 9, 15: 9, 16: 9, 17: 16, 18: 19, 19: 17, 20: 16, 21: 9, 22: 9, 23: 9, 24: 5, 25: 8}, 1: {0: 2, 1: 10, 2: 7, 3: 10, 4: 4, 5: 2, 6: 14, 7: 10, 8: 1, 9: 6, 10: 11, 11: 11, 12: 11, 13: 11, 14: 11, 15: 11, 16: 11, 17: 2, 18: 1, 19: 1, 20: 2, 21: 11, 22: 11, 23: 11, 24: 13, 25: 7, 26: 20, 27: 19, 28: 20, 29: 20, 30: 12}}
dslr Training data split:  {0: {1: 16, 2: 11, 3: 1, 4: 4, 8: 4, 9: 4, 10: 10, 11: 7, 12: 16, 14: 14, 15: 14, 17: 5, 18: 7, 19: 7, 20: 10, 22: 15, 23: 12, 24: 7, 25: 1, 26: 6, 27: 9, 28: 16, 29: 17}, 1: {0: 10, 1: 1, 2: 9, 3: 8, 4: 9, 5: 10, 6: 9, 7: 12, 8: 8, 9: 8, 10: 1, 11: 1, 12: 2, 13: 14, 14: 11, 15: 2, 16: 10, 17: 1, 18: 1, 19: 1, 20: 1, 21: 13, 22: 2, 23: 3, 24: 1, 25: 5, 26: 8, 27: 11, 28: 1, 29: 1, 30: 13}}
dslr Testing data split:  {0: {1: 3, 2: 2, 4: 1, 8: 1, 9: 1, 10: 1, 11: 1, 12: 5, 14: 3, 15: 5, 17: 1, 18: 1, 19: 1, 20: 1, 22: 5, 23: 2, 24: 1, 26: 1, 27: 2, 28: 3, 29: 3}, 1: {0: 2, 1: 1, 2: 2, 3: 3, 4: 2, 5: 2, 6: 4, 7: 2, 8: 2, 9: 2, 10: 1, 11: 1, 12: 1, 13: 2, 14: 3, 15: 1, 16: 2, 17: 1, 18: 1, 19: 1, 20: 1, 21: 2, 22: 1, 23: 1, 24: 1, 25: 1, 26: 3, 27: 4, 28: 1, 29: 1, 30: 2}}
webcam Training data split:  {0: {0: 20, 1: 9, 2: 5, 5: 14, 6: 2, 7: 6, 8: 16, 9: 14, 10: 9, 11: 10, 12: 20, 13: 13, 14: 20, 15: 17, 16: 20, 17: 5, 18: 5, 19: 2, 20: 5, 21: 15, 22: 20, 23: 9, 24: 2, 25: 8, 26: 12, 27: 20, 28: 16, 29: 10}, 1: {0: 4, 1: 7, 2: 19, 3: 8, 4: 14, 5: 11, 6: 30, 7: 8, 8: 1, 9: 1, 10: 12, 11: 12, 12: 4, 13: 3, 14: 4, 15: 16, 16: 4, 17: 18, 18: 17, 19: 24, 20: 7, 21: 1, 22: 4, 23: 12, 24: 30, 25: 1, 26: 9, 27: 4, 28: 2, 29: 9, 30: 17}}
webcam Testing data split:  {0: {0: 4, 1: 2, 5: 3, 7: 1, 8: 3, 9: 3, 10: 2, 11: 2, 12: 5, 13: 2, 14: 5, 15: 5, 16: 5, 18: 1, 20: 1, 21: 3, 22: 5, 23: 2, 25: 1, 26: 2, 27: 5, 28: 5, 29: 2}, 1: {0: 1, 1: 3, 2: 4, 3: 4, 4: 2, 5: 3, 6: 8, 7: 3, 8: 1, 9: 1, 10: 4, 11: 3, 12: 1, 13: 1, 14: 1, 15: 5, 16: 1, 17: 4, 18: 5, 19: 6, 20: 3, 21: 1, 22: 1, 23: 4, 24: 8, 25: 1, 26: 2, 27: 1, 28: 1, 29: 2, 30: 4}}
train_data_num_list: [1128, 1127, 213, 187, 324, 313]
test_data_num_list: [269, 293, 44, 54, 69, 89]
Building transform_train
+ random resized crop (size=(224, 224), scale=(0.08, 1.0))
+ random flip
+ to torch tensor of range [0, 1]
+ normalization (mean=[0.48145466, 0.4578275, 0.40821073], std=[0.26862954, 0.26130258, 0.27577711])
Building transform_test
+ resize the smaller edge to 224
+ 224x224 center crop
+ to torch tensor of range [0, 1]
+ normalization (mean=[0.48145466, 0.4578275, 0.40821073], std=[0.26862954, 0.26130258, 0.27577711])
-------------------  ----------------------------
Dataset              Office31
Source               ('amazon', 'dslr', 'webcam')
# classes            31
# federated_train_x  6
# federated_test_x   6
# test               3
-------------------  ----------------------------
Loading CLIP (backbone: ViT-B/16)
Building custom CLIP
Initializing a generic context
Initial context: "X X X X X X X X X X X X X X X X"
Number of context words (tokens): 16
Turning off gradients in both the image and the text encoder
Loading evaluator: Classification
+---------------------------+------------+
|          Modules          | Parameters |
+---------------------------+------------+
| prompt_learner.ctx_global |    8192    |
|  prompt_learner.ctx_local |    8192    |
+---------------------------+------------+
Total Trainable Params: 16384
+-------------------------------------------------------------+------------+
|                           Modules                           | Parameters |
+-------------------------------------------------------------+------------+
|                image_encoder.class_embedding                |    768     |
|              image_encoder.positional_embedding             |   151296   |
|                      image_encoder.proj                     |   393216   |
|                  image_encoder.conv1.weight                 |   589824   |
|                 image_encoder.ln_pre.weight                 |    768     |
|                  image_encoder.ln_pre.bias                  |    768     |
|  image_encoder.transformer.resblocks.0.attn.in_proj_weight  |  1769472   |
|   image_encoder.transformer.resblocks.0.attn.in_proj_bias   |    2304    |
|  image_encoder.transformer.resblocks.0.attn.out_proj.weight |   589824   |
|   image_encoder.transformer.resblocks.0.attn.out_proj.bias  |    768     |
|      image_encoder.transformer.resblocks.0.ln_1.weight      |    768     |
|       image_encoder.transformer.resblocks.0.ln_1.bias       |    768     |
|    image_encoder.transformer.resblocks.0.mlp.c_fc.weight    |  2359296   |
|     image_encoder.transformer.resblocks.0.mlp.c_fc.bias     |    3072    |
|   image_encoder.transformer.resblocks.0.mlp.c_proj.weight   |  2359296   |
|    image_encoder.transformer.resblocks.0.mlp.c_proj.bias    |    768     |
|      image_encoder.transformer.resblocks.0.ln_2.weight      |    768     |
|       image_encoder.transformer.resblocks.0.ln_2.bias       |    768     |
|  image_encoder.transformer.resblocks.1.attn.in_proj_weight  |  1769472   |
|   image_encoder.transformer.resblocks.1.attn.in_proj_bias   |    2304    |
|  image_encoder.transformer.resblocks.1.attn.out_proj.weight |   589824   |
|   image_encoder.transformer.resblocks.1.attn.out_proj.bias  |    768     |
|      image_encoder.transformer.resblocks.1.ln_1.weight      |    768     |
|       image_encoder.transformer.resblocks.1.ln_1.bias       |    768     |
|    image_encoder.transformer.resblocks.1.mlp.c_fc.weight    |  2359296   |
|     image_encoder.transformer.resblocks.1.mlp.c_fc.bias     |    3072    |
|   image_encoder.transformer.resblocks.1.mlp.c_proj.weight   |  2359296   |
|    image_encoder.transformer.resblocks.1.mlp.c_proj.bias    |    768     |
|      image_encoder.transformer.resblocks.1.ln_2.weight      |    768     |
|       image_encoder.transformer.resblocks.1.ln_2.bias       |    768     |
|  image_encoder.transformer.resblocks.2.attn.in_proj_weight  |  1769472   |
|   image_encoder.transformer.resblocks.2.attn.in_proj_bias   |    2304    |
|  image_encoder.transformer.resblocks.2.attn.out_proj.weight |   589824   |
|   image_encoder.transformer.resblocks.2.attn.out_proj.bias  |    768     |
|      image_encoder.transformer.resblocks.2.ln_1.weight      |    768     |
|       image_encoder.transformer.resblocks.2.ln_1.bias       |    768     |
|    image_encoder.transformer.resblocks.2.mlp.c_fc.weight    |  2359296   |
|     image_encoder.transformer.resblocks.2.mlp.c_fc.bias     |    3072    |
|   image_encoder.transformer.resblocks.2.mlp.c_proj.weight   |  2359296   |
|    image_encoder.transformer.resblocks.2.mlp.c_proj.bias    |    768     |
|      image_encoder.transformer.resblocks.2.ln_2.weight      |    768     |
|       image_encoder.transformer.resblocks.2.ln_2.bias       |    768     |
|  image_encoder.transformer.resblocks.3.attn.in_proj_weight  |  1769472   |
|   image_encoder.transformer.resblocks.3.attn.in_proj_bias   |    2304    |
|  image_encoder.transformer.resblocks.3.attn.out_proj.weight |   589824   |
|   image_encoder.transformer.resblocks.3.attn.out_proj.bias  |    768     |
|      image_encoder.transformer.resblocks.3.ln_1.weight      |    768     |
|       image_encoder.transformer.resblocks.3.ln_1.bias       |    768     |
|    image_encoder.transformer.resblocks.3.mlp.c_fc.weight    |  2359296   |
|     image_encoder.transformer.resblocks.3.mlp.c_fc.bias     |    3072    |
|   image_encoder.transformer.resblocks.3.mlp.c_proj.weight   |  2359296   |
|    image_encoder.transformer.resblocks.3.mlp.c_proj.bias    |    768     |
|      image_encoder.transformer.resblocks.3.ln_2.weight      |    768     |
|       image_encoder.transformer.resblocks.3.ln_2.bias       |    768     |
|  image_encoder.transformer.resblocks.4.attn.in_proj_weight  |  1769472   |
|   image_encoder.transformer.resblocks.4.attn.in_proj_bias   |    2304    |
|  image_encoder.transformer.resblocks.4.attn.out_proj.weight |   589824   |
|   image_encoder.transformer.resblocks.4.attn.out_proj.bias  |    768     |
|      image_encoder.transformer.resblocks.4.ln_1.weight      |    768     |
|       image_encoder.transformer.resblocks.4.ln_1.bias       |    768     |
|    image_encoder.transformer.resblocks.4.mlp.c_fc.weight    |  2359296   |
|     image_encoder.transformer.resblocks.4.mlp.c_fc.bias     |    3072    |
|   image_encoder.transformer.resblocks.4.mlp.c_proj.weight   |  2359296   |
|    image_encoder.transformer.resblocks.4.mlp.c_proj.bias    |    768     |
|      image_encoder.transformer.resblocks.4.ln_2.weight      |    768     |
|       image_encoder.transformer.resblocks.4.ln_2.bias       |    768     |
|  image_encoder.transformer.resblocks.5.attn.in_proj_weight  |  1769472   |
|   image_encoder.transformer.resblocks.5.attn.in_proj_bias   |    2304    |
|  image_encoder.transformer.resblocks.5.attn.out_proj.weight |   589824   |
|   image_encoder.transformer.resblocks.5.attn.out_proj.bias  |    768     |
|      image_encoder.transformer.resblocks.5.ln_1.weight      |    768     |
|       image_encoder.transformer.resblocks.5.ln_1.bias       |    768     |
|    image_encoder.transformer.resblocks.5.mlp.c_fc.weight    |  2359296   |
|     image_encoder.transformer.resblocks.5.mlp.c_fc.bias     |    3072    |
|   image_encoder.transformer.resblocks.5.mlp.c_proj.weight   |  2359296   |
|    image_encoder.transformer.resblocks.5.mlp.c_proj.bias    |    768     |
|      image_encoder.transformer.resblocks.5.ln_2.weight      |    768     |
|       image_encoder.transformer.resblocks.5.ln_2.bias       |    768     |
|  image_encoder.transformer.resblocks.6.attn.in_proj_weight  |  1769472   |
|   image_encoder.transformer.resblocks.6.attn.in_proj_bias   |    2304    |
|  image_encoder.transformer.resblocks.6.attn.out_proj.weight |   589824   |
|   image_encoder.transformer.resblocks.6.attn.out_proj.bias  |    768     |
|      image_encoder.transformer.resblocks.6.ln_1.weight      |    768     |
|       image_encoder.transformer.resblocks.6.ln_1.bias       |    768     |
|    image_encoder.transformer.resblocks.6.mlp.c_fc.weight    |  2359296   |
|     image_encoder.transformer.resblocks.6.mlp.c_fc.bias     |    3072    |
|   image_encoder.transformer.resblocks.6.mlp.c_proj.weight   |  2359296   |
|    image_encoder.transformer.resblocks.6.mlp.c_proj.bias    |    768     |
|      image_encoder.transformer.resblocks.6.ln_2.weight      |    768     |
|       image_encoder.transformer.resblocks.6.ln_2.bias       |    768     |
|  image_encoder.transformer.resblocks.7.attn.in_proj_weight  |  1769472   |
|   image_encoder.transformer.resblocks.7.attn.in_proj_bias   |    2304    |
|  image_encoder.transformer.resblocks.7.attn.out_proj.weight |   589824   |
|   image_encoder.transformer.resblocks.7.attn.out_proj.bias  |    768     |
|      image_encoder.transformer.resblocks.7.ln_1.weight      |    768     |
|       image_encoder.transformer.resblocks.7.ln_1.bias       |    768     |
|    image_encoder.transformer.resblocks.7.mlp.c_fc.weight    |  2359296   |
|     image_encoder.transformer.resblocks.7.mlp.c_fc.bias     |    3072    |
|   image_encoder.transformer.resblocks.7.mlp.c_proj.weight   |  2359296   |
|    image_encoder.transformer.resblocks.7.mlp.c_proj.bias    |    768     |
|      image_encoder.transformer.resblocks.7.ln_2.weight      |    768     |
|       image_encoder.transformer.resblocks.7.ln_2.bias       |    768     |
|  image_encoder.transformer.resblocks.8.attn.in_proj_weight  |  1769472   |
|   image_encoder.transformer.resblocks.8.attn.in_proj_bias   |    2304    |
|  image_encoder.transformer.resblocks.8.attn.out_proj.weight |   589824   |
|   image_encoder.transformer.resblocks.8.attn.out_proj.bias  |    768     |
|      image_encoder.transformer.resblocks.8.ln_1.weight      |    768     |
|       image_encoder.transformer.resblocks.8.ln_1.bias       |    768     |
|    image_encoder.transformer.resblocks.8.mlp.c_fc.weight    |  2359296   |
|     image_encoder.transformer.resblocks.8.mlp.c_fc.bias     |    3072    |
|   image_encoder.transformer.resblocks.8.mlp.c_proj.weight   |  2359296   |
|    image_encoder.transformer.resblocks.8.mlp.c_proj.bias    |    768     |
|      image_encoder.transformer.resblocks.8.ln_2.weight      |    768     |
|       image_encoder.transformer.resblocks.8.ln_2.bias       |    768     |
|  image_encoder.transformer.resblocks.9.attn.in_proj_weight  |  1769472   |
|   image_encoder.transformer.resblocks.9.attn.in_proj_bias   |    2304    |
|  image_encoder.transformer.resblocks.9.attn.out_proj.weight |   589824   |
|   image_encoder.transformer.resblocks.9.attn.out_proj.bias  |    768     |
|      image_encoder.transformer.resblocks.9.ln_1.weight      |    768     |
|       image_encoder.transformer.resblocks.9.ln_1.bias       |    768     |
|    image_encoder.transformer.resblocks.9.mlp.c_fc.weight    |  2359296   |
|     image_encoder.transformer.resblocks.9.mlp.c_fc.bias     |    3072    |
|   image_encoder.transformer.resblocks.9.mlp.c_proj.weight   |  2359296   |
|    image_encoder.transformer.resblocks.9.mlp.c_proj.bias    |    768     |
|      image_encoder.transformer.resblocks.9.ln_2.weight      |    768     |
|       image_encoder.transformer.resblocks.9.ln_2.bias       |    768     |
|  image_encoder.transformer.resblocks.10.attn.in_proj_weight |  1769472   |
|   image_encoder.transformer.resblocks.10.attn.in_proj_bias  |    2304    |
| image_encoder.transformer.resblocks.10.attn.out_proj.weight |   589824   |
|  image_encoder.transformer.resblocks.10.attn.out_proj.bias  |    768     |
|      image_encoder.transformer.resblocks.10.ln_1.weight     |    768     |
|       image_encoder.transformer.resblocks.10.ln_1.bias      |    768     |
|    image_encoder.transformer.resblocks.10.mlp.c_fc.weight   |  2359296   |
|     image_encoder.transformer.resblocks.10.mlp.c_fc.bias    |    3072    |
|   image_encoder.transformer.resblocks.10.mlp.c_proj.weight  |  2359296   |
|    image_encoder.transformer.resblocks.10.mlp.c_proj.bias   |    768     |
|      image_encoder.transformer.resblocks.10.ln_2.weight     |    768     |
|       image_encoder.transformer.resblocks.10.ln_2.bias      |    768     |
|  image_encoder.transformer.resblocks.11.attn.in_proj_weight |  1769472   |
|   image_encoder.transformer.resblocks.11.attn.in_proj_bias  |    2304    |
| image_encoder.transformer.resblocks.11.attn.out_proj.weight |   589824   |
|  image_encoder.transformer.resblocks.11.attn.out_proj.bias  |    768     |
|      image_encoder.transformer.resblocks.11.ln_1.weight     |    768     |
|       image_encoder.transformer.resblocks.11.ln_1.bias      |    768     |
|    image_encoder.transformer.resblocks.11.mlp.c_fc.weight   |  2359296   |
|     image_encoder.transformer.resblocks.11.mlp.c_fc.bias    |    3072    |
|   image_encoder.transformer.resblocks.11.mlp.c_proj.weight  |  2359296   |
|    image_encoder.transformer.resblocks.11.mlp.c_proj.bias   |    768     |
|      image_encoder.transformer.resblocks.11.ln_2.weight     |    768     |
|       image_encoder.transformer.resblocks.11.ln_2.bias      |    768     |
|                 image_encoder.ln_post.weight                |    768     |
|                  image_encoder.ln_post.bias                 |    768     |
+-------------------------------------------------------------+------------+
Total Trainable Params: 86192640
+------------------------------------------------------------+------------+
|                          Modules                           | Parameters |
+------------------------------------------------------------+------------+
|             text_encoder.positional_embedding              |   39424    |
|                text_encoder.text_projection                |   262144   |
|  text_encoder.transformer.resblocks.0.attn.in_proj_weight  |   786432   |
|   text_encoder.transformer.resblocks.0.attn.in_proj_bias   |    1536    |
| text_encoder.transformer.resblocks.0.attn.out_proj.weight  |   262144   |
|  text_encoder.transformer.resblocks.0.attn.out_proj.bias   |    512     |
|      text_encoder.transformer.resblocks.0.ln_1.weight      |    512     |
|       text_encoder.transformer.resblocks.0.ln_1.bias       |    512     |
|    text_encoder.transformer.resblocks.0.mlp.c_fc.weight    |  1048576   |
|     text_encoder.transformer.resblocks.0.mlp.c_fc.bias     |    2048    |
|   text_encoder.transformer.resblocks.0.mlp.c_proj.weight   |  1048576   |
|    text_encoder.transformer.resblocks.0.mlp.c_proj.bias    |    512     |
|      text_encoder.transformer.resblocks.0.ln_2.weight      |    512     |
|       text_encoder.transformer.resblocks.0.ln_2.bias       |    512     |
|  text_encoder.transformer.resblocks.1.attn.in_proj_weight  |   786432   |
|   text_encoder.transformer.resblocks.1.attn.in_proj_bias   |    1536    |
| text_encoder.transformer.resblocks.1.attn.out_proj.weight  |   262144   |
|  text_encoder.transformer.resblocks.1.attn.out_proj.bias   |    512     |
|      text_encoder.transformer.resblocks.1.ln_1.weight      |    512     |
|       text_encoder.transformer.resblocks.1.ln_1.bias       |    512     |
|    text_encoder.transformer.resblocks.1.mlp.c_fc.weight    |  1048576   |
|     text_encoder.transformer.resblocks.1.mlp.c_fc.bias     |    2048    |
|   text_encoder.transformer.resblocks.1.mlp.c_proj.weight   |  1048576   |
|    text_encoder.transformer.resblocks.1.mlp.c_proj.bias    |    512     |
|      text_encoder.transformer.resblocks.1.ln_2.weight      |    512     |
|       text_encoder.transformer.resblocks.1.ln_2.bias       |    512     |
|  text_encoder.transformer.resblocks.2.attn.in_proj_weight  |   786432   |
|   text_encoder.transformer.resblocks.2.attn.in_proj_bias   |    1536    |
| text_encoder.transformer.resblocks.2.attn.out_proj.weight  |   262144   |
|  text_encoder.transformer.resblocks.2.attn.out_proj.bias   |    512     |
|      text_encoder.transformer.resblocks.2.ln_1.weight      |    512     |
|       text_encoder.transformer.resblocks.2.ln_1.bias       |    512     |
|    text_encoder.transformer.resblocks.2.mlp.c_fc.weight    |  1048576   |
|     text_encoder.transformer.resblocks.2.mlp.c_fc.bias     |    2048    |
|   text_encoder.transformer.resblocks.2.mlp.c_proj.weight   |  1048576   |
|    text_encoder.transformer.resblocks.2.mlp.c_proj.bias    |    512     |
|      text_encoder.transformer.resblocks.2.ln_2.weight      |    512     |
|       text_encoder.transformer.resblocks.2.ln_2.bias       |    512     |
|  text_encoder.transformer.resblocks.3.attn.in_proj_weight  |   786432   |
|   text_encoder.transformer.resblocks.3.attn.in_proj_bias   |    1536    |
| text_encoder.transformer.resblocks.3.attn.out_proj.weight  |   262144   |
|  text_encoder.transformer.resblocks.3.attn.out_proj.bias   |    512     |
|      text_encoder.transformer.resblocks.3.ln_1.weight      |    512     |
|       text_encoder.transformer.resblocks.3.ln_1.bias       |    512     |
|    text_encoder.transformer.resblocks.3.mlp.c_fc.weight    |  1048576   |
|     text_encoder.transformer.resblocks.3.mlp.c_fc.bias     |    2048    |
|   text_encoder.transformer.resblocks.3.mlp.c_proj.weight   |  1048576   |
|    text_encoder.transformer.resblocks.3.mlp.c_proj.bias    |    512     |
|      text_encoder.transformer.resblocks.3.ln_2.weight      |    512     |
|       text_encoder.transformer.resblocks.3.ln_2.bias       |    512     |
|  text_encoder.transformer.resblocks.4.attn.in_proj_weight  |   786432   |
|   text_encoder.transformer.resblocks.4.attn.in_proj_bias   |    1536    |
| text_encoder.transformer.resblocks.4.attn.out_proj.weight  |   262144   |
|  text_encoder.transformer.resblocks.4.attn.out_proj.bias   |    512     |
|      text_encoder.transformer.resblocks.4.ln_1.weight      |    512     |
|       text_encoder.transformer.resblocks.4.ln_1.bias       |    512     |
|    text_encoder.transformer.resblocks.4.mlp.c_fc.weight    |  1048576   |
|     text_encoder.transformer.resblocks.4.mlp.c_fc.bias     |    2048    |
|   text_encoder.transformer.resblocks.4.mlp.c_proj.weight   |  1048576   |
|    text_encoder.transformer.resblocks.4.mlp.c_proj.bias    |    512     |
|      text_encoder.transformer.resblocks.4.ln_2.weight      |    512     |
|       text_encoder.transformer.resblocks.4.ln_2.bias       |    512     |
|  text_encoder.transformer.resblocks.5.attn.in_proj_weight  |   786432   |
|   text_encoder.transformer.resblocks.5.attn.in_proj_bias   |    1536    |
| text_encoder.transformer.resblocks.5.attn.out_proj.weight  |   262144   |
|  text_encoder.transformer.resblocks.5.attn.out_proj.bias   |    512     |
|      text_encoder.transformer.resblocks.5.ln_1.weight      |    512     |
|       text_encoder.transformer.resblocks.5.ln_1.bias       |    512     |
|    text_encoder.transformer.resblocks.5.mlp.c_fc.weight    |  1048576   |
|     text_encoder.transformer.resblocks.5.mlp.c_fc.bias     |    2048    |
|   text_encoder.transformer.resblocks.5.mlp.c_proj.weight   |  1048576   |
|    text_encoder.transformer.resblocks.5.mlp.c_proj.bias    |    512     |
|      text_encoder.transformer.resblocks.5.ln_2.weight      |    512     |
|       text_encoder.transformer.resblocks.5.ln_2.bias       |    512     |
|  text_encoder.transformer.resblocks.6.attn.in_proj_weight  |   786432   |
|   text_encoder.transformer.resblocks.6.attn.in_proj_bias   |    1536    |
| text_encoder.transformer.resblocks.6.attn.out_proj.weight  |   262144   |
|  text_encoder.transformer.resblocks.6.attn.out_proj.bias   |    512     |
|      text_encoder.transformer.resblocks.6.ln_1.weight      |    512     |
|       text_encoder.transformer.resblocks.6.ln_1.bias       |    512     |
|    text_encoder.transformer.resblocks.6.mlp.c_fc.weight    |  1048576   |
|     text_encoder.transformer.resblocks.6.mlp.c_fc.bias     |    2048    |
|   text_encoder.transformer.resblocks.6.mlp.c_proj.weight   |  1048576   |
|    text_encoder.transformer.resblocks.6.mlp.c_proj.bias    |    512     |
|      text_encoder.transformer.resblocks.6.ln_2.weight      |    512     |
|       text_encoder.transformer.resblocks.6.ln_2.bias       |    512     |
|  text_encoder.transformer.resblocks.7.attn.in_proj_weight  |   786432   |
|   text_encoder.transformer.resblocks.7.attn.in_proj_bias   |    1536    |
| text_encoder.transformer.resblocks.7.attn.out_proj.weight  |   262144   |
|  text_encoder.transformer.resblocks.7.attn.out_proj.bias   |    512     |
|      text_encoder.transformer.resblocks.7.ln_1.weight      |    512     |
|       text_encoder.transformer.resblocks.7.ln_1.bias       |    512     |
|    text_encoder.transformer.resblocks.7.mlp.c_fc.weight    |  1048576   |
|     text_encoder.transformer.resblocks.7.mlp.c_fc.bias     |    2048    |
|   text_encoder.transformer.resblocks.7.mlp.c_proj.weight   |  1048576   |
|    text_encoder.transformer.resblocks.7.mlp.c_proj.bias    |    512     |
|      text_encoder.transformer.resblocks.7.ln_2.weight      |    512     |
|       text_encoder.transformer.resblocks.7.ln_2.bias       |    512     |
|  text_encoder.transformer.resblocks.8.attn.in_proj_weight  |   786432   |
|   text_encoder.transformer.resblocks.8.attn.in_proj_bias   |    1536    |
| text_encoder.transformer.resblocks.8.attn.out_proj.weight  |   262144   |
|  text_encoder.transformer.resblocks.8.attn.out_proj.bias   |    512     |
|      text_encoder.transformer.resblocks.8.ln_1.weight      |    512     |
|       text_encoder.transformer.resblocks.8.ln_1.bias       |    512     |
|    text_encoder.transformer.resblocks.8.mlp.c_fc.weight    |  1048576   |
|     text_encoder.transformer.resblocks.8.mlp.c_fc.bias     |    2048    |
|   text_encoder.transformer.resblocks.8.mlp.c_proj.weight   |  1048576   |
|    text_encoder.transformer.resblocks.8.mlp.c_proj.bias    |    512     |
|      text_encoder.transformer.resblocks.8.ln_2.weight      |    512     |
|       text_encoder.transformer.resblocks.8.ln_2.bias       |    512     |
|  text_encoder.transformer.resblocks.9.attn.in_proj_weight  |   786432   |
|   text_encoder.transformer.resblocks.9.attn.in_proj_bias   |    1536    |
| text_encoder.transformer.resblocks.9.attn.out_proj.weight  |   262144   |
|  text_encoder.transformer.resblocks.9.attn.out_proj.bias   |    512     |
|      text_encoder.transformer.resblocks.9.ln_1.weight      |    512     |
|       text_encoder.transformer.resblocks.9.ln_1.bias       |    512     |
|    text_encoder.transformer.resblocks.9.mlp.c_fc.weight    |  1048576   |
|     text_encoder.transformer.resblocks.9.mlp.c_fc.bias     |    2048    |
|   text_encoder.transformer.resblocks.9.mlp.c_proj.weight   |  1048576   |
|    text_encoder.transformer.resblocks.9.mlp.c_proj.bias    |    512     |
|      text_encoder.transformer.resblocks.9.ln_2.weight      |    512     |
|       text_encoder.transformer.resblocks.9.ln_2.bias       |    512     |
| text_encoder.transformer.resblocks.10.attn.in_proj_weight  |   786432   |
|  text_encoder.transformer.resblocks.10.attn.in_proj_bias   |    1536    |
| text_encoder.transformer.resblocks.10.attn.out_proj.weight |   262144   |
|  text_encoder.transformer.resblocks.10.attn.out_proj.bias  |    512     |
|     text_encoder.transformer.resblocks.10.ln_1.weight      |    512     |
|      text_encoder.transformer.resblocks.10.ln_1.bias       |    512     |
|   text_encoder.transformer.resblocks.10.mlp.c_fc.weight    |  1048576   |
|    text_encoder.transformer.resblocks.10.mlp.c_fc.bias     |    2048    |
|  text_encoder.transformer.resblocks.10.mlp.c_proj.weight   |  1048576   |
|   text_encoder.transformer.resblocks.10.mlp.c_proj.bias    |    512     |
|     text_encoder.transformer.resblocks.10.ln_2.weight      |    512     |
|      text_encoder.transformer.resblocks.10.ln_2.bias       |    512     |
| text_encoder.transformer.resblocks.11.attn.in_proj_weight  |   786432   |
|  text_encoder.transformer.resblocks.11.attn.in_proj_bias   |    1536    |
| text_encoder.transformer.resblocks.11.attn.out_proj.weight |   262144   |
|  text_encoder.transformer.resblocks.11.attn.out_proj.bias  |    512     |
|     text_encoder.transformer.resblocks.11.ln_1.weight      |    512     |
|      text_encoder.transformer.resblocks.11.ln_1.bias       |    512     |
|   text_encoder.transformer.resblocks.11.mlp.c_fc.weight    |  1048576   |
|    text_encoder.transformer.resblocks.11.mlp.c_fc.bias     |    2048    |
|  text_encoder.transformer.resblocks.11.mlp.c_proj.weight   |  1048576   |
|   text_encoder.transformer.resblocks.11.mlp.c_proj.bias    |    512     |
|     text_encoder.transformer.resblocks.11.ln_2.weight      |    512     |
|      text_encoder.transformer.resblocks.11.ln_2.bias       |    512     |
|                text_encoder.ln_final.weight                |    512     |
|                 text_encoder.ln_final.bias                 |    512     |
+------------------------------------------------------------+------------+
Total Trainable Params: 38131200
idxs_users [0, 1, 2, 3, 4, 5]
------------local train start epoch: 0 -------------
/workspace/FedPHA/clip/clip.py:23: UserWarning: PyTorch version 1.7.1 or higher is recommended
  warnings.warn("PyTorch version 1.7.1 or higher is recommended")
epoch [1/1] batch [10/35] time 0.075 (0.153) data 0.000 (0.062) loss 1.1524 (1.1978) acc 75.0000 (71.8750) spf_gamma 0.0500 (0.0500) spf_rank 8.0000 (8.0000) lr 1.0000e-03 eta 0:00:03 user 0
epoch [1/1] batch [20/35] time 0.072 (0.112) data 0.000 (0.031) loss 0.7940 (1.0318) acc 87.5000 (75.4688) spf_gamma 0.0500 (0.0500) spf_rank 8.0000 (8.0000) lr 1.0000e-03 eta 0:00:01 user 0
epoch [1/1] batch [30/35] time 0.062 (0.096) data 0.000 (0.021) loss 0.8321 (0.9267) acc 81.2500 (76.8750) spf_gamma 0.0500 (0.0500) spf_rank 8.0000 (8.0000) lr 1.0000e-03 eta 0:00:00 user 0
Finish training: 0 user
Deploy the last-epoch model
0 User, Elapsed: 0:00:03
epoch [1/1] batch [10/35] time 0.066 (0.127) data 0.000 (0.055) loss 1.4190 (1.4037) acc 62.5000 (60.3125) spf_gamma 0.0500 (0.0500) spf_rank 8.0000 (8.0000) lr 1.0000e-03 eta 0:00:03 user 1
epoch [1/1] batch [20/35] time 0.063 (0.096) data 0.000 (0.028) loss 1.0303 (1.1917) acc 78.1250 (68.1250) spf_gamma 0.0500 (0.0500) spf_rank 8.0000 (8.0000) lr 1.0000e-03 eta 0:00:01 user 1
epoch [1/1] batch [30/35] time 0.062 (0.085) data 0.000 (0.018) loss 1.7061 (1.1169) acc 53.1250 (69.4792) spf_gamma 0.0500 (0.0500) spf_rank 8.0000 (8.0000) lr 1.0000e-03 eta 0:00:00 user 1
Finish training: 1 user
Deploy the last-epoch model
1 User, Elapsed: 0:00:03
epoch [1/1] batch [1/6] time 0.867 (0.867) data 0.803 (0.803) loss 1.8115 (1.8115) acc 62.5000 (62.5000) spf_gamma 0.0500 (0.0500) spf_rank 8.0000 (8.0000) lr 1.0000e-03 eta 0:00:04 user 2
epoch [1/1] batch [2/6] time 0.062 (0.464) data 0.000 (0.402) loss 1.8067 (1.8091) acc 53.1250 (57.8125) spf_gamma 0.0500 (0.0500) spf_rank 8.0000 (8.0000) lr 1.0000e-03 eta 0:00:01 user 2
epoch [1/1] batch [3/6] time 0.062 (0.330) data 0.000 (0.268) loss 1.1670 (1.5951) acc 68.7500 (61.4583) spf_gamma 0.0500 (0.0500) spf_rank 8.0000 (8.0000) lr 1.0000e-03 eta 0:00:00 user 2
epoch [1/1] batch [4/6] time 0.065 (0.264) data 0.000 (0.201) loss 1.4004 (1.5464) acc 62.5000 (61.7188) spf_gamma 0.0500 (0.0500) spf_rank 8.0000 (8.0000) lr 1.0000e-03 eta 0:00:00 user 2
epoch [1/1] batch [5/6] time 0.061 (0.223) data 0.000 (0.161) loss 0.7017 (1.3775) acc 81.2500 (65.6250) spf_gamma 0.0500 (0.0500) spf_rank 8.0000 (8.0000) lr 1.0000e-03 eta 0:00:00 user 2
epoch [1/1] batch [6/6] time 0.061 (0.196) data 0.000 (0.134) loss 0.7964 (1.2806) acc 75.0000 (67.1875) spf_gamma 0.0500 (0.0500) spf_rank 8.0000 (8.0000) lr 1.0000e-03 eta 0:00:00 user 2
Finish training: 2 user
Deploy the last-epoch model
2 User, Elapsed: 0:00:01
epoch [1/1] batch [1/5] time 0.913 (0.913) data 0.838 (0.838) loss 1.9444 (1.9444) acc 50.0000 (50.0000) spf_gamma 0.0500 (0.0500) spf_rank 8.0000 (8.0000) lr 1.0000e-03 eta 0:00:03 user 3
epoch [1/1] batch [2/5] time 0.064 (0.489) data 0.000 (0.419) loss 1.3838 (1.6641) acc 65.6250 (57.8125) spf_gamma 0.0500 (0.0500) spf_rank 8.0000 (8.0000) lr 1.0000e-03 eta 0:00:01 user 3
epoch [1/1] batch [3/5] time 0.062 (0.347) data 0.000 (0.279) loss 0.6924 (1.3402) acc 81.2500 (65.6250) spf_gamma 0.0500 (0.0500) spf_rank 8.0000 (8.0000) lr 1.0000e-03 eta 0:00:00 user 3
epoch [1/1] batch [4/5] time 0.064 (0.276) data 0.000 (0.210) loss 1.1670 (1.2969) acc 68.7500 (66.4062) spf_gamma 0.0500 (0.0500) spf_rank 8.0000 (8.0000) lr 1.0000e-03 eta 0:00:00 user 3
epoch [1/1] batch [5/5] time 0.081 (0.237) data 0.000 (0.168) loss 0.8770 (1.2129) acc 75.0000 (68.1250) spf_gamma 0.0500 (0.0500) spf_rank 8.0000 (8.0000) lr 1.0000e-03 eta 0:00:00 user 3
Finish training: 3 user
Deploy the last-epoch model
3 User, Elapsed: 0:00:01
epoch [1/1] batch [10/10] time 0.062 (0.126) data 0.000 (0.058) loss 1.1865 (1.2155) acc 62.5000 (69.3750) spf_gamma 0.0500 (0.0500) spf_rank 8.0000 (8.0000) lr 1.0000e-03 eta 0:00:00 user 4
Finish training: 4 user
Deploy the last-epoch model
4 User, Elapsed: 0:00:01
epoch [1/1] batch [1/9] time 0.643 (0.643) data 0.568 (0.568) loss 1.3194 (1.3194) acc 68.7500 (68.7500) spf_gamma 0.0500 (0.0500) spf_rank 8.0000 (8.0000) lr 1.0000e-03 eta 0:00:05 user 5
epoch [1/1] batch [2/9] time 0.067 (0.355) data 0.000 (0.284) loss 1.2725 (1.2959) acc 65.6250 (67.1875) spf_gamma 0.0500 (0.0500) spf_rank 8.0000 (8.0000) lr 1.0000e-03 eta 0:00:02 user 5
epoch [1/1] batch [3/9] time 0.063 (0.258) data 0.000 (0.189) loss 1.1250 (1.2390) acc 75.0000 (69.7917) spf_gamma 0.0500 (0.0500) spf_rank 8.0000 (8.0000) lr 1.0000e-03 eta 0:00:01 user 5
epoch [1/1] batch [4/9] time 0.062 (0.209) data 0.000 (0.142) loss 0.8242 (1.1353) acc 78.1250 (71.8750) spf_gamma 0.0500 (0.0500) spf_rank 8.0000 (8.0000) lr 1.0000e-03 eta 0:00:01 user 5
epoch [1/1] batch [5/9] time 0.062 (0.179) data 0.000 (0.114) loss 1.0459 (1.1174) acc 71.8750 (71.8750) spf_gamma 0.0500 (0.0500) spf_rank 8.0000 (8.0000) lr 1.0000e-03 eta 0:00:00 user 5
epoch [1/1] batch [6/9] time 0.062 (0.160) data 0.000 (0.095) loss 0.8013 (1.0647) acc 81.2500 (73.4375) spf_gamma 0.0500 (0.0500) spf_rank 8.0000 (8.0000) lr 1.0000e-03 eta 0:00:00 user 5
epoch [1/1] batch [7/9] time 0.062 (0.146) data 0.000 (0.081) loss 0.7925 (1.0258) acc 81.2500 (74.5536) spf_gamma 0.0500 (0.0500) spf_rank 8.0000 (8.0000) lr 1.0000e-03 eta 0:00:00 user 5
epoch [1/1] batch [8/9] time 0.062 (0.135) data 0.000 (0.071) loss 0.6577 (0.9798) acc 78.1250 (75.0000) spf_gamma 0.0500 (0.0500) spf_rank 8.0000 (8.0000) lr 1.0000e-03 eta 0:00:00 user 5
epoch [1/1] batch [9/9] time 0.062 (0.127) data 0.000 (0.063) loss 0.7544 (0.9548) acc 81.2500 (75.6944) spf_gamma 0.0500 (0.0500) spf_rank 8.0000 (8.0000) lr 1.0000e-03 eta 0:00:00 user 5
Finish training: 5 user
Deploy the last-epoch model
5 User, Elapsed: 0:00:01
------------local train finish epoch: 0 -------------
------------local test start-------------
Evaluate on the client0_test set
  0%|          | 0/3 [00:00<?, ?it/s] 33%|███▎      | 1/3 [00:01<00:02,  1.17s/it] 67%|██████▋   | 2/3 [00:01<00:00,  1.73it/s]100%|██████████| 3/3 [00:01<00:00,  2.05it/s]
=> result
* total: 269
* correct: 238
* accuracy: 88.5%
* error: 11.5%
* macro_f1: 87.5%
Evaluate on the client1_test set
  0%|          | 0/3 [00:00<?, ?it/s] 33%|███▎      | 1/3 [00:01<00:02,  1.30s/it] 67%|██████▋   | 2/3 [00:01<00:00,  1.58it/s]100%|██████████| 3/3 [00:01<00:00,  1.83it/s]
=> result
* total: 293
* correct: 246
* accuracy: 84.0%
* error: 16.0%
* macro_f1: 77.4%
Evaluate on the client2_test set
  0%|          | 0/1 [00:00<?, ?it/s]100%|██████████| 1/1 [00:01<00:00,  1.08s/it]100%|██████████| 1/1 [00:01<00:00,  1.17s/it]
=> result
* total: 44
* correct: 38
* accuracy: 86.4%
* error: 13.6%
* macro_f1: 87.7%
Evaluate on the client3_test set
  0%|          | 0/1 [00:00<?, ?it/s]100%|██████████| 1/1 [00:01<00:00,  1.37s/it]100%|██████████| 1/1 [00:01<00:00,  1.47s/it]
=> result
* total: 54
* correct: 44
* accuracy: 81.5%
* error: 18.5%
* macro_f1: 74.4%
Evaluate on the client4_test set
  0%|          | 0/1 [00:00<?, ?it/s]100%|██████████| 1/1 [00:01<00:00,  1.03s/it]100%|██████████| 1/1 [00:01<00:00,  1.11s/it]
=> result
* total: 69
* correct: 59
* accuracy: 85.5%
* error: 14.5%
* macro_f1: 81.2%
Evaluate on the client5_test set
  0%|          | 0/1 [00:00<?, ?it/s]100%|██████████| 1/1 [00:01<00:00,  1.13s/it]100%|██████████| 1/1 [00:01<00:00,  1.22s/it]=> result
* total: 89
* correct: 78
* accuracy: 87.6%
* error: 12.4%
* macro_f1: 82.9%
0 --Local test acc: 88.47583643122677
1 --Local test acc: 83.95904436860069
2 --Local test acc: 86.36363636363636
3 --Local test acc: 81.48148148148148
4 --Local test acc: 85.5072463768116
5 --Local test acc: 87.64044943820225
--Global test acc: 85.5712824099932
Epoch:0
------------local test finish-------------
idxs_users [0, 1, 2, 3, 4, 5]
------------local train start epoch: 1 -------------

epoch [1/1] batch [10/35] time 0.072 (0.124) data 0.000 (0.052) loss 0.4646 (0.6331) acc 87.5000 (82.5000) spf_gamma 0.0500 (0.0500) spf_rank 8.0000 (8.0000) lr 1.0000e-03 eta 0:00:03 user 0
epoch [1/1] batch [20/35] time 0.063 (0.094) data 0.000 (0.026) loss 0.6997 (0.6285) acc 78.1250 (82.6562) spf_gamma 0.0500 (0.0500) spf_rank 8.0000 (8.0000) lr 1.0000e-03 eta 0:00:01 user 0
epoch [1/1] batch [30/35] time 0.062 (0.083) data 0.000 (0.017) loss 0.7032 (0.6304) acc 81.2500 (83.0208) spf_gamma 0.0500 (0.0500) spf_rank 8.0000 (8.0000) lr 1.0000e-03 eta 0:00:00 user 0
Finish training: 0 user
Deploy the last-epoch model
0 User, Elapsed: 0:00:03
epoch [1/1] batch [10/35] time 0.063 (0.124) data 0.000 (0.054) loss 0.9693 (0.8065) acc 71.8750 (79.0625) spf_gamma 0.0500 (0.0500) spf_rank 8.0000 (8.0000) lr 1.0000e-03 eta 0:00:03 user 1
epoch [1/1] batch [20/35] time 0.063 (0.093) data 0.000 (0.027) loss 0.5894 (0.8852) acc 78.1250 (75.7812) spf_gamma 0.0500 (0.0500) spf_rank 8.0000 (8.0000) lr 1.0000e-03 eta 0:00:01 user 1
epoch [1/1] batch [30/35] time 0.063 (0.083) data 0.000 (0.018) loss 0.8301 (0.8709) acc 75.0000 (76.0417) spf_gamma 0.0500 (0.0500) spf_rank 8.0000 (8.0000) lr 1.0000e-03 eta 0:00:00 user 1
Finish training: 1 user
Deploy the last-epoch model
1 User, Elapsed: 0:00:03
epoch [1/1] batch [1/6] time 0.921 (0.921) data 0.834 (0.834) loss 0.5952 (0.5952) acc 78.1250 (78.1250) spf_gamma 0.0500 (0.0500) spf_rank 8.0000 (8.0000) lr 1.0000e-03 eta 0:00:04 user 2
epoch [1/1] batch [2/6] time 0.073 (0.497) data 0.000 (0.417) loss 0.6621 (0.6287) acc 75.0000 (76.5625) spf_gamma 0.0500 (0.0500) spf_rank 8.0000 (8.0000) lr 1.0000e-03 eta 0:00:01 user 2
epoch [1/1] batch [3/6] time 0.073 (0.356) data 0.000 (0.278) loss 0.8745 (0.7106) acc 75.0000 (76.0417) spf_gamma 0.0500 (0.0500) spf_rank 8.0000 (8.0000) lr 1.0000e-03 eta 0:00:01 user 2
epoch [1/1] batch [4/6] time 0.064 (0.283) data 0.000 (0.208) loss 0.2981 (0.6075) acc 90.6250 (79.6875) spf_gamma 0.0500 (0.0500) spf_rank 8.0000 (8.0000) lr 1.0000e-03 eta 0:00:00 user 2
epoch [1/1] batch [5/6] time 0.063 (0.239) data 0.000 (0.167) loss 0.6319 (0.6124) acc 81.2500 (80.0000) spf_gamma 0.0500 (0.0500) spf_rank 8.0000 (8.0000) lr 1.0000e-03 eta 0:00:00 user 2
epoch [1/1] batch [6/6] time 0.071 (0.211) data 0.000 (0.139) loss 0.5200 (0.5970) acc 84.3750 (80.7292) spf_gamma 0.0500 (0.0500) spf_rank 8.0000 (8.0000) lr 1.0000e-03 eta 0:00:00 user 2
Finish training: 2 user
Deploy the last-epoch model
2 User, Elapsed: 0:00:01
epoch [1/1] batch [1/5] time 0.870 (0.870) data 0.798 (0.798) loss 0.4187 (0.4187) acc 87.5000 (87.5000) spf_gamma 0.0500 (0.0500) spf_rank 8.0000 (8.0000) lr 1.0000e-03 eta 0:00:03 user 3
epoch [1/1] batch [2/5] time 0.062 (0.466) data 0.000 (0.399) loss 0.8316 (0.6251) acc 78.1250 (82.8125) spf_gamma 0.0500 (0.0500) spf_rank 8.0000 (8.0000) lr 1.0000e-03 eta 0:00:01 user 3
epoch [1/1] batch [3/5] time 0.074 (0.335) data 0.000 (0.266) loss 1.7139 (0.9881) acc 53.1250 (72.9167) spf_gamma 0.0500 (0.0500) spf_rank 8.0000 (8.0000) lr 1.0000e-03 eta 0:00:00 user 3
epoch [1/1] batch [4/5] time 0.063 (0.267) data 0.000 (0.200) loss 1.5059 (1.1175) acc 59.3750 (69.5312) spf_gamma 0.0500 (0.0500) spf_rank 8.0000 (8.0000) lr 1.0000e-03 eta 0:00:00 user 3
epoch [1/1] batch [5/5] time 0.063 (0.227) data 0.000 (0.160) loss 0.5293 (0.9999) acc 87.5000 (73.1250) spf_gamma 0.0500 (0.0500) spf_rank 8.0000 (8.0000) lr 1.0000e-03 eta 0:00:00 user 3
Finish training: 3 user
Deploy the last-epoch model
3 User, Elapsed: 0:00:01
epoch [1/1] batch [10/10] time 0.062 (0.123) data 0.000 (0.059) loss 0.7329 (0.7308) acc 75.0000 (76.5625) spf_gamma 0.0500 (0.0500) spf_rank 8.0000 (8.0000) lr 1.0000e-03 eta 0:00:00 user 4
Finish training: 4 user
Deploy the last-epoch model
4 User, Elapsed: 0:00:01
epoch [1/1] batch [1/9] time 0.673 (0.673) data 0.588 (0.588) loss 0.6807 (0.6807) acc 78.1250 (78.1250) spf_gamma 0.0500 (0.0500) spf_rank 8.0000 (8.0000) lr 1.0000e-03 eta 0:00:05 user 5
epoch [1/1] batch [2/9] time 0.079 (0.376) data 0.000 (0.294) loss 0.4143 (0.5475) acc 87.5000 (82.8125) spf_gamma 0.0500 (0.0500) spf_rank 8.0000 (8.0000) lr 1.0000e-03 eta 0:00:02 user 5
epoch [1/1] batch [3/9] time 0.062 (0.271) data 0.000 (0.196) loss 0.4788 (0.5246) acc 87.5000 (84.3750) spf_gamma 0.0500 (0.0500) spf_rank 8.0000 (8.0000) lr 1.0000e-03 eta 0:00:01 user 5
epoch [1/1] batch [4/9] time 0.063 (0.219) data 0.000 (0.147) loss 0.4241 (0.4995) acc 84.3750 (84.3750) spf_gamma 0.0500 (0.0500) spf_rank 8.0000 (8.0000) lr 1.0000e-03 eta 0:00:01 user 5
epoch [1/1] batch [5/9] time 0.063 (0.188) data 0.000 (0.118) loss 0.4383 (0.4872) acc 81.2500 (83.7500) spf_gamma 0.0500 (0.0500) spf_rank 8.0000 (8.0000) lr 1.0000e-03 eta 0:00:00 user 5
epoch [1/1] batch [6/9] time 0.063 (0.167) data 0.000 (0.098) loss 0.6031 (0.5065) acc 87.5000 (84.3750) spf_gamma 0.0500 (0.0500) spf_rank 8.0000 (8.0000) lr 1.0000e-03 eta 0:00:00 user 5
epoch [1/1] batch [7/9] time 0.063 (0.152) data 0.000 (0.084) loss 0.4322 (0.4959) acc 84.3750 (84.3750) spf_gamma 0.0500 (0.0500) spf_rank 8.0000 (8.0000) lr 1.0000e-03 eta 0:00:00 user 5
epoch [1/1] batch [8/9] time 0.062 (0.141) data 0.000 (0.074) loss 0.5650 (0.5045) acc 78.1250 (83.5938) spf_gamma 0.0500 (0.0500) spf_rank 8.0000 (8.0000) lr 1.0000e-03 eta 0:00:00 user 5
epoch [1/1] batch [9/9] time 0.062 (0.132) data 0.000 (0.065) loss 0.9239 (0.5511) acc 75.0000 (82.6389) spf_gamma 0.0500 (0.0500) spf_rank 8.0000 (8.0000) lr 1.0000e-03 eta 0:00:00 user 5
Finish training: 5 user
Deploy the last-epoch model
5 User, Elapsed: 0:00:01
------------local train finish epoch: 1 -------------
------------local test start-------------
Evaluate on the client0_test set
  0%|          | 0/3 [00:00<?, ?it/s] 33%|███▎      | 1/3 [00:01<00:02,  1.10s/it] 67%|██████▋   | 2/3 [00:01<00:00,  1.81it/s]100%|██████████| 3/3 [00:01<00:00,  2.13it/s]
=> result
* total: 269
* correct: 239
* accuracy: 88.8%
* error: 11.2%
* macro_f1: 87.4%
Evaluate on the client1_test set
  0%|          | 0/3 [00:00<?, ?it/s] 33%|███▎      | 1/3 [00:01<00:02,  1.03s/it] 67%|██████▋   | 2/3 [00:01<00:00,  1.91it/s]100%|██████████| 3/3 [00:01<00:00,  2.22it/s]
=> result
* total: 293
* correct: 245
* accuracy: 83.6%
* error: 16.4%
* macro_f1: 75.8%
Evaluate on the client2_test set
  0%|          | 0/1 [00:00<?, ?it/s]100%|██████████| 1/1 [00:01<00:00,  1.09s/it]100%|██████████| 1/1 [00:01<00:00,  1.19s/it]
=> result
* total: 44
* correct: 39
* accuracy: 88.6%
* error: 11.4%
* macro_f1: 86.7%
Evaluate on the client3_test set
  0%|          | 0/1 [00:00<?, ?it/s]100%|██████████| 1/1 [00:01<00:00,  1.17s/it]100%|██████████| 1/1 [00:01<00:00,  1.27s/it]
=> result
* total: 54
* correct: 46
* accuracy: 85.2%
* error: 14.8%
* macro_f1: 76.4%
Evaluate on the client4_test set
  0%|          | 0/1 [00:00<?, ?it/s]100%|██████████| 1/1 [00:00<00:00,  1.12it/s]100%|██████████| 1/1 [00:00<00:00,  1.00it/s]
=> result
* total: 69
* correct: 61
* accuracy: 88.4%
* error: 11.6%
* macro_f1: 87.0%
Evaluate on the client5_test set
  0%|          | 0/1 [00:00<?, ?it/s]100%|██████████| 1/1 [00:00<00:00,  1.04it/s]100%|██████████| 1/1 [00:01<00:00,  1.06s/it]=> result
* total: 89
* correct: 82
* accuracy: 92.1%
* error: 7.9%
* macro_f1: 90.9%
0 --Local test acc: 88.84758364312268
1 --Local test acc: 83.61774744027304
2 --Local test acc: 88.63636363636364
3 --Local test acc: 85.18518518518519
4 --Local test acc: 88.40579710144928
5 --Local test acc: 92.13483146067416
--Global test acc: 87.80458474451132
Epoch:1
------------local test finish-------------
idxs_users [0, 1, 2, 3, 4, 5]
------------local train start epoch: 2 -------------

epoch [1/1] batch [10/35] time 0.067 (0.128) data 0.000 (0.060) loss 0.6231 (0.5709) acc 81.2500 (84.3750) spf_gamma 0.0500 (0.0500) spf_rank 8.0000 (8.0000) lr 1.0000e-03 eta 0:00:03 user 0
epoch [1/1] batch [20/35] time 0.066 (0.099) data 0.000 (0.030) loss 0.3120 (0.5868) acc 93.7500 (84.3750) spf_gamma 0.0500 (0.0500) spf_rank 8.0000 (8.0000) lr 1.0000e-03 eta 0:00:01 user 0
epoch [1/1] batch [30/35] time 0.062 (0.087) data 0.000 (0.020) loss 0.8780 (0.6221) acc 78.1250 (83.2292) spf_gamma 0.0500 (0.0500) spf_rank 8.0000 (8.0000) lr 1.0000e-03 eta 0:00:00 user 0
Finish training: 0 user
Deploy the last-epoch model
0 User, Elapsed: 0:00:03
epoch [1/1] batch [10/35] time 0.064 (0.130) data 0.000 (0.056) loss 0.9219 (0.9592) acc 78.1250 (75.3125) spf_gamma 0.0500 (0.0500) spf_rank 8.0000 (8.0000) lr 1.0000e-03 eta 0:00:03 user 1
epoch [1/1] batch [20/35] time 0.078 (0.103) data 0.000 (0.028) loss 0.3115 (0.8625) acc 96.8750 (76.5625) spf_gamma 0.0500 (0.0500) spf_rank 8.0000 (8.0000) lr 1.0000e-03 eta 0:00:01 user 1
epoch [1/1] batch [30/35] time 0.064 (0.091) data 0.000 (0.019) loss 0.5962 (0.8069) acc 81.2500 (77.5000) spf_gamma 0.0500 (0.0500) spf_rank 8.0000 (8.0000) lr 1.0000e-03 eta 0:00:00 user 1
Finish training: 1 user
Deploy the last-epoch model
1 User, Elapsed: 0:00:03
epoch [1/1] batch [1/6] time 0.826 (0.826) data 0.742 (0.742) loss 0.5259 (0.5259) acc 81.2500 (81.2500) spf_gamma 0.0500 (0.0500) spf_rank 8.0000 (8.0000) lr 1.0000e-03 eta 0:00:04 user 2
epoch [1/1] batch [2/6] time 0.062 (0.444) data 0.000 (0.371) loss 0.4094 (0.4677) acc 90.6250 (85.9375) spf_gamma 0.0500 (0.0500) spf_rank 8.0000 (8.0000) lr 1.0000e-03 eta 0:00:01 user 2
epoch [1/1] batch [3/6] time 0.062 (0.317) data 0.000 (0.247) loss 0.4873 (0.4742) acc 87.5000 (86.4583) spf_gamma 0.0500 (0.0500) spf_rank 8.0000 (8.0000) lr 1.0000e-03 eta 0:00:00 user 2
epoch [1/1] batch [4/6] time 0.063 (0.253) data 0.000 (0.185) loss 0.4456 (0.4671) acc 90.6250 (87.5000) spf_gamma 0.0500 (0.0500) spf_rank 8.0000 (8.0000) lr 1.0000e-03 eta 0:00:00 user 2
epoch [1/1] batch [5/6] time 0.063 (0.215) data 0.000 (0.148) loss 0.4502 (0.4637) acc 84.3750 (86.8750) spf_gamma 0.0500 (0.0500) spf_rank 8.0000 (8.0000) lr 1.0000e-03 eta 0:00:00 user 2
epoch [1/1] batch [6/6] time 0.063 (0.190) data 0.000 (0.124) loss 0.5567 (0.4792) acc 78.1250 (85.4167) spf_gamma 0.0500 (0.0500) spf_rank 8.0000 (8.0000) lr 1.0000e-03 eta 0:00:00 user 2
Finish training: 2 user
Deploy the last-epoch model
2 User, Elapsed: 0:00:01
epoch [1/1] batch [1/5] time 0.809 (0.809) data 0.726 (0.726) loss 0.5625 (0.5625) acc 87.5000 (87.5000) spf_gamma 0.0500 (0.0500) spf_rank 8.0000 (8.0000) lr 1.0000e-03 eta 0:00:03 user 3
epoch [1/1] batch [2/5] time 0.074 (0.441) data 0.000 (0.363) loss 0.9893 (0.7759) acc 68.7500 (78.1250) spf_gamma 0.0500 (0.0500) spf_rank 8.0000 (8.0000) lr 1.0000e-03 eta 0:00:01 user 3
epoch [1/1] batch [3/5] time 0.072 (0.318) data 0.000 (0.242) loss 0.5830 (0.7116) acc 75.0000 (77.0833) spf_gamma 0.0500 (0.0500) spf_rank 8.0000 (8.0000) lr 1.0000e-03 eta 0:00:00 user 3
epoch [1/1] batch [4/5] time 0.065 (0.255) data 0.000 (0.182) loss 0.4644 (0.6498) acc 84.3750 (78.9062) spf_gamma 0.0500 (0.0500) spf_rank 8.0000 (8.0000) lr 1.0000e-03 eta 0:00:00 user 3
epoch [1/1] batch [5/5] time 0.063 (0.217) data 0.000 (0.145) loss 0.4261 (0.6051) acc 84.3750 (80.0000) spf_gamma 0.0500 (0.0500) spf_rank 8.0000 (8.0000) lr 1.0000e-03 eta 0:00:00 user 3
Finish training: 3 user
Deploy the last-epoch model
3 User, Elapsed: 0:00:01
epoch [1/1] batch [10/10] time 0.064 (0.126) data 0.000 (0.059) loss 0.6270 (0.5560) acc 81.2500 (83.7500) spf_gamma 0.0500 (0.0500) spf_rank 8.0000 (8.0000) lr 1.0000e-03 eta 0:00:00 user 4
Finish training: 4 user
Deploy the last-epoch model
4 User, Elapsed: 0:00:01
epoch [1/1] batch [1/9] time 0.685 (0.685) data 0.608 (0.608) loss 0.3677 (0.3677) acc 93.7500 (93.7500) spf_gamma 0.0500 (0.0500) spf_rank 8.0000 (8.0000) lr 1.0000e-03 eta 0:00:05 user 5
epoch [1/1] batch [2/9] time 0.080 (0.382) data 0.000 (0.304) loss 0.7212 (0.5445) acc 75.0000 (84.3750) spf_gamma 0.0500 (0.0500) spf_rank 8.0000 (8.0000) lr 1.0000e-03 eta 0:00:02 user 5
epoch [1/1] batch [3/9] time 0.075 (0.280) data 0.000 (0.203) loss 0.3487 (0.4792) acc 93.7500 (87.5000) spf_gamma 0.0500 (0.0500) spf_rank 8.0000 (8.0000) lr 1.0000e-03 eta 0:00:01 user 5
epoch [1/1] batch [4/9] time 0.067 (0.226) data 0.000 (0.152) loss 0.5645 (0.5005) acc 78.1250 (85.1562) spf_gamma 0.0500 (0.0500) spf_rank 8.0000 (8.0000) lr 1.0000e-03 eta 0:00:01 user 5
epoch [1/1] batch [5/9] time 0.079 (0.197) data 0.000 (0.122) loss 0.4136 (0.4831) acc 84.3750 (85.0000) spf_gamma 0.0500 (0.0500) spf_rank 8.0000 (8.0000) lr 1.0000e-03 eta 0:00:00 user 5
epoch [1/1] batch [6/9] time 0.074 (0.176) data 0.000 (0.102) loss 0.3323 (0.4580) acc 90.6250 (85.9375) spf_gamma 0.0500 (0.0500) spf_rank 8.0000 (8.0000) lr 1.0000e-03 eta 0:00:00 user 5
epoch [1/1] batch [7/9] time 0.065 (0.161) data 0.000 (0.087) loss 0.4395 (0.4553) acc 87.5000 (86.1607) spf_gamma 0.0500 (0.0500) spf_rank 8.0000 (8.0000) lr 1.0000e-03 eta 0:00:00 user 5
epoch [1/1] batch [8/9] time 0.065 (0.149) data 0.000 (0.076) loss 0.4676 (0.4569) acc 84.3750 (85.9375) spf_gamma 0.0500 (0.0500) spf_rank 8.0000 (8.0000) lr 1.0000e-03 eta 0:00:00 user 5
epoch [1/1] batch [9/9] time 0.062 (0.139) data 0.000 (0.068) loss 0.5308 (0.4651) acc 81.2500 (85.4167) spf_gamma 0.0500 (0.0500) spf_rank 8.0000 (8.0000) lr 1.0000e-03 eta 0:00:00 user 5
Finish training: 5 user
Deploy the last-epoch model
5 User, Elapsed: 0:00:01
------------local train finish epoch: 2 -------------
------------local test start-------------
Evaluate on the client0_test set
  0%|          | 0/3 [00:00<?, ?it/s] 33%|███▎      | 1/3 [00:01<00:02,  1.03s/it] 67%|██████▋   | 2/3 [00:01<00:00,  1.92it/s]100%|██████████| 3/3 [00:01<00:00,  2.25it/s]
=> result
* total: 269
* correct: 241
* accuracy: 89.6%
* error: 10.4%
* macro_f1: 87.1%
Evaluate on the client1_test set
  0%|          | 0/3 [00:00<?, ?it/s] 33%|███▎      | 1/3 [00:01<00:02,  1.05s/it] 67%|██████▋   | 2/3 [00:01<00:00,  1.88it/s]100%|██████████| 3/3 [00:01<00:00,  2.18it/s]
=> result
* total: 293
* correct: 251
* accuracy: 85.7%
* error: 14.3%
* macro_f1: 76.6%
Evaluate on the client2_test set
  0%|          | 0/1 [00:00<?, ?it/s]100%|██████████| 1/1 [00:01<00:00,  1.09s/it]100%|██████████| 1/1 [00:01<00:00,  1.18s/it]
=> result
* total: 44
* correct: 38
* accuracy: 86.4%
* error: 13.6%
* macro_f1: 85.2%
Evaluate on the client3_test set
  0%|          | 0/1 [00:00<?, ?it/s]100%|██████████| 1/1 [00:01<00:00,  1.26s/it]100%|██████████| 1/1 [00:01<00:00,  1.36s/it]
=> result
* total: 54
* correct: 46
* accuracy: 85.2%
* error: 14.8%
* macro_f1: 76.6%
Evaluate on the client4_test set
  0%|          | 0/1 [00:00<?, ?it/s]100%|██████████| 1/1 [00:00<00:00,  1.15it/s]100%|██████████| 1/1 [00:00<00:00,  1.03it/s]
=> result
* total: 69
* correct: 61
* accuracy: 88.4%
* error: 11.6%
* macro_f1: 89.8%
Evaluate on the client5_test set
  0%|          | 0/1 [00:00<?, ?it/s]100%|██████████| 1/1 [00:01<00:00,  1.01s/it]100%|██████████| 1/1 [00:01<00:00,  1.10s/it]=> result
* total: 89
* correct: 82
* accuracy: 92.1%
* error: 7.9%
* macro_f1: 88.3%
0 --Local test acc: 89.59107806691449
1 --Local test acc: 85.66552901023891
2 --Local test acc: 86.36363636363636
3 --Local test acc: 85.18518518518519
4 --Local test acc: 88.40579710144928
5 --Local test acc: 92.13483146067416
--Global test acc: 87.89100953134972
Epoch:2
------------local test finish-------------
idxs_users [0, 1, 2, 3, 4, 5]
------------local train start epoch: 3 -------------

epoch [1/1] batch [10/35] time 0.071 (0.136) data 0.000 (0.068) loss 1.0762 (0.6857) acc 68.7500 (82.1875) spf_gamma 0.0500 (0.0500) spf_rank 8.0000 (8.0000) lr 1.0000e-03 eta 0:00:03 user 0
epoch [1/1] batch [20/35] time 0.070 (0.102) data 0.000 (0.034) loss 0.9380 (0.6035) acc 71.8750 (84.0625) spf_gamma 0.0500 (0.0500) spf_rank 8.0000 (8.0000) lr 1.0000e-03 eta 0:00:01 user 0
epoch [1/1] batch [30/35] time 0.069 (0.091) data 0.000 (0.023) loss 0.5425 (0.6186) acc 78.1250 (83.6458) spf_gamma 0.0500 (0.0500) spf_rank 8.0000 (8.0000) lr 1.0000e-03 eta 0:00:00 user 0
Finish training: 0 user
Deploy the last-epoch model
0 User, Elapsed: 0:00:03
epoch [1/1] batch [10/35] time 0.070 (0.138) data 0.000 (0.063) loss 0.9439 (0.7496) acc 71.8750 (77.1875) spf_gamma 0.0500 (0.0500) spf_rank 8.0000 (8.0000) lr 1.0000e-03 eta 0:00:03 user 1
epoch [1/1] batch [20/35] time 0.072 (0.104) data 0.000 (0.031) loss 0.5962 (0.7893) acc 84.3750 (76.0938) spf_gamma 0.0500 (0.0500) spf_rank 8.0000 (8.0000) lr 1.0000e-03 eta 0:00:01 user 1
epoch [1/1] batch [30/35] time 0.070 (0.093) data 0.000 (0.021) loss 0.9849 (0.8088) acc 75.0000 (75.3125) spf_gamma 0.0500 (0.0500) spf_rank 8.0000 (8.0000) lr 1.0000e-03 eta 0:00:00 user 1
Finish training: 1 user
Deploy the last-epoch model
1 User, Elapsed: 0:00:03
epoch [1/1] batch [1/6] time 0.925 (0.925) data 0.851 (0.851) loss 0.5298 (0.5298) acc 87.5000 (87.5000) spf_gamma 0.0500 (0.0500) spf_rank 8.0000 (8.0000) lr 1.0000e-03 eta 0:00:04 user 2
epoch [1/1] batch [2/6] time 0.067 (0.496) data 0.000 (0.425) loss 0.2605 (0.3952) acc 96.8750 (92.1875) spf_gamma 0.0500 (0.0500) spf_rank 8.0000 (8.0000) lr 1.0000e-03 eta 0:00:01 user 2
epoch [1/1] batch [3/6] time 0.065 (0.353) data 0.000 (0.284) loss 0.3892 (0.3932) acc 84.3750 (89.5833) spf_gamma 0.0500 (0.0500) spf_rank 8.0000 (8.0000) lr 1.0000e-03 eta 0:00:01 user 2
epoch [1/1] batch [4/6] time 0.074 (0.283) data 0.000 (0.213) loss 0.4002 (0.3949) acc 90.6250 (89.8438) spf_gamma 0.0500 (0.0500) spf_rank 8.0000 (8.0000) lr 1.0000e-03 eta 0:00:00 user 2
epoch [1/1] batch [5/6] time 0.069 (0.240) data 0.000 (0.170) loss 0.3289 (0.3817) acc 90.6250 (90.0000) spf_gamma 0.0500 (0.0500) spf_rank 8.0000 (8.0000) lr 1.0000e-03 eta 0:00:00 user 2
epoch [1/1] batch [6/6] time 0.072 (0.212) data 0.000 (0.142) loss 0.3599 (0.3781) acc 93.7500 (90.6250) spf_gamma 0.0500 (0.0500) spf_rank 8.0000 (8.0000) lr 1.0000e-03 eta 0:00:00 user 2
Finish training: 2 user
Deploy the last-epoch model
2 User, Elapsed: 0:00:01
epoch [1/1] batch [1/5] time 0.814 (0.814) data 0.747 (0.747) loss 0.6260 (0.6260) acc 84.3750 (84.3750) spf_gamma 0.0500 (0.0500) spf_rank 8.0000 (8.0000) lr 1.0000e-03 eta 0:00:03 user 3
epoch [1/1] batch [2/5] time 0.081 (0.447) data 0.000 (0.373) loss 0.4007 (0.5133) acc 90.6250 (87.5000) spf_gamma 0.0500 (0.0500) spf_rank 8.0000 (8.0000) lr 1.0000e-03 eta 0:00:01 user 3
epoch [1/1] batch [3/5] time 0.075 (0.323) data 0.000 (0.249) loss 0.3299 (0.4522) acc 90.6250 (88.5417) spf_gamma 0.0500 (0.0500) spf_rank 8.0000 (8.0000) lr 1.0000e-03 eta 0:00:00 user 3
epoch [1/1] batch [4/5] time 0.066 (0.259) data 0.000 (0.187) loss 0.3279 (0.4211) acc 90.6250 (89.0625) spf_gamma 0.0500 (0.0500) spf_rank 8.0000 (8.0000) lr 1.0000e-03 eta 0:00:00 user 3
epoch [1/1] batch [5/5] time 0.064 (0.220) data 0.000 (0.149) loss 0.5635 (0.4496) acc 90.6250 (89.3750) spf_gamma 0.0500 (0.0500) spf_rank 8.0000 (8.0000) lr 1.0000e-03 eta 0:00:00 user 3
Finish training: 3 user
Deploy the last-epoch model
3 User, Elapsed: 0:00:01
epoch [1/1] batch [10/10] time 0.082 (0.141) data 0.000 (0.065) loss 0.5596 (0.5096) acc 87.5000 (85.6250) spf_gamma 0.0500 (0.0500) spf_rank 8.0000 (8.0000) lr 1.0000e-03 eta 0:00:00 user 4
Finish training: 4 user
Deploy the last-epoch model
4 User, Elapsed: 0:00:02
epoch [1/1] batch [1/9] time 0.780 (0.780) data 0.690 (0.690) loss 0.4229 (0.4229) acc 87.5000 (87.5000) spf_gamma 0.0500 (0.0500) spf_rank 8.0000 (8.0000) lr 1.0000e-03 eta 0:00:06 user 5
epoch [1/1] batch [2/9] time 0.075 (0.428) data 0.000 (0.345) loss 0.4368 (0.4298) acc 84.3750 (85.9375) spf_gamma 0.0500 (0.0500) spf_rank 8.0000 (8.0000) lr 1.0000e-03 eta 0:00:02 user 5
epoch [1/1] batch [3/9] time 0.067 (0.307) data 0.000 (0.230) loss 0.5991 (0.4863) acc 84.3750 (85.4167) spf_gamma 0.0500 (0.0500) spf_rank 8.0000 (8.0000) lr 1.0000e-03 eta 0:00:01 user 5
epoch [1/1] batch [4/9] time 0.075 (0.249) data 0.000 (0.172) loss 0.3640 (0.4557) acc 93.7500 (87.5000) spf_gamma 0.0500 (0.0500) spf_rank 8.0000 (8.0000) lr 1.0000e-03 eta 0:00:01 user 5
epoch [1/1] batch [5/9] time 0.063 (0.212) data 0.000 (0.138) loss 0.6265 (0.4899) acc 81.2500 (86.2500) spf_gamma 0.0500 (0.0500) spf_rank 8.0000 (8.0000) lr 1.0000e-03 eta 0:00:00 user 5
epoch [1/1] batch [6/9] time 0.068 (0.188) data 0.000 (0.115) loss 0.3701 (0.4699) acc 90.6250 (86.9792) spf_gamma 0.0500 (0.0500) spf_rank 8.0000 (8.0000) lr 1.0000e-03 eta 0:00:00 user 5
epoch [1/1] batch [7/9] time 0.064 (0.170) data 0.000 (0.099) loss 0.3350 (0.4506) acc 90.6250 (87.5000) spf_gamma 0.0500 (0.0500) spf_rank 8.0000 (8.0000) lr 1.0000e-03 eta 0:00:00 user 5
epoch [1/1] batch [8/9] time 0.071 (0.158) data 0.000 (0.086) loss 0.4156 (0.4463) acc 87.5000 (87.5000) spf_gamma 0.0500 (0.0500) spf_rank 8.0000 (8.0000) lr 1.0000e-03 eta 0:00:00 user 5
epoch [1/1] batch [9/9] time 0.064 (0.147) data 0.000 (0.077) loss 0.4812 (0.4501) acc 84.3750 (87.1528) spf_gamma 0.0500 (0.0500) spf_rank 8.0000 (8.0000) lr 1.0000e-03 eta 0:00:00 user 5
Finish training: 5 user
Deploy the last-epoch model
5 User, Elapsed: 0:00:01
------------local train finish epoch: 3 -------------
------------local test start-------------
Evaluate on the client0_test set
  0%|          | 0/3 [00:00<?, ?it/s] 33%|███▎      | 1/3 [00:01<00:02,  1.04s/it] 67%|██████▋   | 2/3 [00:01<00:00,  1.90it/s]100%|██████████| 3/3 [00:01<00:00,  2.26it/s]
=> result
* total: 269
* correct: 244
* accuracy: 90.7%
* error: 9.3%
* macro_f1: 88.1%
Evaluate on the client1_test set
  0%|          | 0/3 [00:00<?, ?it/s] 33%|███▎      | 1/3 [00:01<00:02,  1.09s/it] 67%|██████▋   | 2/3 [00:01<00:00,  1.82it/s]100%|██████████| 3/3 [00:01<00:00,  2.09it/s]
=> result
* total: 293
* correct: 255
* accuracy: 87.0%
* error: 13.0%
* macro_f1: 82.9%
Evaluate on the client2_test set
  0%|          | 0/1 [00:00<?, ?it/s]100%|██████████| 1/1 [00:01<00:00,  1.07s/it]100%|██████████| 1/1 [00:01<00:00,  1.17s/it]
=> result
* total: 44
* correct: 41
* accuracy: 93.2%
* error: 6.8%
* macro_f1: 95.2%
Evaluate on the client3_test set
  0%|          | 0/1 [00:00<?, ?it/s]100%|██████████| 1/1 [00:01<00:00,  1.31s/it]100%|██████████| 1/1 [00:01<00:00,  1.40s/it]
=> result
* total: 54
* correct: 48
* accuracy: 88.9%
* error: 11.1%
* macro_f1: 84.2%
Evaluate on the client4_test set
  0%|          | 0/1 [00:00<?, ?it/s]100%|██████████| 1/1 [00:00<00:00,  1.10it/s]100%|██████████| 1/1 [00:01<00:00,  1.01s/it]
=> result
* total: 69
* correct: 62
* accuracy: 89.9%
* error: 10.1%
* macro_f1: 85.3%
Evaluate on the client5_test set
  0%|          | 0/1 [00:00<?, ?it/s]100%|██████████| 1/1 [00:01<00:00,  1.01s/it]100%|██████████| 1/1 [00:01<00:00,  1.09s/it]=> result
* total: 89
* correct: 83
* accuracy: 93.3%
* error: 6.7%
* macro_f1: 89.5%
0 --Local test acc: 90.70631970260223
1 --Local test acc: 87.03071672354949
2 --Local test acc: 93.18181818181819
3 --Local test acc: 88.88888888888889
4 --Local test acc: 89.85507246376811
5 --Local test acc: 93.25842696629213
--Global test acc: 90.4868738211532
Epoch:3
------------local test finish-------------
idxs_users [0, 1, 2, 3, 4, 5]
------------local train start epoch: 4 -------------

epoch [1/1] batch [10/35] time 0.064 (0.137) data 0.000 (0.065) loss 0.9263 (0.5325) acc 84.3750 (87.1875) spf_gamma 0.0500 (0.0500) spf_rank 8.0000 (8.0000) lr 1.0000e-03 eta 0:00:03 user 0
epoch [1/1] batch [20/35] time 0.063 (0.101) data 0.000 (0.033) loss 0.6299 (0.5757) acc 84.3750 (85.3125) spf_gamma 0.0500 (0.0500) spf_rank 8.0000 (8.0000) lr 1.0000e-03 eta 0:00:01 user 0
epoch [1/1] batch [30/35] time 0.065 (0.090) data 0.000 (0.022) loss 0.7686 (0.5436) acc 81.2500 (85.9375) spf_gamma 0.0500 (0.0500) spf_rank 8.0000 (8.0000) lr 1.0000e-03 eta 0:00:00 user 0
Finish training: 0 user
Deploy the last-epoch model
0 User, Elapsed: 0:00:03
epoch [1/1] batch [10/35] time 0.063 (0.132) data 0.000 (0.065) loss 0.6909 (0.7132) acc 75.0000 (79.0625) spf_gamma 0.0500 (0.0500) spf_rank 8.0000 (8.0000) lr 1.0000e-03 eta 0:00:03 user 1
epoch [1/1] batch [20/35] time 0.068 (0.098) data 0.000 (0.032) loss 0.4781 (0.7000) acc 84.3750 (78.7500) spf_gamma 0.0500 (0.0500) spf_rank 8.0000 (8.0000) lr 1.0000e-03 eta 0:00:01 user 1
epoch [1/1] batch [30/35] time 0.065 (0.088) data 0.000 (0.022) loss 0.9380 (0.7369) acc 75.0000 (77.2917) spf_gamma 0.0500 (0.0500) spf_rank 8.0000 (8.0000) lr 1.0000e-03 eta 0:00:00 user 1
Finish training: 1 user
Deploy the last-epoch model
1 User, Elapsed: 0:00:03
epoch [1/1] batch [1/6] time 0.931 (0.931) data 0.853 (0.853) loss 0.3675 (0.3675) acc 90.6250 (90.6250) spf_gamma 0.0500 (0.0500) spf_rank 8.0000 (8.0000) lr 1.0000e-03 eta 0:00:04 user 2
epoch [1/1] batch [2/6] time 0.066 (0.498) data 0.000 (0.427) loss 0.5484 (0.4579) acc 81.2500 (85.9375) spf_gamma 0.0500 (0.0500) spf_rank 8.0000 (8.0000) lr 1.0000e-03 eta 0:00:01 user 2
epoch [1/1] batch [3/6] time 0.063 (0.353) data 0.000 (0.284) loss 0.3028 (0.4062) acc 87.5000 (86.4583) spf_gamma 0.0500 (0.0500) spf_rank 8.0000 (8.0000) lr 1.0000e-03 eta 0:00:01 user 2
epoch [1/1] batch [4/6] time 0.063 (0.281) data 0.000 (0.213) loss 0.5034 (0.4305) acc 84.3750 (85.9375) spf_gamma 0.0500 (0.0500) spf_rank 8.0000 (8.0000) lr 1.0000e-03 eta 0:00:00 user 2
epoch [1/1] batch [5/6] time 0.063 (0.237) data 0.000 (0.171) loss 0.5264 (0.4497) acc 84.3750 (85.6250) spf_gamma 0.0500 (0.0500) spf_rank 8.0000 (8.0000) lr 1.0000e-03 eta 0:00:00 user 2
epoch [1/1] batch [6/6] time 0.064 (0.208) data 0.000 (0.142) loss 0.2881 (0.4228) acc 90.6250 (86.4583) spf_gamma 0.0500 (0.0500) spf_rank 8.0000 (8.0000) lr 1.0000e-03 eta 0:00:00 user 2
Finish training: 2 user
Deploy the last-epoch model
2 User, Elapsed: 0:00:01
epoch [1/1] batch [1/5] time 0.907 (0.907) data 0.829 (0.829) loss 0.3633 (0.3633) acc 93.7500 (93.7500) spf_gamma 0.0500 (0.0500) spf_rank 8.0000 (8.0000) lr 1.0000e-03 eta 0:00:03 user 3
epoch [1/1] batch [2/5] time 0.074 (0.491) data 0.000 (0.415) loss 0.3260 (0.3446) acc 84.3750 (89.0625) spf_gamma 0.0500 (0.0500) spf_rank 8.0000 (8.0000) lr 1.0000e-03 eta 0:00:01 user 3
epoch [1/1] batch [3/5] time 0.063 (0.348) data 0.000 (0.277) loss 0.2382 (0.3091) acc 93.7500 (90.6250) spf_gamma 0.0500 (0.0500) spf_rank 8.0000 (8.0000) lr 1.0000e-03 eta 0:00:00 user 3
epoch [1/1] batch [4/5] time 0.067 (0.278) data 0.000 (0.207) loss 0.4553 (0.3457) acc 84.3750 (89.0625) spf_gamma 0.0500 (0.0500) spf_rank 8.0000 (8.0000) lr 1.0000e-03 eta 0:00:00 user 3
epoch [1/1] batch [5/5] time 0.067 (0.236) data 0.000 (0.166) loss 0.2107 (0.3187) acc 93.7500 (90.0000) spf_gamma 0.0500 (0.0500) spf_rank 8.0000 (8.0000) lr 1.0000e-03 eta 0:00:00 user 3
Finish training: 3 user
Deploy the last-epoch model
3 User, Elapsed: 0:00:01
epoch [1/1] batch [10/10] time 0.063 (0.133) data 0.000 (0.065) loss 0.7105 (0.5821) acc 75.0000 (82.5000) spf_gamma 0.0500 (0.0500) spf_rank 8.0000 (8.0000) lr 1.0000e-03 eta 0:00:00 user 4
Finish training: 4 user
Deploy the last-epoch model
4 User, Elapsed: 0:00:01
epoch [1/1] batch [1/9] time 0.721 (0.721) data 0.647 (0.647) loss 0.3513 (0.3513) acc 90.6250 (90.6250) spf_gamma 0.0500 (0.0500) spf_rank 8.0000 (8.0000) lr 1.0000e-03 eta 0:00:05 user 5
epoch [1/1] batch [2/9] time 0.067 (0.394) data 0.000 (0.324) loss 0.3809 (0.3661) acc 84.3750 (87.5000) spf_gamma 0.0500 (0.0500) spf_rank 8.0000 (8.0000) lr 1.0000e-03 eta 0:00:02 user 5
epoch [1/1] batch [3/9] time 0.072 (0.287) data 0.000 (0.216) loss 0.3357 (0.3560) acc 90.6250 (88.5417) spf_gamma 0.0500 (0.0500) spf_rank 8.0000 (8.0000) lr 1.0000e-03 eta 0:00:01 user 5
epoch [1/1] batch [4/9] time 0.069 (0.232) data 0.000 (0.162) loss 0.3252 (0.3483) acc 93.7500 (89.8438) spf_gamma 0.0500 (0.0500) spf_rank 8.0000 (8.0000) lr 1.0000e-03 eta 0:00:01 user 5
epoch [1/1] batch [5/9] time 0.071 (0.200) data 0.000 (0.130) loss 0.7481 (0.4282) acc 81.2500 (88.1250) spf_gamma 0.0500 (0.0500) spf_rank 8.0000 (8.0000) lr 1.0000e-03 eta 0:00:00 user 5
epoch [1/1] batch [6/9] time 0.066 (0.178) data 0.000 (0.108) loss 0.4258 (0.4278) acc 87.5000 (88.0208) spf_gamma 0.0500 (0.0500) spf_rank 8.0000 (8.0000) lr 1.0000e-03 eta 0:00:00 user 5
epoch [1/1] batch [7/9] time 0.063 (0.161) data 0.000 (0.093) loss 0.5342 (0.4430) acc 81.2500 (87.0536) spf_gamma 0.0500 (0.0500) spf_rank 8.0000 (8.0000) lr 1.0000e-03 eta 0:00:00 user 5
epoch [1/1] batch [8/9] time 0.063 (0.149) data 0.000 (0.081) loss 0.2588 (0.4200) acc 93.7500 (87.8906) spf_gamma 0.0500 (0.0500) spf_rank 8.0000 (8.0000) lr 1.0000e-03 eta 0:00:00 user 5
epoch [1/1] batch [9/9] time 0.063 (0.139) data 0.000 (0.072) loss 0.5425 (0.4336) acc 87.5000 (87.8472) spf_gamma 0.0500 (0.0500) spf_rank 8.0000 (8.0000) lr 1.0000e-03 eta 0:00:00 user 5
Finish training: 5 user
Deploy the last-epoch model
5 User, Elapsed: 0:00:01
------------local train finish epoch: 4 -------------
------------local test start-------------
Evaluate on the client0_test set
  0%|          | 0/3 [00:00<?, ?it/s] 33%|███▎      | 1/3 [00:01<00:02,  1.10s/it] 67%|██████▋   | 2/3 [00:01<00:00,  1.81it/s]100%|██████████| 3/3 [00:01<00:00,  2.12it/s]
=> result
* total: 269
* correct: 243
* accuracy: 90.3%
* error: 9.7%
* macro_f1: 88.9%
Evaluate on the client1_test set
  0%|          | 0/3 [00:00<?, ?it/s] 33%|███▎      | 1/3 [00:01<00:02,  1.16s/it] 67%|██████▋   | 2/3 [00:01<00:00,  1.73it/s]100%|██████████| 3/3 [00:01<00:00,  1.98it/s]
=> result
* total: 293
* correct: 255
* accuracy: 87.0%
* error: 13.0%
* macro_f1: 80.0%
Evaluate on the client2_test set
  0%|          | 0/1 [00:00<?, ?it/s]100%|██████████| 1/1 [00:01<00:00,  1.07s/it]100%|██████████| 1/1 [00:01<00:00,  1.18s/it]
=> result
* total: 44
* correct: 41
* accuracy: 93.2%
* error: 6.8%
* macro_f1: 95.2%
Evaluate on the client3_test set
  0%|          | 0/1 [00:00<?, ?it/s]100%|██████████| 1/1 [00:01<00:00,  1.24s/it]100%|██████████| 1/1 [00:01<00:00,  1.34s/it]
=> result
* total: 54
* correct: 50
* accuracy: 92.6%
* error: 7.4%
* macro_f1: 86.7%
Evaluate on the client4_test set
  0%|          | 0/1 [00:00<?, ?it/s]100%|██████████| 1/1 [00:00<00:00,  1.05it/s]100%|██████████| 1/1 [00:01<00:00,  1.08s/it]
=> result
* total: 69
* correct: 61
* accuracy: 88.4%
* error: 11.6%
* macro_f1: 89.8%
Evaluate on the client5_test set
  0%|          | 0/1 [00:00<?, ?it/s]100%|██████████| 1/1 [00:01<00:00,  1.14s/it]100%|██████████| 1/1 [00:01<00:00,  1.25s/it]=> result
* total: 89
* correct: 85
* accuracy: 95.5%
* error: 4.5%
* macro_f1: 93.9%
0 --Local test acc: 90.33457249070632
1 --Local test acc: 87.03071672354949
2 --Local test acc: 93.18181818181819
3 --Local test acc: 92.5925925925926
4 --Local test acc: 88.40579710144928
5 --Local test acc: 95.50561797752809
--Global test acc: 91.17518584460733
Epoch:4
------------local test finish-------------
idxs_users [0, 1, 2, 3, 4, 5]
------------local train start epoch: 5 -------------

epoch [1/1] batch [10/35] time 0.074 (0.151) data 0.000 (0.078) loss 0.3772 (0.5396) acc 90.6250 (86.8750) spf_gamma 0.0500 (0.0500) spf_rank 8.0000 (8.0000) lr 1.0000e-03 eta 0:00:03 user 0
epoch [1/1] batch [20/35] time 0.066 (0.110) data 0.000 (0.039) loss 0.1549 (0.5111) acc 93.7500 (86.2500) spf_gamma 0.0500 (0.0500) spf_rank 8.0000 (8.0000) lr 1.0000e-03 eta 0:00:01 user 0
epoch [1/1] batch [30/35] time 0.066 (0.096) data 0.000 (0.026) loss 0.2447 (0.5235) acc 93.7500 (85.8333) spf_gamma 0.0500 (0.0500) spf_rank 8.0000 (8.0000) lr 1.0000e-03 eta 0:00:00 user 0
Finish training: 0 user
Deploy the last-epoch model
0 User, Elapsed: 0:00:03
epoch [1/1] batch [10/35] time 0.070 (0.128) data 0.000 (0.057) loss 0.6455 (0.6755) acc 81.2500 (79.6875) spf_gamma 0.0500 (0.0500) spf_rank 8.0000 (8.0000) lr 1.0000e-03 eta 0:00:03 user 1
epoch [1/1] batch [20/35] time 0.077 (0.098) data 0.000 (0.029) loss 0.7656 (0.7266) acc 78.1250 (78.7500) spf_gamma 0.0500 (0.0500) spf_rank 8.0000 (8.0000) lr 1.0000e-03 eta 0:00:01 user 1
epoch [1/1] batch [30/35] time 0.072 (0.089) data 0.000 (0.019) loss 0.6773 (0.7163) acc 84.3750 (79.3750) spf_gamma 0.0500 (0.0500) spf_rank 8.0000 (8.0000) lr 1.0000e-03 eta 0:00:00 user 1
Finish training: 1 user
Deploy the last-epoch model
1 User, Elapsed: 0:00:03
epoch [1/1] batch [1/6] time 0.968 (0.968) data 0.898 (0.898) loss 0.3577 (0.3577) acc 93.7500 (93.7500) spf_gamma 0.0500 (0.0500) spf_rank 8.0000 (8.0000) lr 1.0000e-03 eta 0:00:04 user 2
epoch [1/1] batch [2/6] time 0.063 (0.516) data 0.000 (0.449) loss 0.3628 (0.3603) acc 93.7500 (93.7500) spf_gamma 0.0500 (0.0500) spf_rank 8.0000 (8.0000) lr 1.0000e-03 eta 0:00:02 user 2
epoch [1/1] batch [3/6] time 0.068 (0.366) data 0.000 (0.300) loss 0.4536 (0.3914) acc 87.5000 (91.6667) spf_gamma 0.0500 (0.0500) spf_rank 8.0000 (8.0000) lr 1.0000e-03 eta 0:00:01 user 2
epoch [1/1] batch [4/6] time 0.063 (0.291) data 0.000 (0.225) loss 0.3428 (0.3792) acc 90.6250 (91.4062) spf_gamma 0.0500 (0.0500) spf_rank 8.0000 (8.0000) lr 1.0000e-03 eta 0:00:00 user 2
epoch [1/1] batch [5/6] time 0.063 (0.245) data 0.000 (0.180) loss 0.5137 (0.4061) acc 78.1250 (88.7500) spf_gamma 0.0500 (0.0500) spf_rank 8.0000 (8.0000) lr 1.0000e-03 eta 0:00:00 user 2
epoch [1/1] batch [6/6] time 0.063 (0.215) data 0.000 (0.150) loss 0.6099 (0.4401) acc 90.6250 (89.0625) spf_gamma 0.0500 (0.0500) spf_rank 8.0000 (8.0000) lr 1.0000e-03 eta 0:00:00 user 2
Finish training: 2 user
Deploy the last-epoch model
2 User, Elapsed: 0:00:01
epoch [1/1] batch [1/5] time 0.899 (0.899) data 0.812 (0.812) loss 0.6070 (0.6070) acc 81.2500 (81.2500) spf_gamma 0.0500 (0.0500) spf_rank 8.0000 (8.0000) lr 1.0000e-03 eta 0:00:03 user 3
epoch [1/1] batch [2/5] time 0.071 (0.485) data 0.000 (0.406) loss 0.3672 (0.4871) acc 90.6250 (85.9375) spf_gamma 0.0500 (0.0500) spf_rank 8.0000 (8.0000) lr 1.0000e-03 eta 0:00:01 user 3
epoch [1/1] batch [3/5] time 0.063 (0.344) data 0.000 (0.271) loss 0.4534 (0.4759) acc 90.6250 (87.5000) spf_gamma 0.0500 (0.0500) spf_rank 8.0000 (8.0000) lr 1.0000e-03 eta 0:00:00 user 3
epoch [1/1] batch [4/5] time 0.063 (0.274) data 0.000 (0.203) loss 0.3662 (0.4485) acc 87.5000 (87.5000) spf_gamma 0.0500 (0.0500) spf_rank 8.0000 (8.0000) lr 1.0000e-03 eta 0:00:00 user 3
epoch [1/1] batch [5/5] time 0.062 (0.232) data 0.000 (0.162) loss 0.1645 (0.3917) acc 100.0000 (90.0000) spf_gamma 0.0500 (0.0500) spf_rank 8.0000 (8.0000) lr 1.0000e-03 eta 0:00:00 user 3
Finish training: 3 user
Deploy the last-epoch model
3 User, Elapsed: 0:00:01
epoch [1/1] batch [10/10] time 0.074 (0.134) data 0.000 (0.066) loss 0.7217 (0.5111) acc 81.2500 (85.6250) spf_gamma 0.0500 (0.0500) spf_rank 8.0000 (8.0000) lr 1.0000e-03 eta 0:00:00 user 4
Finish training: 4 user
Deploy the last-epoch model
4 User, Elapsed: 0:00:01
epoch [1/1] batch [1/9] time 0.738 (0.738) data 0.668 (0.668) loss 0.3513 (0.3513) acc 87.5000 (87.5000) spf_gamma 0.0500 (0.0500) spf_rank 8.0000 (8.0000) lr 1.0000e-03 eta 0:00:05 user 5
epoch [1/1] batch [2/9] time 0.063 (0.400) data 0.000 (0.334) loss 0.3816 (0.3665) acc 87.5000 (87.5000) spf_gamma 0.0500 (0.0500) spf_rank 8.0000 (8.0000) lr 1.0000e-03 eta 0:00:02 user 5
epoch [1/1] batch [3/9] time 0.064 (0.288) data 0.000 (0.223) loss 0.4197 (0.3842) acc 81.2500 (85.4167) spf_gamma 0.0500 (0.0500) spf_rank 8.0000 (8.0000) lr 1.0000e-03 eta 0:00:01 user 5
epoch [1/1] batch [4/9] time 0.086 (0.238) data 0.000 (0.167) loss 0.2204 (0.3433) acc 93.7500 (87.5000) spf_gamma 0.0500 (0.0500) spf_rank 8.0000 (8.0000) lr 1.0000e-03 eta 0:00:01 user 5
epoch [1/1] batch [5/9] time 0.066 (0.203) data 0.000 (0.134) loss 0.4226 (0.3591) acc 87.5000 (87.5000) spf_gamma 0.0500 (0.0500) spf_rank 8.0000 (8.0000) lr 1.0000e-03 eta 0:00:00 user 5
epoch [1/1] batch [6/9] time 0.065 (0.180) data 0.000 (0.111) loss 0.4112 (0.3678) acc 84.3750 (86.9792) spf_gamma 0.0500 (0.0500) spf_rank 8.0000 (8.0000) lr 1.0000e-03 eta 0:00:00 user 5
epoch [1/1] batch [7/9] time 0.063 (0.164) data 0.000 (0.096) loss 0.6519 (0.4084) acc 81.2500 (86.1607) spf_gamma 0.0500 (0.0500) spf_rank 8.0000 (8.0000) lr 1.0000e-03 eta 0:00:00 user 5
epoch [1/1] batch [8/9] time 0.063 (0.151) data 0.000 (0.084) loss 0.2937 (0.3941) acc 93.7500 (87.1094) spf_gamma 0.0500 (0.0500) spf_rank 8.0000 (8.0000) lr 1.0000e-03 eta 0:00:00 user 5
epoch [1/1] batch [9/9] time 0.063 (0.141) data 0.000 (0.074) loss 0.7500 (0.4336) acc 71.8750 (85.4167) spf_gamma 0.0500 (0.0500) spf_rank 8.0000 (8.0000) lr 1.0000e-03 eta 0:00:00 user 5
Finish training: 5 user
Deploy the last-epoch model
5 User, Elapsed: 0:00:01
------------local train finish epoch: 5 -------------
------------local test start-------------
Evaluate on the client0_test set
  0%|          | 0/3 [00:00<?, ?it/s] 33%|███▎      | 1/3 [00:01<00:02,  1.09s/it] 67%|██████▋   | 2/3 [00:01<00:00,  1.83it/s]100%|██████████| 3/3 [00:01<00:00,  2.16it/s]
=> result
* total: 269
* correct: 243
* accuracy: 90.3%
* error: 9.7%
* macro_f1: 88.5%
Evaluate on the client1_test set
  0%|          | 0/3 [00:00<?, ?it/s] 33%|███▎      | 1/3 [00:01<00:02,  1.06s/it] 67%|██████▋   | 2/3 [00:01<00:00,  1.87it/s]100%|██████████| 3/3 [00:01<00:00,  2.17it/s]
=> result
* total: 293
* correct: 256
* accuracy: 87.4%
* error: 12.6%
* macro_f1: 81.1%
Evaluate on the client2_test set
  0%|          | 0/1 [00:00<?, ?it/s]100%|██████████| 1/1 [00:01<00:00,  1.12s/it]100%|██████████| 1/1 [00:01<00:00,  1.21s/it]
=> result
* total: 44
* correct: 41
* accuracy: 93.2%
* error: 6.8%
* macro_f1: 95.2%
Evaluate on the client3_test set
  0%|          | 0/1 [00:00<?, ?it/s]100%|██████████| 1/1 [00:01<00:00,  1.24s/it]100%|██████████| 1/1 [00:01<00:00,  1.34s/it]
=> result
* total: 54
* correct: 49
* accuracy: 90.7%
* error: 9.3%
* macro_f1: 82.8%
Evaluate on the client4_test set
  0%|          | 0/1 [00:00<?, ?it/s]100%|██████████| 1/1 [00:00<00:00,  1.03it/s]100%|██████████| 1/1 [00:01<00:00,  1.06s/it]
=> result
* total: 69
* correct: 62
* accuracy: 89.9%
* error: 10.1%
* macro_f1: 90.5%
Evaluate on the client5_test set
  0%|          | 0/1 [00:00<?, ?it/s]100%|██████████| 1/1 [00:01<00:00,  1.04s/it]100%|██████████| 1/1 [00:01<00:00,  1.15s/it]=> result
* total: 89
* correct: 86
* accuracy: 96.6%
* error: 3.4%
* macro_f1: 97.7%
0 --Local test acc: 90.33457249070632
1 --Local test acc: 87.37201365187714
2 --Local test acc: 93.18181818181819
3 --Local test acc: 90.74074074074075
4 --Local test acc: 89.85507246376811
5 --Local test acc: 96.62921348314607
--Global test acc: 91.35223850200943
Epoch:5
------------local test finish-------------
idxs_users [0, 1, 2, 3, 4, 5]
------------local train start epoch: 6 -------------

epoch [1/1] batch [10/35] time 0.069 (0.136) data 0.000 (0.061) loss 0.3648 (0.3660) acc 90.6250 (90.3125) spf_gamma 0.0500 (0.0500) spf_rank 8.0000 (8.0000) lr 1.0000e-03 eta 0:00:03 user 0
epoch [1/1] batch [20/35] time 0.072 (0.104) data 0.000 (0.031) loss 0.6446 (0.4176) acc 78.1250 (88.5938) spf_gamma 0.0500 (0.0500) spf_rank 8.0000 (8.0000) lr 1.0000e-03 eta 0:00:01 user 0
epoch [1/1] batch [30/35] time 0.071 (0.091) data 0.000 (0.020) loss 0.4666 (0.4738) acc 84.3750 (87.2917) spf_gamma 0.0500 (0.0500) spf_rank 8.0000 (8.0000) lr 1.0000e-03 eta 0:00:00 user 0
Finish training: 0 user
Deploy the last-epoch model
0 User, Elapsed: 0:00:03
epoch [1/1] batch [10/35] time 0.064 (0.127) data 0.000 (0.058) loss 0.4402 (0.6415) acc 84.3750 (78.4375) spf_gamma 0.0500 (0.0500) spf_rank 8.0000 (8.0000) lr 1.0000e-03 eta 0:00:03 user 1
epoch [1/1] batch [20/35] time 0.072 (0.097) data 0.000 (0.029) loss 0.5020 (0.6993) acc 81.2500 (77.6562) spf_gamma 0.0500 (0.0500) spf_rank 8.0000 (8.0000) lr 1.0000e-03 eta 0:00:01 user 1
epoch [1/1] batch [30/35] time 0.078 (0.089) data 0.000 (0.019) loss 0.7500 (0.6852) acc 71.8750 (78.4375) spf_gamma 0.0500 (0.0500) spf_rank 8.0000 (8.0000) lr 1.0000e-03 eta 0:00:00 user 1
Finish training: 1 user
Deploy the last-epoch model
1 User, Elapsed: 0:00:03
epoch [1/1] batch [1/6] time 1.033 (1.033) data 0.952 (0.952) loss 0.3760 (0.3760) acc 90.6250 (90.6250) spf_gamma 0.0500 (0.0500) spf_rank 8.0000 (8.0000) lr 1.0000e-03 eta 0:00:05 user 2
epoch [1/1] batch [2/6] time 0.072 (0.553) data 0.000 (0.476) loss 0.4739 (0.4250) acc 87.5000 (89.0625) spf_gamma 0.0500 (0.0500) spf_rank 8.0000 (8.0000) lr 1.0000e-03 eta 0:00:02 user 2
epoch [1/1] batch [3/6] time 0.063 (0.390) data 0.000 (0.317) loss 0.2349 (0.3616) acc 93.7500 (90.6250) spf_gamma 0.0500 (0.0500) spf_rank 8.0000 (8.0000) lr 1.0000e-03 eta 0:00:01 user 2
epoch [1/1] batch [4/6] time 0.070 (0.310) data 0.000 (0.238) loss 0.3760 (0.3652) acc 90.6250 (90.6250) spf_gamma 0.0500 (0.0500) spf_rank 8.0000 (8.0000) lr 1.0000e-03 eta 0:00:00 user 2
epoch [1/1] batch [5/6] time 0.067 (0.261) data 0.000 (0.190) loss 0.5366 (0.3995) acc 81.2500 (88.7500) spf_gamma 0.0500 (0.0500) spf_rank 8.0000 (8.0000) lr 1.0000e-03 eta 0:00:00 user 2
epoch [1/1] batch [6/6] time 0.065 (0.229) data 0.000 (0.159) loss 0.4180 (0.4026) acc 78.1250 (86.9792) spf_gamma 0.0500 (0.0500) spf_rank 8.0000 (8.0000) lr 1.0000e-03 eta 0:00:00 user 2
Finish training: 2 user
Deploy the last-epoch model
2 User, Elapsed: 0:00:01
epoch [1/1] batch [1/5] time 0.915 (0.915) data 0.836 (0.836) loss 0.4324 (0.4324) acc 93.7500 (93.7500) spf_gamma 0.0500 (0.0500) spf_rank 8.0000 (8.0000) lr 1.0000e-03 eta 0:00:03 user 3
epoch [1/1] batch [2/5] time 0.067 (0.491) data 0.000 (0.418) loss 0.5635 (0.4979) acc 81.2500 (87.5000) spf_gamma 0.0500 (0.0500) spf_rank 8.0000 (8.0000) lr 1.0000e-03 eta 0:00:01 user 3
epoch [1/1] batch [3/5] time 0.069 (0.350) data 0.000 (0.279) loss 0.4214 (0.4724) acc 81.2500 (85.4167) spf_gamma 0.0500 (0.0500) spf_rank 8.0000 (8.0000) lr 1.0000e-03 eta 0:00:00 user 3
epoch [1/1] batch [4/5] time 0.070 (0.280) data 0.000 (0.209) loss 0.3150 (0.4331) acc 87.5000 (85.9375) spf_gamma 0.0500 (0.0500) spf_rank 8.0000 (8.0000) lr 1.0000e-03 eta 0:00:00 user 3
epoch [1/1] batch [5/5] time 0.065 (0.237) data 0.000 (0.167) loss 0.4368 (0.4338) acc 90.6250 (86.8750) spf_gamma 0.0500 (0.0500) spf_rank 8.0000 (8.0000) lr 1.0000e-03 eta 0:00:00 user 3
Finish training: 3 user
Deploy the last-epoch model
3 User, Elapsed: 0:00:01
epoch [1/1] batch [10/10] time 0.063 (0.135) data 0.000 (0.068) loss 0.5762 (0.5185) acc 84.3750 (84.6875) spf_gamma 0.0500 (0.0500) spf_rank 8.0000 (8.0000) lr 1.0000e-03 eta 0:00:00 user 4
Finish training: 4 user
Deploy the last-epoch model
4 User, Elapsed: 0:00:01
epoch [1/1] batch [1/9] time 0.702 (0.702) data 0.628 (0.628) loss 0.4341 (0.4341) acc 93.7500 (93.7500) spf_gamma 0.0500 (0.0500) spf_rank 8.0000 (8.0000) lr 1.0000e-03 eta 0:00:05 user 5
epoch [1/1] batch [2/9] time 0.064 (0.383) data 0.000 (0.314) loss 0.4099 (0.4220) acc 93.7500 (93.7500) spf_gamma 0.0500 (0.0500) spf_rank 8.0000 (8.0000) lr 1.0000e-03 eta 0:00:02 user 5
epoch [1/1] batch [3/9] time 0.063 (0.276) data 0.000 (0.209) loss 0.5884 (0.4775) acc 81.2500 (89.5833) spf_gamma 0.0500 (0.0500) spf_rank 8.0000 (8.0000) lr 1.0000e-03 eta 0:00:01 user 5
epoch [1/1] batch [4/9] time 0.064 (0.223) data 0.000 (0.157) loss 0.6690 (0.5254) acc 84.3750 (88.2812) spf_gamma 0.0500 (0.0500) spf_rank 8.0000 (8.0000) lr 1.0000e-03 eta 0:00:01 user 5
epoch [1/1] batch [5/9] time 0.063 (0.191) data 0.000 (0.126) loss 0.5220 (0.5247) acc 84.3750 (87.5000) spf_gamma 0.0500 (0.0500) spf_rank 8.0000 (8.0000) lr 1.0000e-03 eta 0:00:00 user 5
epoch [1/1] batch [6/9] time 0.063 (0.170) data 0.000 (0.105) loss 0.3584 (0.4970) acc 87.5000 (87.5000) spf_gamma 0.0500 (0.0500) spf_rank 8.0000 (8.0000) lr 1.0000e-03 eta 0:00:00 user 5
epoch [1/1] batch [7/9] time 0.064 (0.155) data 0.000 (0.090) loss 0.3867 (0.4812) acc 87.5000 (87.5000) spf_gamma 0.0500 (0.0500) spf_rank 8.0000 (8.0000) lr 1.0000e-03 eta 0:00:00 user 5
epoch [1/1] batch [8/9] time 0.063 (0.143) data 0.000 (0.079) loss 0.3086 (0.4597) acc 96.8750 (88.6719) spf_gamma 0.0500 (0.0500) spf_rank 8.0000 (8.0000) lr 1.0000e-03 eta 0:00:00 user 5
epoch [1/1] batch [9/9] time 0.063 (0.134) data 0.000 (0.070) loss 0.3296 (0.4452) acc 87.5000 (88.5417) spf_gamma 0.0500 (0.0500) spf_rank 8.0000 (8.0000) lr 1.0000e-03 eta 0:00:00 user 5
Finish training: 5 user
Deploy the last-epoch model
5 User, Elapsed: 0:00:01
------------local train finish epoch: 6 -------------
------------local test start-------------
Evaluate on the client0_test set
  0%|          | 0/3 [00:00<?, ?it/s] 33%|███▎      | 1/3 [00:01<00:02,  1.21s/it] 67%|██████▋   | 2/3 [00:01<00:00,  1.67it/s]100%|██████████| 3/3 [00:01<00:00,  1.98it/s]
=> result
* total: 269
* correct: 244
* accuracy: 90.7%
* error: 9.3%
* macro_f1: 88.6%
Evaluate on the client1_test set
  0%|          | 0/3 [00:00<?, ?it/s] 33%|███▎      | 1/3 [00:01<00:02,  1.06s/it] 67%|██████▋   | 2/3 [00:01<00:00,  1.87it/s]100%|██████████| 3/3 [00:01<00:00,  2.17it/s]
=> result
* total: 293
* correct: 255
* accuracy: 87.0%
* error: 13.0%
* macro_f1: 79.8%
Evaluate on the client2_test set
  0%|          | 0/1 [00:00<?, ?it/s]100%|██████████| 1/1 [00:01<00:00,  1.12s/it]100%|██████████| 1/1 [00:01<00:00,  1.24s/it]
=> result
* total: 44
* correct: 41
* accuracy: 93.2%
* error: 6.8%
* macro_f1: 95.2%
Evaluate on the client3_test set
  0%|          | 0/1 [00:00<?, ?it/s]100%|██████████| 1/1 [00:01<00:00,  1.24s/it]100%|██████████| 1/1 [00:01<00:00,  1.35s/it]
=> result
* total: 54
* correct: 51
* accuracy: 94.4%
* error: 5.6%
* macro_f1: 88.0%
Evaluate on the client4_test set
  0%|          | 0/1 [00:00<?, ?it/s]100%|██████████| 1/1 [00:00<00:00,  1.03it/s]100%|██████████| 1/1 [00:01<00:00,  1.05s/it]
=> result
* total: 69
* correct: 64
* accuracy: 92.8%
* error: 7.2%
* macro_f1: 90.4%
Evaluate on the client5_test set
  0%|          | 0/1 [00:00<?, ?it/s]100%|██████████| 1/1 [00:01<00:00,  1.02s/it]100%|██████████| 1/1 [00:01<00:00,  1.11s/it]=> result
* total: 89
* correct: 85
* accuracy: 95.5%
* error: 4.5%
* macro_f1: 96.5%
0 --Local test acc: 90.70631970260223
1 --Local test acc: 87.03071672354949
2 --Local test acc: 93.18181818181819
3 --Local test acc: 94.44444444444444
4 --Local test acc: 92.7536231884058
5 --Local test acc: 95.50561797752809
--Global test acc: 92.27042336972471
Epoch:6
------------local test finish-------------
idxs_users [0, 1, 2, 3, 4, 5]
------------local train start epoch: 7 -------------

epoch [1/1] batch [10/35] time 0.073 (0.137) data 0.000 (0.063) loss 0.6172 (0.5302) acc 84.3750 (85.0000) spf_gamma 0.0500 (0.0500) spf_rank 8.0000 (8.0000) lr 1.0000e-03 eta 0:00:03 user 0
epoch [1/1] batch [20/35] time 0.067 (0.104) data 0.000 (0.031) loss 0.7232 (0.5508) acc 75.0000 (83.4375) spf_gamma 0.0500 (0.0500) spf_rank 8.0000 (8.0000) lr 1.0000e-03 eta 0:00:01 user 0
epoch [1/1] batch [30/35] time 0.073 (0.093) data 0.000 (0.021) loss 0.2903 (0.5521) acc 90.6250 (84.1667) spf_gamma 0.0500 (0.0500) spf_rank 8.0000 (8.0000) lr 1.0000e-03 eta 0:00:00 user 0
Finish training: 0 user
Deploy the last-epoch model
0 User, Elapsed: 0:00:03
epoch [1/1] batch [10/35] time 0.069 (0.134) data 0.000 (0.064) loss 0.7896 (0.6717) acc 75.0000 (80.3125) spf_gamma 0.0500 (0.0500) spf_rank 8.0000 (8.0000) lr 1.0000e-03 eta 0:00:03 user 1
epoch [1/1] batch [20/35] time 0.069 (0.105) data 0.000 (0.032) loss 0.5825 (0.6806) acc 81.2500 (79.6875) spf_gamma 0.0500 (0.0500) spf_rank 8.0000 (8.0000) lr 1.0000e-03 eta 0:00:01 user 1
epoch [1/1] batch [30/35] time 0.073 (0.091) data 0.000 (0.022) loss 0.5039 (0.6485) acc 87.5000 (80.7292) spf_gamma 0.0500 (0.0500) spf_rank 8.0000 (8.0000) lr 1.0000e-03 eta 0:00:00 user 1
Finish training: 1 user
Deploy the last-epoch model
1 User, Elapsed: 0:00:03
epoch [1/1] batch [1/6] time 0.933 (0.933) data 0.861 (0.861) loss 0.1612 (0.1612) acc 100.0000 (100.0000) spf_gamma 0.0500 (0.0500) spf_rank 8.0000 (8.0000) lr 1.0000e-03 eta 0:00:04 user 2
epoch [1/1] batch [2/6] time 0.064 (0.498) data 0.000 (0.431) loss 0.4480 (0.3046) acc 87.5000 (93.7500) spf_gamma 0.0500 (0.0500) spf_rank 8.0000 (8.0000) lr 1.0000e-03 eta 0:00:01 user 2
epoch [1/1] batch [3/6] time 0.063 (0.353) data 0.000 (0.287) loss 0.3999 (0.3364) acc 90.6250 (92.7083) spf_gamma 0.0500 (0.0500) spf_rank 8.0000 (8.0000) lr 1.0000e-03 eta 0:00:01 user 2
epoch [1/1] batch [4/6] time 0.063 (0.281) data 0.000 (0.215) loss 0.3098 (0.3297) acc 87.5000 (91.4062) spf_gamma 0.0500 (0.0500) spf_rank 8.0000 (8.0000) lr 1.0000e-03 eta 0:00:00 user 2
epoch [1/1] batch [5/6] time 0.072 (0.239) data 0.000 (0.172) loss 0.4212 (0.3480) acc 90.6250 (91.2500) spf_gamma 0.0500 (0.0500) spf_rank 8.0000 (8.0000) lr 1.0000e-03 eta 0:00:00 user 2
epoch [1/1] batch [6/6] time 0.069 (0.211) data 0.000 (0.144) loss 0.3008 (0.3402) acc 90.6250 (91.1458) spf_gamma 0.0500 (0.0500) spf_rank 8.0000 (8.0000) lr 1.0000e-03 eta 0:00:00 user 2
Finish training: 2 user
Deploy the last-epoch model
2 User, Elapsed: 0:00:01
epoch [1/1] batch [1/5] time 0.974 (0.974) data 0.895 (0.895) loss 0.1297 (0.1297) acc 100.0000 (100.0000) spf_gamma 0.0500 (0.0500) spf_rank 8.0000 (8.0000) lr 1.0000e-03 eta 0:00:03 user 3
epoch [1/1] batch [2/5] time 0.065 (0.520) data 0.000 (0.448) loss 0.4038 (0.2667) acc 93.7500 (96.8750) spf_gamma 0.0500 (0.0500) spf_rank 8.0000 (8.0000) lr 1.0000e-03 eta 0:00:01 user 3
epoch [1/1] batch [3/5] time 0.063 (0.367) data 0.000 (0.298) loss 0.1726 (0.2354) acc 96.8750 (96.8750) spf_gamma 0.0500 (0.0500) spf_rank 8.0000 (8.0000) lr 1.0000e-03 eta 0:00:00 user 3
epoch [1/1] batch [4/5] time 0.063 (0.291) data 0.000 (0.224) loss 0.3094 (0.2539) acc 90.6250 (95.3125) spf_gamma 0.0500 (0.0500) spf_rank 8.0000 (8.0000) lr 1.0000e-03 eta 0:00:00 user 3
epoch [1/1] batch [5/5] time 0.065 (0.246) data 0.000 (0.179) loss 0.1735 (0.2378) acc 93.7500 (95.0000) spf_gamma 0.0500 (0.0500) spf_rank 8.0000 (8.0000) lr 1.0000e-03 eta 0:00:00 user 3
Finish training: 3 user
Deploy the last-epoch model
3 User, Elapsed: 0:00:01
epoch [1/1] batch [10/10] time 0.069 (0.136) data 0.000 (0.064) loss 0.4864 (0.5041) acc 87.5000 (87.1875) spf_gamma 0.0500 (0.0500) spf_rank 8.0000 (8.0000) lr 1.0000e-03 eta 0:00:00 user 4
Finish training: 4 user
Deploy the last-epoch model
4 User, Elapsed: 0:00:01
epoch [1/1] batch [1/9] time 0.783 (0.783) data 0.698 (0.698) loss 0.4124 (0.4124) acc 87.5000 (87.5000) spf_gamma 0.0500 (0.0500) spf_rank 8.0000 (8.0000) lr 1.0000e-03 eta 0:00:06 user 5
epoch [1/1] batch [2/9] time 0.066 (0.425) data 0.000 (0.349) loss 0.2207 (0.3166) acc 93.7500 (90.6250) spf_gamma 0.0500 (0.0500) spf_rank 8.0000 (8.0000) lr 1.0000e-03 eta 0:00:02 user 5
epoch [1/1] batch [3/9] time 0.069 (0.306) data 0.000 (0.233) loss 0.2871 (0.3067) acc 87.5000 (89.5833) spf_gamma 0.0500 (0.0500) spf_rank 8.0000 (8.0000) lr 1.0000e-03 eta 0:00:01 user 5
epoch [1/1] batch [4/9] time 0.071 (0.247) data 0.000 (0.174) loss 0.4895 (0.3524) acc 90.6250 (89.8438) spf_gamma 0.0500 (0.0500) spf_rank 8.0000 (8.0000) lr 1.0000e-03 eta 0:00:01 user 5
epoch [1/1] batch [5/9] time 0.066 (0.211) data 0.000 (0.140) loss 0.2925 (0.3405) acc 93.7500 (90.6250) spf_gamma 0.0500 (0.0500) spf_rank 8.0000 (8.0000) lr 1.0000e-03 eta 0:00:00 user 5
epoch [1/1] batch [6/9] time 0.070 (0.187) data 0.000 (0.116) loss 0.1040 (0.3010) acc 96.8750 (91.6667) spf_gamma 0.0500 (0.0500) spf_rank 8.0000 (8.0000) lr 1.0000e-03 eta 0:00:00 user 5
epoch [1/1] batch [7/9] time 0.071 (0.171) data 0.000 (0.100) loss 0.5376 (0.3348) acc 87.5000 (91.0714) spf_gamma 0.0500 (0.0500) spf_rank 8.0000 (8.0000) lr 1.0000e-03 eta 0:00:00 user 5
epoch [1/1] batch [8/9] time 0.073 (0.159) data 0.000 (0.087) loss 0.4202 (0.3455) acc 93.7500 (91.4062) spf_gamma 0.0500 (0.0500) spf_rank 8.0000 (8.0000) lr 1.0000e-03 eta 0:00:00 user 5
epoch [1/1] batch [9/9] time 0.069 (0.149) data 0.000 (0.078) loss 0.1878 (0.3280) acc 93.7500 (91.6667) spf_gamma 0.0500 (0.0500) spf_rank 8.0000 (8.0000) lr 1.0000e-03 eta 0:00:00 user 5
Finish training: 5 user
Deploy the last-epoch model
5 User, Elapsed: 0:00:01
------------local train finish epoch: 7 -------------
------------local test start-------------
Evaluate on the client0_test set
  0%|          | 0/3 [00:00<?, ?it/s] 33%|███▎      | 1/3 [00:01<00:02,  1.19s/it] 67%|██████▋   | 2/3 [00:01<00:00,  1.70it/s]100%|██████████| 3/3 [00:01<00:00,  2.02it/s]
=> result
* total: 269
* correct: 246
* accuracy: 91.4%
* error: 8.6%
* macro_f1: 89.6%
Evaluate on the client1_test set
  0%|          | 0/3 [00:00<?, ?it/s] 33%|███▎      | 1/3 [00:01<00:02,  1.08s/it] 67%|██████▋   | 2/3 [00:01<00:00,  1.85it/s]100%|██████████| 3/3 [00:01<00:00,  2.12it/s]
=> result
* total: 293
* correct: 257
* accuracy: 87.7%
* error: 12.3%
* macro_f1: 80.1%
Evaluate on the client2_test set
  0%|          | 0/1 [00:00<?, ?it/s]100%|██████████| 1/1 [00:01<00:00,  1.10s/it]100%|██████████| 1/1 [00:01<00:00,  1.20s/it]
=> result
* total: 44
* correct: 41
* accuracy: 93.2%
* error: 6.8%
* macro_f1: 92.3%
Evaluate on the client3_test set
  0%|          | 0/1 [00:00<?, ?it/s]100%|██████████| 1/1 [00:01<00:00,  1.31s/it]100%|██████████| 1/1 [00:01<00:00,  1.41s/it]
=> result
* total: 54
* correct: 50
* accuracy: 92.6%
* error: 7.4%
* macro_f1: 84.1%
Evaluate on the client4_test set
  0%|          | 0/1 [00:00<?, ?it/s]100%|██████████| 1/1 [00:00<00:00,  1.06it/s]100%|██████████| 1/1 [00:01<00:00,  1.09s/it]
=> result
* total: 69
* correct: 67
* accuracy: 97.1%
* error: 2.9%
* macro_f1: 98.2%
Evaluate on the client5_test set
  0%|          | 0/1 [00:00<?, ?it/s]100%|██████████| 1/1 [00:01<00:00,  1.22s/it]100%|██████████| 1/1 [00:01<00:00,  1.33s/it]=> result
* total: 89
* correct: 86
* accuracy: 96.6%
* error: 3.4%
* macro_f1: 95.0%
0 --Local test acc: 91.44981412639405
1 --Local test acc: 87.71331058020478
2 --Local test acc: 93.18181818181819
3 --Local test acc: 92.5925925925926
4 --Local test acc: 97.10144927536231
5 --Local test acc: 96.62921348314607
--Global test acc: 93.111366373253
Epoch:7
------------local test finish-------------
idxs_users [0, 1, 2, 3, 4, 5]
------------local train start epoch: 8 -------------

epoch [1/1] batch [10/35] time 0.071 (0.155) data 0.000 (0.078) loss 0.3155 (0.5378) acc 84.3750 (84.3750) spf_gamma 0.0500 (0.0500) spf_rank 8.0000 (8.0000) lr 1.0000e-03 eta 0:00:03 user 0
epoch [1/1] batch [20/35] time 0.074 (0.113) data 0.000 (0.039) loss 0.4080 (0.5131) acc 87.5000 (85.0000) spf_gamma 0.0500 (0.0500) spf_rank 8.0000 (8.0000) lr 1.0000e-03 eta 0:00:01 user 0
epoch [1/1] batch [30/35] time 0.069 (0.098) data 0.000 (0.026) loss 0.5157 (0.5277) acc 81.2500 (84.7917) spf_gamma 0.0500 (0.0500) spf_rank 8.0000 (8.0000) lr 1.0000e-03 eta 0:00:00 user 0
Finish training: 0 user
Deploy the last-epoch model
0 User, Elapsed: 0:00:03
epoch [1/1] batch [10/35] time 0.071 (0.140) data 0.000 (0.066) loss 0.5718 (0.7014) acc 75.0000 (75.9375) spf_gamma 0.0500 (0.0500) spf_rank 8.0000 (8.0000) lr 1.0000e-03 eta 0:00:03 user 1
epoch [1/1] batch [20/35] time 0.068 (0.106) data 0.000 (0.033) loss 0.7842 (0.7077) acc 78.1250 (76.7188) spf_gamma 0.0500 (0.0500) spf_rank 8.0000 (8.0000) lr 1.0000e-03 eta 0:00:01 user 1
epoch [1/1] batch [30/35] time 0.064 (0.093) data 0.000 (0.022) loss 0.5586 (0.6828) acc 84.3750 (78.5417) spf_gamma 0.0500 (0.0500) spf_rank 8.0000 (8.0000) lr 1.0000e-03 eta 0:00:00 user 1
Finish training: 1 user
Deploy the last-epoch model
1 User, Elapsed: 0:00:03
epoch [1/1] batch [1/6] time 1.176 (1.176) data 1.104 (1.104) loss 0.1994 (0.1994) acc 93.7500 (93.7500) spf_gamma 0.0500 (0.0500) spf_rank 8.0000 (8.0000) lr 1.0000e-03 eta 0:00:05 user 2
epoch [1/1] batch [2/6] time 0.065 (0.621) data 0.000 (0.552) loss 0.1695 (0.1844) acc 96.8750 (95.3125) spf_gamma 0.0500 (0.0500) spf_rank 8.0000 (8.0000) lr 1.0000e-03 eta 0:00:02 user 2
epoch [1/1] batch [3/6] time 0.068 (0.436) data 0.000 (0.368) loss 0.2635 (0.2108) acc 96.8750 (95.8333) spf_gamma 0.0500 (0.0500) spf_rank 8.0000 (8.0000) lr 1.0000e-03 eta 0:00:01 user 2
epoch [1/1] batch [4/6] time 0.067 (0.344) data 0.000 (0.276) loss 0.4615 (0.2734) acc 90.6250 (94.5312) spf_gamma 0.0500 (0.0500) spf_rank 8.0000 (8.0000) lr 1.0000e-03 eta 0:00:00 user 2
epoch [1/1] batch [5/6] time 0.071 (0.289) data 0.000 (0.221) loss 0.3926 (0.2973) acc 93.7500 (94.3750) spf_gamma 0.0500 (0.0500) spf_rank 8.0000 (8.0000) lr 1.0000e-03 eta 0:00:00 user 2
epoch [1/1] batch [6/6] time 0.071 (0.253) data 0.000 (0.184) loss 0.1448 (0.2719) acc 96.8750 (94.7917) spf_gamma 0.0500 (0.0500) spf_rank 8.0000 (8.0000) lr 1.0000e-03 eta 0:00:00 user 2
Finish training: 2 user
Deploy the last-epoch model
2 User, Elapsed: 0:00:02
epoch [1/1] batch [1/5] time 0.929 (0.929) data 0.844 (0.844) loss 0.2713 (0.2713) acc 87.5000 (87.5000) spf_gamma 0.0500 (0.0500) spf_rank 8.0000 (8.0000) lr 1.0000e-03 eta 0:00:03 user 3
epoch [1/1] batch [2/5] time 0.066 (0.498) data 0.000 (0.422) loss 0.1586 (0.2149) acc 93.7500 (90.6250) spf_gamma 0.0500 (0.0500) spf_rank 8.0000 (8.0000) lr 1.0000e-03 eta 0:00:01 user 3
epoch [1/1] batch [3/5] time 0.080 (0.358) data 0.000 (0.281) loss 0.4619 (0.2973) acc 87.5000 (89.5833) spf_gamma 0.0500 (0.0500) spf_rank 8.0000 (8.0000) lr 1.0000e-03 eta 0:00:00 user 3
epoch [1/1] batch [4/5] time 0.071 (0.287) data 0.000 (0.211) loss 0.2348 (0.2816) acc 90.6250 (89.8438) spf_gamma 0.0500 (0.0500) spf_rank 8.0000 (8.0000) lr 1.0000e-03 eta 0:00:00 user 3
epoch [1/1] batch [5/5] time 0.075 (0.244) data 0.000 (0.169) loss 0.3738 (0.3001) acc 87.5000 (89.3750) spf_gamma 0.0500 (0.0500) spf_rank 8.0000 (8.0000) lr 1.0000e-03 eta 0:00:00 user 3
Finish training: 3 user
Deploy the last-epoch model
3 User, Elapsed: 0:00:01
epoch [1/1] batch [10/10] time 0.064 (0.129) data 0.000 (0.060) loss 0.9766 (0.4300) acc 78.1250 (87.5000) spf_gamma 0.0500 (0.0500) spf_rank 8.0000 (8.0000) lr 1.0000e-03 eta 0:00:00 user 4
Finish training: 4 user
Deploy the last-epoch model
4 User, Elapsed: 0:00:01
epoch [1/1] batch [1/9] time 0.733 (0.733) data 0.658 (0.658) loss 0.4444 (0.4444) acc 87.5000 (87.5000) spf_gamma 0.0500 (0.0500) spf_rank 8.0000 (8.0000) lr 1.0000e-03 eta 0:00:05 user 5
epoch [1/1] batch [2/9] time 0.068 (0.401) data 0.000 (0.329) loss 0.1687 (0.3065) acc 96.8750 (92.1875) spf_gamma 0.0500 (0.0500) spf_rank 8.0000 (8.0000) lr 1.0000e-03 eta 0:00:02 user 5
epoch [1/1] batch [3/9] time 0.079 (0.293) data 0.000 (0.219) loss 0.4905 (0.3679) acc 81.2500 (88.5417) spf_gamma 0.0500 (0.0500) spf_rank 8.0000 (8.0000) lr 1.0000e-03 eta 0:00:01 user 5
epoch [1/1] batch [4/9] time 0.072 (0.238) data 0.000 (0.165) loss 0.4209 (0.3811) acc 90.6250 (89.0625) spf_gamma 0.0500 (0.0500) spf_rank 8.0000 (8.0000) lr 1.0000e-03 eta 0:00:01 user 5
epoch [1/1] batch [5/9] time 0.063 (0.203) data 0.000 (0.132) loss 0.2581 (0.3565) acc 93.7500 (90.0000) spf_gamma 0.0500 (0.0500) spf_rank 8.0000 (8.0000) lr 1.0000e-03 eta 0:00:00 user 5
epoch [1/1] batch [6/9] time 0.072 (0.181) data 0.000 (0.110) loss 0.5894 (0.3953) acc 84.3750 (89.0625) spf_gamma 0.0500 (0.0500) spf_rank 8.0000 (8.0000) lr 1.0000e-03 eta 0:00:00 user 5
epoch [1/1] batch [7/9] time 0.065 (0.165) data 0.000 (0.094) loss 0.2273 (0.3713) acc 93.7500 (89.7321) spf_gamma 0.0500 (0.0500) spf_rank 8.0000 (8.0000) lr 1.0000e-03 eta 0:00:00 user 5
epoch [1/1] batch [8/9] time 0.069 (0.153) data 0.000 (0.082) loss 0.4195 (0.3773) acc 87.5000 (89.4531) spf_gamma 0.0500 (0.0500) spf_rank 8.0000 (8.0000) lr 1.0000e-03 eta 0:00:00 user 5
epoch [1/1] batch [9/9] time 0.063 (0.143) data 0.000 (0.073) loss 0.3755 (0.3771) acc 87.5000 (89.2361) spf_gamma 0.0500 (0.0500) spf_rank 8.0000 (8.0000) lr 1.0000e-03 eta 0:00:00 user 5
Finish training: 5 user
Deploy the last-epoch model
5 User, Elapsed: 0:00:01
------------local train finish epoch: 8 -------------
------------local test start-------------
Evaluate on the client0_test set
  0%|          | 0/3 [00:00<?, ?it/s] 33%|███▎      | 1/3 [00:01<00:02,  1.06s/it] 67%|██████▋   | 2/3 [00:01<00:00,  1.87it/s]100%|██████████| 3/3 [00:01<00:00,  2.21it/s]
=> result
* total: 269
* correct: 244
* accuracy: 90.7%
* error: 9.3%
* macro_f1: 89.0%
Evaluate on the client1_test set
  0%|          | 0/3 [00:00<?, ?it/s] 33%|███▎      | 1/3 [00:01<00:02,  1.04s/it] 67%|██████▋   | 2/3 [00:01<00:00,  1.89it/s]100%|██████████| 3/3 [00:01<00:00,  2.20it/s]
=> result
* total: 293
* correct: 257
* accuracy: 87.7%
* error: 12.3%
* macro_f1: 84.1%
Evaluate on the client2_test set
  0%|          | 0/1 [00:00<?, ?it/s]100%|██████████| 1/1 [00:01<00:00,  1.05s/it]100%|██████████| 1/1 [00:01<00:00,  1.14s/it]
=> result
* total: 44
* correct: 41
* accuracy: 93.2%
* error: 6.8%
* macro_f1: 95.2%
Evaluate on the client3_test set
  0%|          | 0/1 [00:00<?, ?it/s]100%|██████████| 1/1 [00:01<00:00,  1.31s/it]100%|██████████| 1/1 [00:01<00:00,  1.39s/it]
=> result
* total: 54
* correct: 48
* accuracy: 88.9%
* error: 11.1%
* macro_f1: 80.0%
Evaluate on the client4_test set
  0%|          | 0/1 [00:00<?, ?it/s]100%|██████████| 1/1 [00:00<00:00,  1.06it/s]100%|██████████| 1/1 [00:01<00:00,  1.04s/it]
=> result
* total: 69
* correct: 64
* accuracy: 92.8%
* error: 7.2%
* macro_f1: 92.6%
Evaluate on the client5_test set
  0%|          | 0/1 [00:00<?, ?it/s]100%|██████████| 1/1 [00:01<00:00,  1.06s/it]100%|██████████| 1/1 [00:01<00:00,  1.16s/it]=> result
* total: 89
* correct: 87
* accuracy: 97.8%
* error: 2.2%
* macro_f1: 98.1%
0 --Local test acc: 90.70631970260223
1 --Local test acc: 87.71331058020478
2 --Local test acc: 93.18181818181819
3 --Local test acc: 88.88888888888889
4 --Local test acc: 92.7536231884058
5 --Local test acc: 97.75280898876404
--Global test acc: 91.83279492178065
Epoch:8
------------local test finish-------------
idxs_users [0, 1, 2, 3, 4, 5]
------------local train start epoch: 9 -------------

epoch [1/1] batch [10/35] time 0.068 (0.134) data 0.000 (0.062) loss 0.3152 (0.4360) acc 93.7500 (88.7500) spf_gamma 0.0500 (0.0500) spf_rank 8.0000 (8.0000) lr 1.0000e-03 eta 0:00:03 user 0
epoch [1/1] batch [20/35] time 0.064 (0.101) data 0.000 (0.031) loss 0.3582 (0.4516) acc 93.7500 (88.5938) spf_gamma 0.0500 (0.0500) spf_rank 8.0000 (8.0000) lr 1.0000e-03 eta 0:00:01 user 0
epoch [1/1] batch [30/35] time 0.064 (0.091) data 0.000 (0.021) loss 0.3528 (0.4709) acc 90.6250 (87.5000) spf_gamma 0.0500 (0.0500) spf_rank 8.0000 (8.0000) lr 1.0000e-03 eta 0:00:00 user 0
Finish training: 0 user
Deploy the last-epoch model
0 User, Elapsed: 0:00:03
epoch [1/1] batch [10/35] time 0.077 (0.142) data 0.000 (0.068) loss 0.7818 (0.6530) acc 75.0000 (79.6875) spf_gamma 0.0500 (0.0500) spf_rank 8.0000 (8.0000) lr 1.0000e-03 eta 0:00:03 user 1
epoch [1/1] batch [20/35] time 0.063 (0.107) data 0.000 (0.034) loss 0.9146 (0.6612) acc 68.7500 (80.4688) spf_gamma 0.0500 (0.0500) spf_rank 8.0000 (8.0000) lr 1.0000e-03 eta 0:00:01 user 1
epoch [1/1] batch [30/35] time 0.073 (0.093) data 0.000 (0.023) loss 0.8487 (0.6682) acc 78.1250 (80.2083) spf_gamma 0.0500 (0.0500) spf_rank 8.0000 (8.0000) lr 1.0000e-03 eta 0:00:00 user 1
Finish training: 1 user
Deploy the last-epoch model
1 User, Elapsed: 0:00:03
epoch [1/1] batch [1/6] time 0.901 (0.901) data 0.832 (0.832) loss 0.4702 (0.4702) acc 84.3750 (84.3750) spf_gamma 0.0500 (0.0500) spf_rank 8.0000 (8.0000) lr 1.0000e-03 eta 0:00:04 user 2
epoch [1/1] batch [2/6] time 0.064 (0.482) data 0.000 (0.416) loss 0.1514 (0.3108) acc 96.8750 (90.6250) spf_gamma 0.0500 (0.0500) spf_rank 8.0000 (8.0000) lr 1.0000e-03 eta 0:00:01 user 2
epoch [1/1] batch [3/6] time 0.063 (0.343) data 0.000 (0.277) loss 0.2066 (0.2761) acc 93.7500 (91.6667) spf_gamma 0.0500 (0.0500) spf_rank 8.0000 (8.0000) lr 1.0000e-03 eta 0:00:01 user 2
epoch [1/1] batch [4/6] time 0.064 (0.273) data 0.000 (0.208) loss 0.3308 (0.2898) acc 90.6250 (91.4062) spf_gamma 0.0500 (0.0500) spf_rank 8.0000 (8.0000) lr 1.0000e-03 eta 0:00:00 user 2
epoch [1/1] batch [5/6] time 0.063 (0.231) data 0.000 (0.166) loss 0.2786 (0.2875) acc 90.6250 (91.2500) spf_gamma 0.0500 (0.0500) spf_rank 8.0000 (8.0000) lr 1.0000e-03 eta 0:00:00 user 2
epoch [1/1] batch [6/6] time 0.063 (0.203) data 0.000 (0.139) loss 0.2052 (0.2738) acc 96.8750 (92.1875) spf_gamma 0.0500 (0.0500) spf_rank 8.0000 (8.0000) lr 1.0000e-03 eta 0:00:00 user 2
Finish training: 2 user
Deploy the last-epoch model
2 User, Elapsed: 0:00:01
epoch [1/1] batch [1/5] time 0.901 (0.901) data 0.828 (0.828) loss 0.2696 (0.2696) acc 93.7500 (93.7500) spf_gamma 0.0500 (0.0500) spf_rank 8.0000 (8.0000) lr 1.0000e-03 eta 0:00:03 user 3
epoch [1/1] batch [2/5] time 0.072 (0.487) data 0.000 (0.414) loss 0.3469 (0.3083) acc 87.5000 (90.6250) spf_gamma 0.0500 (0.0500) spf_rank 8.0000 (8.0000) lr 1.0000e-03 eta 0:00:01 user 3
epoch [1/1] batch [3/5] time 0.081 (0.351) data 0.000 (0.276) loss 0.4031 (0.3399) acc 90.6250 (90.6250) spf_gamma 0.0500 (0.0500) spf_rank 8.0000 (8.0000) lr 1.0000e-03 eta 0:00:00 user 3
epoch [1/1] batch [4/5] time 0.071 (0.281) data 0.000 (0.207) loss 0.1807 (0.3001) acc 93.7500 (91.4062) spf_gamma 0.0500 (0.0500) spf_rank 8.0000 (8.0000) lr 1.0000e-03 eta 0:00:00 user 3
epoch [1/1] batch [5/5] time 0.069 (0.239) data 0.000 (0.166) loss 0.3145 (0.3030) acc 87.5000 (90.6250) spf_gamma 0.0500 (0.0500) spf_rank 8.0000 (8.0000) lr 1.0000e-03 eta 0:00:00 user 3
Finish training: 3 user
Deploy the last-epoch model
3 User, Elapsed: 0:00:01
epoch [1/1] batch [10/10] time 0.064 (0.131) data 0.000 (0.063) loss 0.2423 (0.4560) acc 96.8750 (87.5000) spf_gamma 0.0500 (0.0500) spf_rank 8.0000 (8.0000) lr 1.0000e-03 eta 0:00:00 user 4
Finish training: 4 user
Deploy the last-epoch model
4 User, Elapsed: 0:00:01
epoch [1/1] batch [1/9] time 0.743 (0.743) data 0.669 (0.669) loss 0.1868 (0.1868) acc 93.7500 (93.7500) spf_gamma 0.0500 (0.0500) spf_rank 8.0000 (8.0000) lr 1.0000e-03 eta 0:00:05 user 5
epoch [1/1] batch [2/9] time 0.083 (0.413) data 0.000 (0.335) loss 0.2910 (0.2389) acc 90.6250 (92.1875) spf_gamma 0.0500 (0.0500) spf_rank 8.0000 (8.0000) lr 1.0000e-03 eta 0:00:02 user 5
epoch [1/1] batch [3/9] time 0.082 (0.303) data 0.000 (0.223) loss 0.1875 (0.2218) acc 96.8750 (93.7500) spf_gamma 0.0500 (0.0500) spf_rank 8.0000 (8.0000) lr 1.0000e-03 eta 0:00:01 user 5
epoch [1/1] batch [4/9] time 0.074 (0.245) data 0.000 (0.167) loss 0.5020 (0.2918) acc 84.3750 (91.4062) spf_gamma 0.0500 (0.0500) spf_rank 8.0000 (8.0000) lr 1.0000e-03 eta 0:00:01 user 5
epoch [1/1] batch [5/9] time 0.073 (0.211) data 0.000 (0.134) loss 0.4070 (0.3149) acc 84.3750 (90.0000) spf_gamma 0.0500 (0.0500) spf_rank 8.0000 (8.0000) lr 1.0000e-03 eta 0:00:00 user 5
epoch [1/1] batch [6/9] time 0.066 (0.187) data 0.000 (0.112) loss 0.2852 (0.3099) acc 90.6250 (90.1042) spf_gamma 0.0500 (0.0500) spf_rank 8.0000 (8.0000) lr 1.0000e-03 eta 0:00:00 user 5
epoch [1/1] batch [7/9] time 0.064 (0.169) data 0.000 (0.096) loss 0.3599 (0.3171) acc 90.6250 (90.1786) spf_gamma 0.0500 (0.0500) spf_rank 8.0000 (8.0000) lr 1.0000e-03 eta 0:00:00 user 5
epoch [1/1] batch [8/9] time 0.067 (0.157) data 0.000 (0.084) loss 0.2484 (0.3085) acc 96.8750 (91.0156) spf_gamma 0.0500 (0.0500) spf_rank 8.0000 (8.0000) lr 1.0000e-03 eta 0:00:00 user 5
epoch [1/1] batch [9/9] time 0.082 (0.148) data 0.000 (0.074) loss 0.3826 (0.3167) acc 90.6250 (90.9722) spf_gamma 0.0500 (0.0500) spf_rank 8.0000 (8.0000) lr 1.0000e-03 eta 0:00:00 user 5
Finish training: 5 user
Deploy the last-epoch model
5 User, Elapsed: 0:00:01
------------local train finish epoch: 9 -------------
------------local test start-------------
Evaluate on the client0_test set
  0%|          | 0/3 [00:00<?, ?it/s] 33%|███▎      | 1/3 [00:01<00:02,  1.19s/it] 67%|██████▋   | 2/3 [00:01<00:00,  1.70it/s]100%|██████████| 3/3 [00:01<00:00,  2.01it/s]
=> result
* total: 269
* correct: 247
* accuracy: 91.8%
* error: 8.2%
* macro_f1: 90.8%
Evaluate on the client1_test set
  0%|          | 0/3 [00:00<?, ?it/s] 33%|███▎      | 1/3 [00:01<00:02,  1.05s/it] 67%|██████▋   | 2/3 [00:01<00:00,  1.88it/s]100%|██████████| 3/3 [00:01<00:00,  2.17it/s]
=> result
* total: 293
* correct: 257
* accuracy: 87.7%
* error: 12.3%
* macro_f1: 80.9%
Evaluate on the client2_test set
  0%|          | 0/1 [00:00<?, ?it/s]100%|██████████| 1/1 [00:01<00:00,  1.11s/it]100%|██████████| 1/1 [00:01<00:00,  1.23s/it]
=> result
* total: 44
* correct: 42
* accuracy: 95.5%
* error: 4.5%
* macro_f1: 97.5%
Evaluate on the client3_test set
  0%|          | 0/1 [00:00<?, ?it/s]100%|██████████| 1/1 [00:01<00:00,  1.37s/it]100%|██████████| 1/1 [00:01<00:00,  1.45s/it]
=> result
* total: 54
* correct: 50
* accuracy: 92.6%
* error: 7.4%
* macro_f1: 84.7%
Evaluate on the client4_test set
  0%|          | 0/1 [00:00<?, ?it/s]100%|██████████| 1/1 [00:00<00:00,  1.14it/s]100%|██████████| 1/1 [00:00<00:00,  1.03it/s]
=> result
* total: 69
* correct: 64
* accuracy: 92.8%
* error: 7.2%
* macro_f1: 92.9%
Evaluate on the client5_test set
  0%|          | 0/1 [00:00<?, ?it/s]100%|██████████| 1/1 [00:01<00:00,  1.05s/it]100%|██████████| 1/1 [00:01<00:00,  1.19s/it]=> result
* total: 89
* correct: 84
* accuracy: 94.4%
* error: 5.6%
* macro_f1: 91.1%
0 --Local test acc: 91.82156133828997
1 --Local test acc: 87.71331058020478
2 --Local test acc: 95.45454545454545
3 --Local test acc: 92.5925925925926
4 --Local test acc: 92.7536231884058
5 --Local test acc: 94.38202247191012
--Global test acc: 92.45294260432479
Epoch:9
------------local test finish-------------
idxs_users [0, 1, 2, 3, 4, 5]
------------local train start epoch: 10 -------------

epoch [1/1] batch [10/35] time 0.065 (0.135) data 0.000 (0.066) loss 0.2062 (0.4623) acc 93.7500 (87.8125) spf_gamma 0.0500 (0.0500) spf_rank 8.0000 (8.0000) lr 1.0000e-03 eta 0:00:03 user 0
epoch [1/1] batch [20/35] time 0.071 (0.103) data 0.000 (0.033) loss 0.5786 (0.4637) acc 84.3750 (86.5625) spf_gamma 0.0500 (0.0500) spf_rank 8.0000 (8.0000) lr 1.0000e-03 eta 0:00:01 user 0
epoch [1/1] batch [30/35] time 0.073 (0.091) data 0.000 (0.022) loss 0.7866 (0.4690) acc 81.2500 (86.9792) spf_gamma 0.0500 (0.0500) spf_rank 8.0000 (8.0000) lr 1.0000e-03 eta 0:00:00 user 0
Finish training: 0 user
Deploy the last-epoch model
0 User, Elapsed: 0:00:03
epoch [1/1] batch [10/35] time 0.064 (0.133) data 0.000 (0.063) loss 0.6216 (0.7804) acc 87.5000 (77.5000) spf_gamma 0.0500 (0.0500) spf_rank 8.0000 (8.0000) lr 1.0000e-03 eta 0:00:03 user 1
epoch [1/1] batch [20/35] time 0.065 (0.102) data 0.000 (0.032) loss 0.5850 (0.7110) acc 81.2500 (79.8438) spf_gamma 0.0500 (0.0500) spf_rank 8.0000 (8.0000) lr 1.0000e-03 eta 0:00:01 user 1
epoch [1/1] batch [30/35] time 0.073 (0.091) data 0.000 (0.021) loss 0.5049 (0.6885) acc 84.3750 (80.2083) spf_gamma 0.0500 (0.0500) spf_rank 8.0000 (8.0000) lr 1.0000e-03 eta 0:00:00 user 1
Finish training: 1 user
Deploy the last-epoch model
1 User, Elapsed: 0:00:03
epoch [1/1] batch [1/6] time 0.938 (0.938) data 0.854 (0.854) loss 0.1684 (0.1684) acc 93.7500 (93.7500) spf_gamma 0.0500 (0.0500) spf_rank 8.0000 (8.0000) lr 1.0000e-03 eta 0:00:04 user 2
epoch [1/1] batch [2/6] time 0.073 (0.506) data 0.000 (0.427) loss 0.3247 (0.2465) acc 93.7500 (93.7500) spf_gamma 0.0500 (0.0500) spf_rank 8.0000 (8.0000) lr 1.0000e-03 eta 0:00:02 user 2
epoch [1/1] batch [3/6] time 0.065 (0.359) data 0.000 (0.285) loss 0.2525 (0.2485) acc 93.7500 (93.7500) spf_gamma 0.0500 (0.0500) spf_rank 8.0000 (8.0000) lr 1.0000e-03 eta 0:00:01 user 2
epoch [1/1] batch [4/6] time 0.079 (0.289) data 0.000 (0.213) loss 0.4561 (0.3004) acc 84.3750 (91.4062) spf_gamma 0.0500 (0.0500) spf_rank 8.0000 (8.0000) lr 1.0000e-03 eta 0:00:00 user 2
epoch [1/1] batch [5/6] time 0.065 (0.244) data 0.000 (0.171) loss 0.2676 (0.2938) acc 93.7500 (91.8750) spf_gamma 0.0500 (0.0500) spf_rank 8.0000 (8.0000) lr 1.0000e-03 eta 0:00:00 user 2
epoch [1/1] batch [6/6] time 0.070 (0.215) data 0.000 (0.142) loss 0.3196 (0.2981) acc 90.6250 (91.6667) spf_gamma 0.0500 (0.0500) spf_rank 8.0000 (8.0000) lr 1.0000e-03 eta 0:00:00 user 2
Finish training: 2 user
Deploy the last-epoch model
2 User, Elapsed: 0:00:01
epoch [1/1] batch [1/5] time 0.910 (0.910) data 0.842 (0.842) loss 0.3985 (0.3985) acc 87.5000 (87.5000) spf_gamma 0.0500 (0.0500) spf_rank 8.0000 (8.0000) lr 1.0000e-03 eta 0:00:03 user 3
epoch [1/1] batch [2/5] time 0.063 (0.487) data 0.000 (0.421) loss 0.1885 (0.2935) acc 90.6250 (89.0625) spf_gamma 0.0500 (0.0500) spf_rank 8.0000 (8.0000) lr 1.0000e-03 eta 0:00:01 user 3
epoch [1/1] batch [3/5] time 0.063 (0.345) data 0.000 (0.281) loss 0.4033 (0.3301) acc 93.7500 (90.6250) spf_gamma 0.0500 (0.0500) spf_rank 8.0000 (8.0000) lr 1.0000e-03 eta 0:00:00 user 3
epoch [1/1] batch [4/5] time 0.063 (0.275) data 0.000 (0.210) loss 0.2362 (0.3066) acc 90.6250 (90.6250) spf_gamma 0.0500 (0.0500) spf_rank 8.0000 (8.0000) lr 1.0000e-03 eta 0:00:00 user 3
epoch [1/1] batch [5/5] time 0.063 (0.233) data 0.000 (0.168) loss 0.6109 (0.3675) acc 84.3750 (89.3750) spf_gamma 0.0500 (0.0500) spf_rank 8.0000 (8.0000) lr 1.0000e-03 eta 0:00:00 user 3
Finish training: 3 user
Deploy the last-epoch model
3 User, Elapsed: 0:00:01
epoch [1/1] batch [10/10] time 0.067 (0.139) data 0.000 (0.067) loss 0.1293 (0.4148) acc 96.8750 (90.0000) spf_gamma 0.0500 (0.0500) spf_rank 8.0000 (8.0000) lr 1.0000e-03 eta 0:00:00 user 4
Finish training: 4 user
Deploy the last-epoch model
4 User, Elapsed: 0:00:02
epoch [1/1] batch [1/9] time 0.826 (0.826) data 0.754 (0.754) loss 0.2583 (0.2583) acc 90.6250 (90.6250) spf_gamma 0.0500 (0.0500) spf_rank 8.0000 (8.0000) lr 1.0000e-03 eta 0:00:06 user 5
epoch [1/1] batch [2/9] time 0.076 (0.451) data 0.000 (0.377) loss 0.2908 (0.2746) acc 93.7500 (92.1875) spf_gamma 0.0500 (0.0500) spf_rank 8.0000 (8.0000) lr 1.0000e-03 eta 0:00:03 user 5
epoch [1/1] batch [3/9] time 0.066 (0.323) data 0.000 (0.251) loss 0.4571 (0.3354) acc 90.6250 (91.6667) spf_gamma 0.0500 (0.0500) spf_rank 8.0000 (8.0000) lr 1.0000e-03 eta 0:00:01 user 5
epoch [1/1] batch [4/9] time 0.073 (0.261) data 0.000 (0.189) loss 0.2703 (0.3191) acc 93.7500 (92.1875) spf_gamma 0.0500 (0.0500) spf_rank 8.0000 (8.0000) lr 1.0000e-03 eta 0:00:01 user 5
epoch [1/1] batch [5/9] time 0.074 (0.223) data 0.000 (0.151) loss 0.2925 (0.3138) acc 93.7500 (92.5000) spf_gamma 0.0500 (0.0500) spf_rank 8.0000 (8.0000) lr 1.0000e-03 eta 0:00:00 user 5
epoch [1/1] batch [6/9] time 0.072 (0.198) data 0.000 (0.126) loss 0.3020 (0.3118) acc 93.7500 (92.7083) spf_gamma 0.0500 (0.0500) spf_rank 8.0000 (8.0000) lr 1.0000e-03 eta 0:00:00 user 5
epoch [1/1] batch [7/9] time 0.064 (0.179) data 0.000 (0.108) loss 0.2082 (0.2970) acc 90.6250 (92.4107) spf_gamma 0.0500 (0.0500) spf_rank 8.0000 (8.0000) lr 1.0000e-03 eta 0:00:00 user 5
epoch [1/1] batch [8/9] time 0.070 (0.165) data 0.000 (0.094) loss 0.2945 (0.2967) acc 90.6250 (92.1875) spf_gamma 0.0500 (0.0500) spf_rank 8.0000 (8.0000) lr 1.0000e-03 eta 0:00:00 user 5
epoch [1/1] batch [9/9] time 0.073 (0.155) data 0.000 (0.084) loss 0.6939 (0.3408) acc 81.2500 (90.9722) spf_gamma 0.0500 (0.0500) spf_rank 8.0000 (8.0000) lr 1.0000e-03 eta 0:00:00 user 5
Finish training: 5 user
Deploy the last-epoch model
5 User, Elapsed: 0:00:02
------------local train finish epoch: 10 -------------
------------local test start-------------
Evaluate on the client0_test set
  0%|          | 0/3 [00:00<?, ?it/s] 33%|███▎      | 1/3 [00:01<00:02,  1.12s/it] 67%|██████▋   | 2/3 [00:01<00:00,  1.79it/s]100%|██████████| 3/3 [00:01<00:00,  2.10it/s]
=> result
* total: 269
* correct: 246
* accuracy: 91.4%
* error: 8.6%
* macro_f1: 89.2%
Evaluate on the client1_test set
  0%|          | 0/3 [00:00<?, ?it/s] 33%|███▎      | 1/3 [00:01<00:02,  1.07s/it] 67%|██████▋   | 2/3 [00:01<00:00,  1.85it/s]100%|██████████| 3/3 [00:01<00:00,  2.18it/s]
=> result
* total: 293
* correct: 258
* accuracy: 88.1%
* error: 11.9%
* macro_f1: 81.3%
Evaluate on the client2_test set
  0%|          | 0/1 [00:00<?, ?it/s]100%|██████████| 1/1 [00:01<00:00,  1.07s/it]100%|██████████| 1/1 [00:01<00:00,  1.17s/it]
=> result
* total: 44
* correct: 41
* accuracy: 93.2%
* error: 6.8%
* macro_f1: 93.5%
Evaluate on the client3_test set
  0%|          | 0/1 [00:00<?, ?it/s]100%|██████████| 1/1 [00:01<00:00,  1.26s/it]100%|██████████| 1/1 [00:01<00:00,  1.37s/it]
=> result
* total: 54
* correct: 49
* accuracy: 90.7%
* error: 9.3%
* macro_f1: 79.8%
Evaluate on the client4_test set
  0%|          | 0/1 [00:00<?, ?it/s]100%|██████████| 1/1 [00:00<00:00,  1.06it/s]100%|██████████| 1/1 [00:01<00:00,  1.06s/it]
=> result
* total: 69
* correct: 66
* accuracy: 95.7%
* error: 4.3%
* macro_f1: 95.5%
Evaluate on the client5_test set
  0%|          | 0/1 [00:00<?, ?it/s]100%|██████████| 1/1 [00:01<00:00,  1.12s/it]100%|██████████| 1/1 [00:01<00:00,  1.22s/it]=> result
* total: 89
* correct: 88
* accuracy: 98.9%
* error: 1.1%
* macro_f1: 99.3%
0 --Local test acc: 91.44981412639405
1 --Local test acc: 88.05460750853243
2 --Local test acc: 93.18181818181819
3 --Local test acc: 90.74074074074075
4 --Local test acc: 95.65217391304348
5 --Local test acc: 98.87640449438203
--Global test acc: 92.9925931608185
Epoch:10
------------local test finish-------------
idxs_users [0, 1, 2, 3, 4, 5]
------------local train start epoch: 11 -------------

epoch [1/1] batch [10/35] time 0.063 (0.135) data 0.000 (0.062) loss 0.3301 (0.4734) acc 90.6250 (86.2500) spf_gamma 0.0500 (0.0500) spf_rank 8.0000 (8.0000) lr 1.0000e-03 eta 0:00:03 user 0
epoch [1/1] batch [20/35] time 0.065 (0.104) data 0.000 (0.031) loss 0.3098 (0.3938) acc 87.5000 (87.8125) spf_gamma 0.0500 (0.0500) spf_rank 8.0000 (8.0000) lr 1.0000e-03 eta 0:00:01 user 0
epoch [1/1] batch [30/35] time 0.073 (0.092) data 0.000 (0.021) loss 0.3145 (0.4177) acc 90.6250 (88.3333) spf_gamma 0.0500 (0.0500) spf_rank 8.0000 (8.0000) lr 1.0000e-03 eta 0:00:00 user 0
Finish training: 0 user
Deploy the last-epoch model
0 User, Elapsed: 0:00:03
epoch [1/1] batch [10/35] time 0.071 (0.155) data 0.000 (0.080) loss 0.9058 (0.7008) acc 75.0000 (79.0625) spf_gamma 0.0500 (0.0500) spf_rank 8.0000 (8.0000) lr 1.0000e-03 eta 0:00:03 user 1
epoch [1/1] batch [20/35] time 0.073 (0.112) data 0.000 (0.040) loss 0.7100 (0.6635) acc 75.0000 (79.3750) spf_gamma 0.0500 (0.0500) spf_rank 8.0000 (8.0000) lr 1.0000e-03 eta 0:00:01 user 1
epoch [1/1] batch [30/35] time 0.064 (0.097) data 0.000 (0.027) loss 0.4856 (0.6247) acc 84.3750 (81.1458) spf_gamma 0.0500 (0.0500) spf_rank 8.0000 (8.0000) lr 1.0000e-03 eta 0:00:00 user 1
Finish training: 1 user
Deploy the last-epoch model
1 User, Elapsed: 0:00:03
epoch [1/1] batch [1/6] time 0.929 (0.929) data 0.854 (0.854) loss 0.5039 (0.5039) acc 87.5000 (87.5000) spf_gamma 0.0500 (0.0500) spf_rank 8.0000 (8.0000) lr 1.0000e-03 eta 0:00:04 user 2
epoch [1/1] batch [2/6] time 0.064 (0.496) data 0.000 (0.427) loss 0.3386 (0.4213) acc 93.7500 (90.6250) spf_gamma 0.0500 (0.0500) spf_rank 8.0000 (8.0000) lr 1.0000e-03 eta 0:00:01 user 2
epoch [1/1] batch [3/6] time 0.064 (0.352) data 0.000 (0.285) loss 0.3272 (0.3899) acc 84.3750 (88.5417) spf_gamma 0.0500 (0.0500) spf_rank 8.0000 (8.0000) lr 1.0000e-03 eta 0:00:01 user 2
epoch [1/1] batch [4/6] time 0.072 (0.282) data 0.000 (0.213) loss 0.2024 (0.3430) acc 100.0000 (91.4062) spf_gamma 0.0500 (0.0500) spf_rank 8.0000 (8.0000) lr 1.0000e-03 eta 0:00:00 user 2
epoch [1/1] batch [5/6] time 0.071 (0.240) data 0.000 (0.171) loss 0.1608 (0.3066) acc 96.8750 (92.5000) spf_gamma 0.0500 (0.0500) spf_rank 8.0000 (8.0000) lr 1.0000e-03 eta 0:00:00 user 2
epoch [1/1] batch [6/6] time 0.072 (0.212) data 0.000 (0.142) loss 0.2844 (0.3029) acc 87.5000 (91.6667) spf_gamma 0.0500 (0.0500) spf_rank 8.0000 (8.0000) lr 1.0000e-03 eta 0:00:00 user 2
Finish training: 2 user
Deploy the last-epoch model
2 User, Elapsed: 0:00:01
epoch [1/1] batch [1/5] time 1.133 (1.133) data 1.046 (1.046) loss 0.2340 (0.2340) acc 93.7500 (93.7500) spf_gamma 0.0500 (0.0500) spf_rank 8.0000 (8.0000) lr 1.0000e-03 eta 0:00:04 user 3
epoch [1/1] batch [2/5] time 0.067 (0.600) data 0.000 (0.523) loss 0.3257 (0.2799) acc 87.5000 (90.6250) spf_gamma 0.0500 (0.0500) spf_rank 8.0000 (8.0000) lr 1.0000e-03 eta 0:00:01 user 3
epoch [1/1] batch [3/5] time 0.068 (0.422) data 0.000 (0.349) loss 0.4024 (0.3207) acc 93.7500 (91.6667) spf_gamma 0.0500 (0.0500) spf_rank 8.0000 (8.0000) lr 1.0000e-03 eta 0:00:00 user 3
epoch [1/1] batch [4/5] time 0.065 (0.333) data 0.000 (0.262) loss 0.2993 (0.3154) acc 90.6250 (91.4062) spf_gamma 0.0500 (0.0500) spf_rank 8.0000 (8.0000) lr 1.0000e-03 eta 0:00:00 user 3
epoch [1/1] batch [5/5] time 0.065 (0.280) data 0.000 (0.209) loss 0.3264 (0.3176) acc 81.2500 (89.3750) spf_gamma 0.0500 (0.0500) spf_rank 8.0000 (8.0000) lr 1.0000e-03 eta 0:00:00 user 3
Finish training: 3 user
Deploy the last-epoch model
3 User, Elapsed: 0:00:02
epoch [1/1] batch [10/10] time 0.065 (0.152) data 0.000 (0.082) loss 0.3877 (0.4642) acc 90.6250 (87.1875) spf_gamma 0.0500 (0.0500) spf_rank 8.0000 (8.0000) lr 1.0000e-03 eta 0:00:00 user 4
Finish training: 4 user
Deploy the last-epoch model
4 User, Elapsed: 0:00:02
epoch [1/1] batch [1/9] time 0.855 (0.855) data 0.735 (0.735) loss 0.6948 (0.6948) acc 87.5000 (87.5000) spf_gamma 0.0500 (0.0500) spf_rank 8.0000 (8.0000) lr 1.0000e-03 eta 0:00:06 user 5
epoch [1/1] batch [2/9] time 0.076 (0.466) data 0.000 (0.368) loss 0.2377 (0.4663) acc 96.8750 (92.1875) spf_gamma 0.0500 (0.0500) spf_rank 8.0000 (8.0000) lr 1.0000e-03 eta 0:00:03 user 5
epoch [1/1] batch [3/9] time 0.067 (0.333) data 0.000 (0.245) loss 0.2436 (0.3920) acc 96.8750 (93.7500) spf_gamma 0.0500 (0.0500) spf_rank 8.0000 (8.0000) lr 1.0000e-03 eta 0:00:01 user 5
epoch [1/1] batch [4/9] time 0.068 (0.267) data 0.000 (0.184) loss 0.2130 (0.3473) acc 96.8750 (94.5312) spf_gamma 0.0500 (0.0500) spf_rank 8.0000 (8.0000) lr 1.0000e-03 eta 0:00:01 user 5
epoch [1/1] batch [5/9] time 0.068 (0.227) data 0.000 (0.147) loss 0.2986 (0.3375) acc 93.7500 (94.3750) spf_gamma 0.0500 (0.0500) spf_rank 8.0000 (8.0000) lr 1.0000e-03 eta 0:00:00 user 5
epoch [1/1] batch [6/9] time 0.065 (0.200) data 0.000 (0.123) loss 0.4026 (0.3484) acc 93.7500 (94.2708) spf_gamma 0.0500 (0.0500) spf_rank 8.0000 (8.0000) lr 1.0000e-03 eta 0:00:00 user 5
epoch [1/1] batch [7/9] time 0.064 (0.180) data 0.000 (0.105) loss 0.4119 (0.3575) acc 87.5000 (93.3036) spf_gamma 0.0500 (0.0500) spf_rank 8.0000 (8.0000) lr 1.0000e-03 eta 0:00:00 user 5
epoch [1/1] batch [8/9] time 0.067 (0.166) data 0.000 (0.092) loss 0.1493 (0.3314) acc 100.0000 (94.1406) spf_gamma 0.0500 (0.0500) spf_rank 8.0000 (8.0000) lr 1.0000e-03 eta 0:00:00 user 5
epoch [1/1] batch [9/9] time 0.064 (0.155) data 0.000 (0.082) loss 0.6905 (0.3713) acc 78.1250 (92.3611) spf_gamma 0.0500 (0.0500) spf_rank 8.0000 (8.0000) lr 1.0000e-03 eta 0:00:00 user 5
Finish training: 5 user
Deploy the last-epoch model
5 User, Elapsed: 0:00:02
------------local train finish epoch: 11 -------------
------------local test start-------------
Evaluate on the client0_test set
  0%|          | 0/3 [00:00<?, ?it/s] 33%|███▎      | 1/3 [00:01<00:02,  1.11s/it] 67%|██████▋   | 2/3 [00:01<00:00,  1.81it/s]100%|██████████| 3/3 [00:01<00:00,  2.15it/s]
=> result
* total: 269
* correct: 244
* accuracy: 90.7%
* error: 9.3%
* macro_f1: 88.6%
Evaluate on the client1_test set
  0%|          | 0/3 [00:00<?, ?it/s] 33%|███▎      | 1/3 [00:01<00:02,  1.10s/it] 67%|██████▋   | 2/3 [00:01<00:00,  1.81it/s]100%|██████████| 3/3 [00:01<00:00,  2.10it/s]
=> result
* total: 293
* correct: 255
* accuracy: 87.0%
* error: 13.0%
* macro_f1: 79.6%
Evaluate on the client2_test set
  0%|          | 0/1 [00:00<?, ?it/s]100%|██████████| 1/1 [00:01<00:00,  1.13s/it]100%|██████████| 1/1 [00:01<00:00,  1.22s/it]
=> result
* total: 44
* correct: 40
* accuracy: 90.9%
* error: 9.1%
* macro_f1: 91.4%
Evaluate on the client3_test set
  0%|          | 0/1 [00:00<?, ?it/s]100%|██████████| 1/1 [00:01<00:00,  1.28s/it]100%|██████████| 1/1 [00:01<00:00,  1.38s/it]
=> result
* total: 54
* correct: 49
* accuracy: 90.7%
* error: 9.3%
* macro_f1: 80.9%
Evaluate on the client4_test set
  0%|          | 0/1 [00:00<?, ?it/s]100%|██████████| 1/1 [00:00<00:00,  1.07it/s]100%|██████████| 1/1 [00:01<00:00,  1.01s/it]
=> result
* total: 69
* correct: 66
* accuracy: 95.7%
* error: 4.3%
* macro_f1: 96.5%
Evaluate on the client5_test set
  0%|          | 0/1 [00:00<?, ?it/s]100%|██████████| 1/1 [00:01<00:00,  1.03s/it]100%|██████████| 1/1 [00:01<00:00,  1.13s/it]=> result
* total: 89
* correct: 86
* accuracy: 96.6%
* error: 3.4%
* macro_f1: 94.6%
0 --Local test acc: 90.70631970260223
1 --Local test acc: 87.03071672354949
2 --Local test acc: 90.9090909090909
3 --Local test acc: 90.74074074074075
4 --Local test acc: 95.65217391304348
5 --Local test acc: 96.62921348314607
--Global test acc: 91.94470924536216
Epoch:11
------------local test finish-------------
idxs_users [0, 1, 2, 3, 4, 5]
------------local train start epoch: 12 -------------

epoch [1/1] batch [10/35] time 0.065 (0.139) data 0.000 (0.066) loss 0.5630 (0.3962) acc 90.6250 (87.8125) spf_gamma 0.0500 (0.0500) spf_rank 8.0000 (8.0000) lr 1.0000e-03 eta 0:00:03 user 0
epoch [1/1] batch [20/35] time 0.063 (0.102) data 0.000 (0.033) loss 0.4678 (0.4406) acc 87.5000 (87.3438) spf_gamma 0.0500 (0.0500) spf_rank 8.0000 (8.0000) lr 1.0000e-03 eta 0:00:01 user 0
epoch [1/1] batch [30/35] time 0.063 (0.090) data 0.000 (0.022) loss 0.4029 (0.4425) acc 90.6250 (87.3958) spf_gamma 0.0500 (0.0500) spf_rank 8.0000 (8.0000) lr 1.0000e-03 eta 0:00:00 user 0
Finish training: 0 user
Deploy the last-epoch model
0 User, Elapsed: 0:00:03
epoch [1/1] batch [10/35] time 0.065 (0.134) data 0.000 (0.060) loss 0.3203 (0.6186) acc 87.5000 (81.5625) spf_gamma 0.0500 (0.0500) spf_rank 8.0000 (8.0000) lr 1.0000e-03 eta 0:00:03 user 1
epoch [1/1] batch [20/35] time 0.063 (0.100) data 0.000 (0.030) loss 0.7652 (0.6169) acc 78.1250 (81.4062) spf_gamma 0.0500 (0.0500) spf_rank 8.0000 (8.0000) lr 1.0000e-03 eta 0:00:01 user 1
epoch [1/1] batch [30/35] time 0.064 (0.088) data 0.000 (0.020) loss 0.8809 (0.6435) acc 81.2500 (81.3542) spf_gamma 0.0500 (0.0500) spf_rank 8.0000 (8.0000) lr 1.0000e-03 eta 0:00:00 user 1
Finish training: 1 user
Deploy the last-epoch model
1 User, Elapsed: 0:00:03
epoch [1/1] batch [1/6] time 0.919 (0.919) data 0.832 (0.832) loss 0.4412 (0.4412) acc 84.3750 (84.3750) spf_gamma 0.0500 (0.0500) spf_rank 8.0000 (8.0000) lr 1.0000e-03 eta 0:00:04 user 2
epoch [1/1] batch [2/6] time 0.072 (0.495) data 0.000 (0.416) loss 0.1427 (0.2920) acc 96.8750 (90.6250) spf_gamma 0.0500 (0.0500) spf_rank 8.0000 (8.0000) lr 1.0000e-03 eta 0:00:01 user 2
epoch [1/1] batch [3/6] time 0.067 (0.353) data 0.000 (0.277) loss 0.1786 (0.2542) acc 93.7500 (91.6667) spf_gamma 0.0500 (0.0500) spf_rank 8.0000 (8.0000) lr 1.0000e-03 eta 0:00:01 user 2
epoch [1/1] batch [4/6] time 0.073 (0.283) data 0.000 (0.208) loss 0.3621 (0.2812) acc 90.6250 (91.4062) spf_gamma 0.0500 (0.0500) spf_rank 8.0000 (8.0000) lr 1.0000e-03 eta 0:00:00 user 2
epoch [1/1] batch [5/6] time 0.077 (0.241) data 0.000 (0.166) loss 0.5215 (0.3292) acc 87.5000 (90.6250) spf_gamma 0.0500 (0.0500) spf_rank 8.0000 (8.0000) lr 1.0000e-03 eta 0:00:00 user 2
epoch [1/1] batch [6/6] time 0.076 (0.214) data 0.000 (0.139) loss 0.2979 (0.3240) acc 90.6250 (90.6250) spf_gamma 0.0500 (0.0500) spf_rank 8.0000 (8.0000) lr 1.0000e-03 eta 0:00:00 user 2
Finish training: 2 user
Deploy the last-epoch model
2 User, Elapsed: 0:00:01
epoch [1/1] batch [1/5] time 0.927 (0.927) data 0.857 (0.857) loss 0.3242 (0.3242) acc 87.5000 (87.5000) spf_gamma 0.0500 (0.0500) spf_rank 8.0000 (8.0000) lr 1.0000e-03 eta 0:00:03 user 3
epoch [1/1] batch [2/5] time 0.064 (0.495) data 0.000 (0.429) loss 0.2757 (0.3000) acc 93.7500 (90.6250) spf_gamma 0.0500 (0.0500) spf_rank 8.0000 (8.0000) lr 1.0000e-03 eta 0:00:01 user 3
epoch [1/1] batch [3/5] time 0.071 (0.354) data 0.000 (0.286) loss 0.3540 (0.3180) acc 87.5000 (89.5833) spf_gamma 0.0500 (0.0500) spf_rank 8.0000 (8.0000) lr 1.0000e-03 eta 0:00:00 user 3
epoch [1/1] batch [4/5] time 0.073 (0.284) data 0.000 (0.214) loss 0.5132 (0.3668) acc 84.3750 (88.2812) spf_gamma 0.0500 (0.0500) spf_rank 8.0000 (8.0000) lr 1.0000e-03 eta 0:00:00 user 3
epoch [1/1] batch [5/5] time 0.074 (0.242) data 0.000 (0.171) loss 0.2859 (0.3506) acc 93.7500 (89.3750) spf_gamma 0.0500 (0.0500) spf_rank 8.0000 (8.0000) lr 1.0000e-03 eta 0:00:00 user 3
Finish training: 3 user
Deploy the last-epoch model
3 User, Elapsed: 0:00:01
epoch [1/1] batch [10/10] time 0.067 (0.132) data 0.000 (0.065) loss 0.6099 (0.3597) acc 81.2500 (88.4375) spf_gamma 0.0500 (0.0500) spf_rank 8.0000 (8.0000) lr 1.0000e-03 eta 0:00:00 user 4
Finish training: 4 user
Deploy the last-epoch model
4 User, Elapsed: 0:00:01
epoch [1/1] batch [1/9] time 0.733 (0.733) data 0.650 (0.650) loss 0.2615 (0.2615) acc 93.7500 (93.7500) spf_gamma 0.0500 (0.0500) spf_rank 8.0000 (8.0000) lr 1.0000e-03 eta 0:00:05 user 5
epoch [1/1] batch [2/9] time 0.070 (0.401) data 0.000 (0.325) loss 0.1564 (0.2089) acc 96.8750 (95.3125) spf_gamma 0.0500 (0.0500) spf_rank 8.0000 (8.0000) lr 1.0000e-03 eta 0:00:02 user 5
epoch [1/1] batch [3/9] time 0.064 (0.289) data 0.000 (0.217) loss 0.5200 (0.3126) acc 90.6250 (93.7500) spf_gamma 0.0500 (0.0500) spf_rank 8.0000 (8.0000) lr 1.0000e-03 eta 0:00:01 user 5
epoch [1/1] batch [4/9] time 0.063 (0.232) data 0.000 (0.162) loss 0.2879 (0.3065) acc 93.7500 (93.7500) spf_gamma 0.0500 (0.0500) spf_rank 8.0000 (8.0000) lr 1.0000e-03 eta 0:00:01 user 5
epoch [1/1] batch [5/9] time 0.063 (0.199) data 0.000 (0.130) loss 0.3963 (0.3244) acc 87.5000 (92.5000) spf_gamma 0.0500 (0.0500) spf_rank 8.0000 (8.0000) lr 1.0000e-03 eta 0:00:00 user 5
epoch [1/1] batch [6/9] time 0.063 (0.176) data 0.000 (0.108) loss 0.5694 (0.3652) acc 84.3750 (91.1458) spf_gamma 0.0500 (0.0500) spf_rank 8.0000 (8.0000) lr 1.0000e-03 eta 0:00:00 user 5
epoch [1/1] batch [7/9] time 0.064 (0.160) data 0.000 (0.093) loss 0.2205 (0.3446) acc 93.7500 (91.5179) spf_gamma 0.0500 (0.0500) spf_rank 8.0000 (8.0000) lr 1.0000e-03 eta 0:00:00 user 5
epoch [1/1] batch [8/9] time 0.063 (0.148) data 0.000 (0.081) loss 0.3955 (0.3509) acc 90.6250 (91.4062) spf_gamma 0.0500 (0.0500) spf_rank 8.0000 (8.0000) lr 1.0000e-03 eta 0:00:00 user 5
epoch [1/1] batch [9/9] time 0.064 (0.139) data 0.000 (0.072) loss 0.3577 (0.3517) acc 96.8750 (92.0139) spf_gamma 0.0500 (0.0500) spf_rank 8.0000 (8.0000) lr 1.0000e-03 eta 0:00:00 user 5
Finish training: 5 user
Deploy the last-epoch model
5 User, Elapsed: 0:00:01
------------local train finish epoch: 12 -------------
------------local test start-------------
Evaluate on the client0_test set
  0%|          | 0/3 [00:00<?, ?it/s] 33%|███▎      | 1/3 [00:01<00:02,  1.07s/it] 67%|██████▋   | 2/3 [00:01<00:00,  1.85it/s]100%|██████████| 3/3 [00:01<00:00,  2.14it/s]
=> result
* total: 269
* correct: 245
* accuracy: 91.1%
* error: 8.9%
* macro_f1: 89.5%
Evaluate on the client1_test set
  0%|          | 0/3 [00:00<?, ?it/s] 33%|███▎      | 1/3 [00:01<00:02,  1.08s/it] 67%|██████▋   | 2/3 [00:01<00:00,  1.84it/s]100%|██████████| 3/3 [00:01<00:00,  2.14it/s]
=> result
* total: 293
* correct: 255
* accuracy: 87.0%
* error: 13.0%
* macro_f1: 79.9%
Evaluate on the client2_test set
  0%|          | 0/1 [00:00<?, ?it/s]100%|██████████| 1/1 [00:01<00:00,  1.10s/it]100%|██████████| 1/1 [00:01<00:00,  1.19s/it]
=> result
* total: 44
* correct: 42
* accuracy: 95.5%
* error: 4.5%
* macro_f1: 96.3%
Evaluate on the client3_test set
  0%|          | 0/1 [00:00<?, ?it/s]100%|██████████| 1/1 [00:01<00:00,  1.33s/it]100%|██████████| 1/1 [00:01<00:00,  1.44s/it]
=> result
* total: 54
* correct: 50
* accuracy: 92.6%
* error: 7.4%
* macro_f1: 83.7%
Evaluate on the client4_test set
  0%|          | 0/1 [00:00<?, ?it/s]100%|██████████| 1/1 [00:00<00:00,  1.08it/s]100%|██████████| 1/1 [00:01<00:00,  1.03s/it]
=> result
* total: 69
* correct: 65
* accuracy: 94.2%
* error: 5.8%
* macro_f1: 94.6%
Evaluate on the client5_test set
  0%|          | 0/1 [00:00<?, ?it/s]100%|██████████| 1/1 [00:00<00:00,  1.00it/s]100%|██████████| 1/1 [00:01<00:00,  1.09s/it]=> result
* total: 89
* correct: 87
* accuracy: 97.8%
* error: 2.2%
* macro_f1: 98.6%
0 --Local test acc: 91.07806691449814
1 --Local test acc: 87.03071672354949
2 --Local test acc: 95.45454545454545
3 --Local test acc: 92.5925925925926
4 --Local test acc: 94.20289855072464
5 --Local test acc: 97.75280898876404
--Global test acc: 93.01860487077904
Epoch:12
------------local test finish-------------
idxs_users [0, 1, 2, 3, 4, 5]
------------local train start epoch: 13 -------------

epoch [1/1] batch [10/35] time 0.065 (0.146) data 0.000 (0.074) loss 0.1047 (0.4029) acc 100.0000 (89.6875) spf_gamma 0.0500 (0.0500) spf_rank 8.0000 (8.0000) lr 1.0000e-03 eta 0:00:03 user 0
epoch [1/1] batch [20/35] time 0.084 (0.109) data 0.000 (0.037) loss 0.3465 (0.4246) acc 90.6250 (88.7500) spf_gamma 0.0500 (0.0500) spf_rank 8.0000 (8.0000) lr 1.0000e-03 eta 0:00:01 user 0
epoch [1/1] batch [30/35] time 0.063 (0.095) data 0.000 (0.025) loss 0.4280 (0.4247) acc 87.5000 (88.8542) spf_gamma 0.0500 (0.0500) spf_rank 8.0000 (8.0000) lr 1.0000e-03 eta 0:00:00 user 0
Finish training: 0 user
Deploy the last-epoch model
0 User, Elapsed: 0:00:03
epoch [1/1] batch [10/35] time 0.064 (0.133) data 0.000 (0.056) loss 0.6480 (0.6164) acc 78.1250 (80.9375) spf_gamma 0.0500 (0.0500) spf_rank 8.0000 (8.0000) lr 1.0000e-03 eta 0:00:03 user 1
epoch [1/1] batch [20/35] time 0.084 (0.102) data 0.000 (0.028) loss 0.5615 (0.6276) acc 78.1250 (80.1562) spf_gamma 0.0500 (0.0500) spf_rank 8.0000 (8.0000) lr 1.0000e-03 eta 0:00:01 user 1
epoch [1/1] batch [30/35] time 0.071 (0.090) data 0.000 (0.019) loss 0.5738 (0.6224) acc 81.2500 (80.9375) spf_gamma 0.0500 (0.0500) spf_rank 8.0000 (8.0000) lr 1.0000e-03 eta 0:00:00 user 1
Finish training: 1 user
Deploy the last-epoch model
1 User, Elapsed: 0:00:03
epoch [1/1] batch [1/6] time 0.913 (0.913) data 0.823 (0.823) loss 0.1663 (0.1663) acc 93.7500 (93.7500) spf_gamma 0.0500 (0.0500) spf_rank 8.0000 (8.0000) lr 1.0000e-03 eta 0:00:04 user 2
epoch [1/1] batch [2/6] time 0.066 (0.489) data 0.000 (0.411) loss 0.2964 (0.2313) acc 90.6250 (92.1875) spf_gamma 0.0500 (0.0500) spf_rank 8.0000 (8.0000) lr 1.0000e-03 eta 0:00:01 user 2
epoch [1/1] batch [3/6] time 0.063 (0.347) data 0.000 (0.274) loss 0.2945 (0.2524) acc 93.7500 (92.7083) spf_gamma 0.0500 (0.0500) spf_rank 8.0000 (8.0000) lr 1.0000e-03 eta 0:00:01 user 2
epoch [1/1] batch [4/6] time 0.063 (0.276) data 0.000 (0.206) loss 0.2033 (0.2401) acc 93.7500 (92.9688) spf_gamma 0.0500 (0.0500) spf_rank 8.0000 (8.0000) lr 1.0000e-03 eta 0:00:00 user 2
epoch [1/1] batch [5/6] time 0.063 (0.234) data 0.000 (0.165) loss 0.2676 (0.2456) acc 93.7500 (93.1250) spf_gamma 0.0500 (0.0500) spf_rank 8.0000 (8.0000) lr 1.0000e-03 eta 0:00:00 user 2
epoch [1/1] batch [6/6] time 0.063 (0.205) data 0.000 (0.137) loss 0.2094 (0.2396) acc 93.7500 (93.2292) spf_gamma 0.0500 (0.0500) spf_rank 8.0000 (8.0000) lr 1.0000e-03 eta 0:00:00 user 2
Finish training: 2 user
Deploy the last-epoch model
2 User, Elapsed: 0:00:01
epoch [1/1] batch [1/5] time 0.948 (0.948) data 0.872 (0.872) loss 0.3062 (0.3062) acc 93.7500 (93.7500) spf_gamma 0.0500 (0.0500) spf_rank 8.0000 (8.0000) lr 1.0000e-03 eta 0:00:03 user 3
epoch [1/1] batch [2/5] time 0.064 (0.506) data 0.000 (0.436) loss 0.2176 (0.2619) acc 93.7500 (93.7500) spf_gamma 0.0500 (0.0500) spf_rank 8.0000 (8.0000) lr 1.0000e-03 eta 0:00:01 user 3
epoch [1/1] batch [3/5] time 0.078 (0.363) data 0.000 (0.291) loss 0.3167 (0.2801) acc 90.6250 (92.7083) spf_gamma 0.0500 (0.0500) spf_rank 8.0000 (8.0000) lr 1.0000e-03 eta 0:00:00 user 3
epoch [1/1] batch [4/5] time 0.066 (0.289) data 0.000 (0.218) loss 0.4199 (0.3151) acc 87.5000 (91.4062) spf_gamma 0.0500 (0.0500) spf_rank 8.0000 (8.0000) lr 1.0000e-03 eta 0:00:00 user 3
epoch [1/1] batch [5/5] time 0.072 (0.246) data 0.000 (0.174) loss 0.5552 (0.3631) acc 84.3750 (90.0000) spf_gamma 0.0500 (0.0500) spf_rank 8.0000 (8.0000) lr 1.0000e-03 eta 0:00:00 user 3
Finish training: 3 user
Deploy the last-epoch model
3 User, Elapsed: 0:00:01
epoch [1/1] batch [10/10] time 0.075 (0.140) data 0.000 (0.068) loss 0.5933 (0.4400) acc 78.1250 (86.8750) spf_gamma 0.0500 (0.0500) spf_rank 8.0000 (8.0000) lr 1.0000e-03 eta 0:00:00 user 4
Finish training: 4 user
Deploy the last-epoch model
4 User, Elapsed: 0:00:02
epoch [1/1] batch [1/9] time 0.850 (0.850) data 0.770 (0.770) loss 0.3550 (0.3550) acc 90.6250 (90.6250) spf_gamma 0.0500 (0.0500) spf_rank 8.0000 (8.0000) lr 1.0000e-03 eta 0:00:06 user 5
epoch [1/1] batch [2/9] time 0.069 (0.459) data 0.000 (0.385) loss 0.1834 (0.2692) acc 93.7500 (92.1875) spf_gamma 0.0500 (0.0500) spf_rank 8.0000 (8.0000) lr 1.0000e-03 eta 0:00:03 user 5
epoch [1/1] batch [3/9] time 0.076 (0.332) data 0.000 (0.257) loss 0.3972 (0.3119) acc 90.6250 (91.6667) spf_gamma 0.0500 (0.0500) spf_rank 8.0000 (8.0000) lr 1.0000e-03 eta 0:00:01 user 5
epoch [1/1] batch [4/9] time 0.067 (0.265) data 0.000 (0.193) loss 0.1359 (0.2679) acc 96.8750 (92.9688) spf_gamma 0.0500 (0.0500) spf_rank 8.0000 (8.0000) lr 1.0000e-03 eta 0:00:01 user 5
epoch [1/1] batch [5/9] time 0.074 (0.227) data 0.000 (0.154) loss 0.0819 (0.2307) acc 100.0000 (94.3750) spf_gamma 0.0500 (0.0500) spf_rank 8.0000 (8.0000) lr 1.0000e-03 eta 0:00:00 user 5
epoch [1/1] batch [6/9] time 0.073 (0.201) data 0.000 (0.128) loss 0.2185 (0.2287) acc 93.7500 (94.2708) spf_gamma 0.0500 (0.0500) spf_rank 8.0000 (8.0000) lr 1.0000e-03 eta 0:00:00 user 5
epoch [1/1] batch [7/9] time 0.082 (0.184) data 0.000 (0.110) loss 0.3369 (0.2441) acc 90.6250 (93.7500) spf_gamma 0.0500 (0.0500) spf_rank 8.0000 (8.0000) lr 1.0000e-03 eta 0:00:00 user 5
epoch [1/1] batch [8/9] time 0.080 (0.171) data 0.000 (0.096) loss 0.3147 (0.2529) acc 90.6250 (93.3594) spf_gamma 0.0500 (0.0500) spf_rank 8.0000 (8.0000) lr 1.0000e-03 eta 0:00:00 user 5
epoch [1/1] batch [9/9] time 0.072 (0.160) data 0.000 (0.086) loss 0.4495 (0.2748) acc 87.5000 (92.7083) spf_gamma 0.0500 (0.0500) spf_rank 8.0000 (8.0000) lr 1.0000e-03 eta 0:00:00 user 5
Finish training: 5 user
Deploy the last-epoch model
5 User, Elapsed: 0:00:02
------------local train finish epoch: 13 -------------
------------local test start-------------
Evaluate on the client0_test set
  0%|          | 0/3 [00:00<?, ?it/s] 33%|███▎      | 1/3 [00:01<00:02,  1.18s/it] 67%|██████▋   | 2/3 [00:01<00:00,  1.71it/s]100%|██████████| 3/3 [00:01<00:00,  2.03it/s]
=> result
* total: 269
* correct: 245
* accuracy: 91.1%
* error: 8.9%
* macro_f1: 89.4%
Evaluate on the client1_test set
  0%|          | 0/3 [00:00<?, ?it/s] 33%|███▎      | 1/3 [00:01<00:02,  1.23s/it] 67%|██████▋   | 2/3 [00:01<00:00,  1.65it/s]100%|██████████| 3/3 [00:01<00:00,  1.92it/s]
=> result
* total: 293
* correct: 254
* accuracy: 86.7%
* error: 13.3%
* macro_f1: 79.4%
Evaluate on the client2_test set
  0%|          | 0/1 [00:00<?, ?it/s]100%|██████████| 1/1 [00:01<00:00,  1.25s/it]100%|██████████| 1/1 [00:01<00:00,  1.35s/it]
=> result
* total: 44
* correct: 40
* accuracy: 90.9%
* error: 9.1%
* macro_f1: 92.6%
Evaluate on the client3_test set
  0%|          | 0/1 [00:00<?, ?it/s]100%|██████████| 1/1 [00:01<00:00,  1.28s/it]100%|██████████| 1/1 [00:01<00:00,  1.38s/it]
=> result
* total: 54
* correct: 49
* accuracy: 90.7%
* error: 9.3%
* macro_f1: 80.9%
Evaluate on the client4_test set
  0%|          | 0/1 [00:00<?, ?it/s]100%|██████████| 1/1 [00:00<00:00,  1.14it/s]100%|██████████| 1/1 [00:00<00:00,  1.03it/s]
=> result
* total: 69
* correct: 63
* accuracy: 91.3%
* error: 8.7%
* macro_f1: 92.6%
Evaluate on the client5_test set
  0%|          | 0/1 [00:00<?, ?it/s]100%|██████████| 1/1 [00:01<00:00,  1.07s/it]100%|██████████| 1/1 [00:01<00:00,  1.17s/it]=> result
* total: 89
* correct: 88
* accuracy: 98.9%
* error: 1.1%
* macro_f1: 99.3%
0 --Local test acc: 91.07806691449814
1 --Local test acc: 86.68941979522184
2 --Local test acc: 90.9090909090909
3 --Local test acc: 90.74074074074075
4 --Local test acc: 91.30434782608695
5 --Local test acc: 98.87640449438203
--Global test acc: 91.5996784466701
Epoch:13
------------local test finish-------------
idxs_users [0, 1, 2, 3, 4, 5]
------------local train start epoch: 14 -------------

epoch [1/1] batch [10/35] time 0.073 (0.146) data 0.000 (0.072) loss 0.2947 (0.3622) acc 90.6250 (90.9375) spf_gamma 0.0500 (0.0500) spf_rank 8.0000 (8.0000) lr 1.0000e-03 eta 0:00:03 user 0
epoch [1/1] batch [20/35] time 0.064 (0.109) data 0.000 (0.036) loss 0.4602 (0.4278) acc 81.2500 (88.2812) spf_gamma 0.0500 (0.0500) spf_rank 8.0000 (8.0000) lr 1.0000e-03 eta 0:00:01 user 0
epoch [1/1] batch [30/35] time 0.063 (0.094) data 0.000 (0.024) loss 0.5572 (0.4328) acc 84.3750 (88.3333) spf_gamma 0.0500 (0.0500) spf_rank 8.0000 (8.0000) lr 1.0000e-03 eta 0:00:00 user 0
Finish training: 0 user
Deploy the last-epoch model
0 User, Elapsed: 0:00:03
epoch [1/1] batch [10/35] time 0.066 (0.156) data 0.000 (0.071) loss 0.2228 (0.4899) acc 93.7500 (86.2500) spf_gamma 0.0500 (0.0500) spf_rank 8.0000 (8.0000) lr 1.0000e-03 eta 0:00:03 user 1
epoch [1/1] batch [20/35] time 0.077 (0.116) data 0.000 (0.036) loss 0.6519 (0.5099) acc 75.0000 (84.3750) spf_gamma 0.0500 (0.0500) spf_rank 8.0000 (8.0000) lr 1.0000e-03 eta 0:00:01 user 1
epoch [1/1] batch [30/35] time 0.068 (0.100) data 0.000 (0.024) loss 0.3684 (0.5390) acc 84.3750 (83.3333) spf_gamma 0.0500 (0.0500) spf_rank 8.0000 (8.0000) lr 1.0000e-03 eta 0:00:00 user 1
Finish training: 1 user
Deploy the last-epoch model
1 User, Elapsed: 0:00:04
epoch [1/1] batch [1/6] time 1.207 (1.207) data 1.124 (1.124) loss 0.4177 (0.4177) acc 87.5000 (87.5000) spf_gamma 0.0500 (0.0500) spf_rank 8.0000 (8.0000) lr 1.0000e-03 eta 0:00:06 user 2
epoch [1/1] batch [2/6] time 0.080 (0.644) data 0.013 (0.569) loss 0.1001 (0.2589) acc 100.0000 (93.7500) spf_gamma 0.0500 (0.0500) spf_rank 8.0000 (8.0000) lr 1.0000e-03 eta 0:00:02 user 2
epoch [1/1] batch [3/6] time 0.069 (0.452) data 0.000 (0.379) loss 0.4329 (0.3169) acc 90.6250 (92.7083) spf_gamma 0.0500 (0.0500) spf_rank 8.0000 (8.0000) lr 1.0000e-03 eta 0:00:01 user 2
epoch [1/1] batch [4/6] time 0.067 (0.356) data 0.000 (0.285) loss 0.2991 (0.3124) acc 90.6250 (92.1875) spf_gamma 0.0500 (0.0500) spf_rank 8.0000 (8.0000) lr 1.0000e-03 eta 0:00:00 user 2
epoch [1/1] batch [5/6] time 0.075 (0.300) data 0.000 (0.228) loss 0.7368 (0.3973) acc 81.2500 (90.0000) spf_gamma 0.0500 (0.0500) spf_rank 8.0000 (8.0000) lr 1.0000e-03 eta 0:00:00 user 2
epoch [1/1] batch [6/6] time 0.068 (0.261) data 0.000 (0.190) loss 0.2993 (0.3810) acc 93.7500 (90.6250) spf_gamma 0.0500 (0.0500) spf_rank 8.0000 (8.0000) lr 1.0000e-03 eta 0:00:00 user 2
Finish training: 2 user
Deploy the last-epoch model
2 User, Elapsed: 0:00:02
epoch [1/1] batch [1/5] time 1.293 (1.293) data 1.228 (1.228) loss 0.1594 (0.1594) acc 90.6250 (90.6250) spf_gamma 0.0500 (0.0500) spf_rank 8.0000 (8.0000) lr 1.0000e-03 eta 0:00:05 user 3
epoch [1/1] batch [2/5] time 0.073 (0.683) data 0.000 (0.614) loss 0.1664 (0.1629) acc 93.7500 (92.1875) spf_gamma 0.0500 (0.0500) spf_rank 8.0000 (8.0000) lr 1.0000e-03 eta 0:00:02 user 3
epoch [1/1] batch [3/5] time 0.072 (0.479) data 0.000 (0.409) loss 0.1363 (0.1540) acc 96.8750 (93.7500) spf_gamma 0.0500 (0.0500) spf_rank 8.0000 (8.0000) lr 1.0000e-03 eta 0:00:00 user 3
epoch [1/1] batch [4/5] time 0.065 (0.376) data 0.000 (0.307) loss 0.2591 (0.1803) acc 90.6250 (92.9688) spf_gamma 0.0500 (0.0500) spf_rank 8.0000 (8.0000) lr 1.0000e-03 eta 0:00:00 user 3
epoch [1/1] batch [5/5] time 0.067 (0.314) data 0.000 (0.246) loss 0.2401 (0.1923) acc 90.6250 (92.5000) spf_gamma 0.0500 (0.0500) spf_rank 8.0000 (8.0000) lr 1.0000e-03 eta 0:00:00 user 3
Finish training: 3 user
Deploy the last-epoch model
3 User, Elapsed: 0:00:02
epoch [1/1] batch [10/10] time 0.075 (0.140) data 0.000 (0.069) loss 0.3040 (0.3594) acc 90.6250 (90.0000) spf_gamma 0.0500 (0.0500) spf_rank 8.0000 (8.0000) lr 1.0000e-03 eta 0:00:00 user 4
Finish training: 4 user
Deploy the last-epoch model
4 User, Elapsed: 0:00:02
epoch [1/1] batch [1/9] time 0.924 (0.924) data 0.830 (0.830) loss 0.5323 (0.5323) acc 87.5000 (87.5000) spf_gamma 0.0500 (0.0500) spf_rank 8.0000 (8.0000) lr 1.0000e-03 eta 0:00:07 user 5
epoch [1/1] batch [2/9] time 0.065 (0.495) data 0.000 (0.415) loss 0.1315 (0.3319) acc 100.0000 (93.7500) spf_gamma 0.0500 (0.0500) spf_rank 8.0000 (8.0000) lr 1.0000e-03 eta 0:00:03 user 5
epoch [1/1] batch [3/9] time 0.064 (0.351) data 0.000 (0.277) loss 0.2299 (0.2979) acc 96.8750 (94.7917) spf_gamma 0.0500 (0.0500) spf_rank 8.0000 (8.0000) lr 1.0000e-03 eta 0:00:02 user 5
epoch [1/1] batch [4/9] time 0.065 (0.280) data 0.000 (0.208) loss 0.2014 (0.2738) acc 96.8750 (95.3125) spf_gamma 0.0500 (0.0500) spf_rank 8.0000 (8.0000) lr 1.0000e-03 eta 0:00:01 user 5
epoch [1/1] batch [5/9] time 0.064 (0.236) data 0.000 (0.166) loss 0.4190 (0.3028) acc 90.6250 (94.3750) spf_gamma 0.0500 (0.0500) spf_rank 8.0000 (8.0000) lr 1.0000e-03 eta 0:00:00 user 5
epoch [1/1] batch [6/9] time 0.066 (0.208) data 0.000 (0.138) loss 0.2935 (0.3013) acc 90.6250 (93.7500) spf_gamma 0.0500 (0.0500) spf_rank 8.0000 (8.0000) lr 1.0000e-03 eta 0:00:00 user 5
epoch [1/1] batch [7/9] time 0.068 (0.188) data 0.000 (0.119) loss 0.4114 (0.3170) acc 87.5000 (92.8571) spf_gamma 0.0500 (0.0500) spf_rank 8.0000 (8.0000) lr 1.0000e-03 eta 0:00:00 user 5
epoch [1/1] batch [8/9] time 0.067 (0.173) data 0.000 (0.104) loss 0.5059 (0.3406) acc 87.5000 (92.1875) spf_gamma 0.0500 (0.0500) spf_rank 8.0000 (8.0000) lr 1.0000e-03 eta 0:00:00 user 5
epoch [1/1] batch [9/9] time 0.066 (0.161) data 0.000 (0.092) loss 0.2942 (0.3354) acc 93.7500 (92.3611) spf_gamma 0.0500 (0.0500) spf_rank 8.0000 (8.0000) lr 1.0000e-03 eta 0:00:00 user 5
Finish training: 5 user
Deploy the last-epoch model
5 User, Elapsed: 0:00:02
------------local train finish epoch: 14 -------------
------------local test start-------------
Evaluate on the client0_test set
  0%|          | 0/3 [00:00<?, ?it/s] 33%|███▎      | 1/3 [00:01<00:02,  1.36s/it] 67%|██████▋   | 2/3 [00:01<00:00,  1.51it/s]100%|██████████| 3/3 [00:01<00:00,  1.76it/s]
=> result
* total: 269
* correct: 246
* accuracy: 91.4%
* error: 8.6%
* macro_f1: 89.8%
Evaluate on the client1_test set
  0%|          | 0/3 [00:00<?, ?it/s] 33%|███▎      | 1/3 [00:01<00:02,  1.19s/it] 67%|██████▋   | 2/3 [00:01<00:00,  1.70it/s]100%|██████████| 3/3 [00:01<00:00,  1.98it/s]
=> result
* total: 293
* correct: 260
* accuracy: 88.7%
* error: 11.3%
* macro_f1: 81.2%
Evaluate on the client2_test set
  0%|          | 0/1 [00:00<?, ?it/s]100%|██████████| 1/1 [00:01<00:00,  1.17s/it]100%|██████████| 1/1 [00:01<00:00,  1.27s/it]
=> result
* total: 44
* correct: 41
* accuracy: 93.2%
* error: 6.8%
* macro_f1: 95.8%
Evaluate on the client3_test set
  0%|          | 0/1 [00:00<?, ?it/s]100%|██████████| 1/1 [00:01<00:00,  1.24s/it]100%|██████████| 1/1 [00:01<00:00,  1.36s/it]
=> result
* total: 54
* correct: 50
* accuracy: 92.6%
* error: 7.4%
* macro_f1: 84.7%
Evaluate on the client4_test set
  0%|          | 0/1 [00:00<?, ?it/s]100%|██████████| 1/1 [00:00<00:00,  1.00it/s]100%|██████████| 1/1 [00:01<00:00,  1.11s/it]
=> result
* total: 69
* correct: 67
* accuracy: 97.1%
* error: 2.9%
* macro_f1: 97.4%
Evaluate on the client5_test set
  0%|          | 0/1 [00:00<?, ?it/s]100%|██████████| 1/1 [00:01<00:00,  1.04s/it]100%|██████████| 1/1 [00:01<00:00,  1.14s/it]=> result
* total: 89
* correct: 89
* accuracy: 100.0%
* error: 0.0%
* macro_f1: 100.0%
0 --Local test acc: 91.44981412639405
1 --Local test acc: 88.73720136518772
2 --Local test acc: 93.18181818181819
3 --Local test acc: 92.5925925925926
4 --Local test acc: 97.10144927536231
5 --Local test acc: 100.0
--Global test acc: 93.84381259022581
Epoch:14
------------local test finish-------------
idxs_users [0, 1, 2, 3, 4, 5]
------------local train start epoch: 15 -------------

epoch [1/1] batch [10/35] time 0.070 (0.143) data 0.000 (0.068) loss 0.4595 (0.3458) acc 87.5000 (89.3750) spf_gamma 0.0500 (0.0500) spf_rank 8.0000 (8.0000) lr 1.0000e-03 eta 0:00:03 user 0
epoch [1/1] batch [20/35] time 0.064 (0.107) data 0.000 (0.034) loss 0.8169 (0.3677) acc 75.0000 (88.5938) spf_gamma 0.0500 (0.0500) spf_rank 8.0000 (8.0000) lr 1.0000e-03 eta 0:00:01 user 0
epoch [1/1] batch [30/35] time 0.064 (0.093) data 0.000 (0.023) loss 0.6568 (0.3718) acc 78.1250 (88.8542) spf_gamma 0.0500 (0.0500) spf_rank 8.0000 (8.0000) lr 1.0000e-03 eta 0:00:00 user 0
Finish training: 0 user
Deploy the last-epoch model
0 User, Elapsed: 0:00:03
epoch [1/1] batch [10/35] time 0.074 (0.144) data 0.000 (0.070) loss 0.2920 (0.4268) acc 90.6250 (87.5000) spf_gamma 0.0500 (0.0500) spf_rank 8.0000 (8.0000) lr 1.0000e-03 eta 0:00:03 user 1
epoch [1/1] batch [20/35] time 0.075 (0.111) data 0.000 (0.035) loss 0.7437 (0.4923) acc 84.3750 (86.4062) spf_gamma 0.0500 (0.0500) spf_rank 8.0000 (8.0000) lr 1.0000e-03 eta 0:00:01 user 1
epoch [1/1] batch [30/35] time 0.064 (0.098) data 0.000 (0.023) loss 0.7808 (0.5484) acc 75.0000 (83.8542) spf_gamma 0.0500 (0.0500) spf_rank 8.0000 (8.0000) lr 1.0000e-03 eta 0:00:00 user 1
Finish training: 1 user
Deploy the last-epoch model
1 User, Elapsed: 0:00:03
epoch [1/1] batch [1/6] time 0.950 (0.950) data 0.874 (0.874) loss 0.4470 (0.4470) acc 87.5000 (87.5000) spf_gamma 0.0500 (0.0500) spf_rank 8.0000 (8.0000) lr 1.0000e-03 eta 0:00:04 user 2
epoch [1/1] batch [2/6] time 0.066 (0.508) data 0.000 (0.437) loss 0.5064 (0.4767) acc 90.6250 (89.0625) spf_gamma 0.0500 (0.0500) spf_rank 8.0000 (8.0000) lr 1.0000e-03 eta 0:00:02 user 2
epoch [1/1] batch [3/6] time 0.064 (0.360) data 0.000 (0.292) loss 0.2576 (0.4037) acc 96.8750 (91.6667) spf_gamma 0.0500 (0.0500) spf_rank 8.0000 (8.0000) lr 1.0000e-03 eta 0:00:01 user 2
epoch [1/1] batch [4/6] time 0.064 (0.286) data 0.000 (0.219) loss 0.2591 (0.3675) acc 90.6250 (91.4062) spf_gamma 0.0500 (0.0500) spf_rank 8.0000 (8.0000) lr 1.0000e-03 eta 0:00:00 user 2
epoch [1/1] batch [5/6] time 0.064 (0.241) data 0.000 (0.175) loss 0.1250 (0.3190) acc 96.8750 (92.5000) spf_gamma 0.0500 (0.0500) spf_rank 8.0000 (8.0000) lr 1.0000e-03 eta 0:00:00 user 2
epoch [1/1] batch [6/6] time 0.063 (0.212) data 0.000 (0.146) loss 0.2622 (0.3095) acc 90.6250 (92.1875) spf_gamma 0.0500 (0.0500) spf_rank 8.0000 (8.0000) lr 1.0000e-03 eta 0:00:00 user 2
Finish training: 2 user
Deploy the last-epoch model
2 User, Elapsed: 0:00:01
epoch [1/1] batch [1/5] time 0.864 (0.864) data 0.792 (0.792) loss 0.1684 (0.1684) acc 100.0000 (100.0000) spf_gamma 0.0500 (0.0500) spf_rank 8.0000 (8.0000) lr 1.0000e-03 eta 0:00:03 user 3
epoch [1/1] batch [2/5] time 0.063 (0.464) data 0.000 (0.396) loss 0.1790 (0.1737) acc 93.7500 (96.8750) spf_gamma 0.0500 (0.0500) spf_rank 8.0000 (8.0000) lr 1.0000e-03 eta 0:00:01 user 3
epoch [1/1] batch [3/5] time 0.069 (0.332) data 0.000 (0.264) loss 0.2779 (0.2084) acc 93.7500 (95.8333) spf_gamma 0.0500 (0.0500) spf_rank 8.0000 (8.0000) lr 1.0000e-03 eta 0:00:00 user 3
epoch [1/1] batch [4/5] time 0.064 (0.265) data 0.000 (0.198) loss 0.0852 (0.1776) acc 96.8750 (96.0938) spf_gamma 0.0500 (0.0500) spf_rank 8.0000 (8.0000) lr 1.0000e-03 eta 0:00:00 user 3
epoch [1/1] batch [5/5] time 0.071 (0.226) data 0.000 (0.159) loss 0.3159 (0.2053) acc 87.5000 (94.3750) spf_gamma 0.0500 (0.0500) spf_rank 8.0000 (8.0000) lr 1.0000e-03 eta 0:00:00 user 3
Finish training: 3 user
Deploy the last-epoch model
3 User, Elapsed: 0:00:01
epoch [1/1] batch [10/10] time 0.069 (0.144) data 0.000 (0.072) loss 0.3423 (0.3177) acc 90.6250 (92.1875) spf_gamma 0.0500 (0.0500) spf_rank 8.0000 (8.0000) lr 1.0000e-03 eta 0:00:00 user 4
Finish training: 4 user
Deploy the last-epoch model
4 User, Elapsed: 0:00:02
epoch [1/1] batch [1/9] time 0.762 (0.762) data 0.679 (0.679) loss 0.3130 (0.3130) acc 93.7500 (93.7500) spf_gamma 0.0500 (0.0500) spf_rank 8.0000 (8.0000) lr 1.0000e-03 eta 0:00:06 user 5
epoch [1/1] batch [2/9] time 0.065 (0.414) data 0.000 (0.339) loss 0.3719 (0.3424) acc 90.6250 (92.1875) spf_gamma 0.0500 (0.0500) spf_rank 8.0000 (8.0000) lr 1.0000e-03 eta 0:00:02 user 5
epoch [1/1] batch [3/9] time 0.081 (0.303) data 0.000 (0.226) loss 0.3196 (0.3348) acc 96.8750 (93.7500) spf_gamma 0.0500 (0.0500) spf_rank 8.0000 (8.0000) lr 1.0000e-03 eta 0:00:01 user 5
epoch [1/1] batch [4/9] time 0.072 (0.245) data 0.000 (0.170) loss 0.2530 (0.3144) acc 93.7500 (93.7500) spf_gamma 0.0500 (0.0500) spf_rank 8.0000 (8.0000) lr 1.0000e-03 eta 0:00:01 user 5
epoch [1/1] batch [5/9] time 0.069 (0.210) data 0.000 (0.136) loss 0.3445 (0.3204) acc 90.6250 (93.1250) spf_gamma 0.0500 (0.0500) spf_rank 8.0000 (8.0000) lr 1.0000e-03 eta 0:00:00 user 5
epoch [1/1] batch [6/9] time 0.076 (0.187) data 0.000 (0.113) loss 0.5132 (0.3525) acc 84.3750 (91.6667) spf_gamma 0.0500 (0.0500) spf_rank 8.0000 (8.0000) lr 1.0000e-03 eta 0:00:00 user 5
epoch [1/1] batch [7/9] time 0.071 (0.171) data 0.000 (0.097) loss 0.1191 (0.3192) acc 96.8750 (92.4107) spf_gamma 0.0500 (0.0500) spf_rank 8.0000 (8.0000) lr 1.0000e-03 eta 0:00:00 user 5
epoch [1/1] batch [8/9] time 0.077 (0.159) data 0.000 (0.085) loss 0.2342 (0.3086) acc 96.8750 (92.9688) spf_gamma 0.0500 (0.0500) spf_rank 8.0000 (8.0000) lr 1.0000e-03 eta 0:00:00 user 5
epoch [1/1] batch [9/9] time 0.070 (0.149) data 0.000 (0.076) loss 0.3064 (0.3083) acc 90.6250 (92.7083) spf_gamma 0.0500 (0.0500) spf_rank 8.0000 (8.0000) lr 1.0000e-03 eta 0:00:00 user 5
Finish training: 5 user
Deploy the last-epoch model
5 User, Elapsed: 0:00:01
------------local train finish epoch: 15 -------------
------------local test start-------------
Evaluate on the client0_test set
  0%|          | 0/3 [00:00<?, ?it/s] 33%|███▎      | 1/3 [00:01<00:02,  1.11s/it] 67%|██████▋   | 2/3 [00:01<00:00,  1.80it/s]100%|██████████| 3/3 [00:01<00:00,  2.15it/s]
=> result
* total: 269
* correct: 245
* accuracy: 91.1%
* error: 8.9%
* macro_f1: 88.7%
Evaluate on the client1_test set
  0%|          | 0/3 [00:00<?, ?it/s] 33%|███▎      | 1/3 [00:01<00:02,  1.11s/it] 67%|██████▋   | 2/3 [00:01<00:00,  1.81it/s]100%|██████████| 3/3 [00:01<00:00,  2.09it/s]
=> result
* total: 293
* correct: 254
* accuracy: 86.7%
* error: 13.3%
* macro_f1: 79.1%
Evaluate on the client2_test set
  0%|          | 0/1 [00:00<?, ?it/s]100%|██████████| 1/1 [00:01<00:00,  1.13s/it]100%|██████████| 1/1 [00:01<00:00,  1.25s/it]
=> result
* total: 44
* correct: 43
* accuracy: 97.7%
* error: 2.3%
* macro_f1: 98.0%
Evaluate on the client3_test set
  0%|          | 0/1 [00:00<?, ?it/s]100%|██████████| 1/1 [00:01<00:00,  1.27s/it]100%|██████████| 1/1 [00:01<00:00,  1.35s/it]
=> result
* total: 54
* correct: 49
* accuracy: 90.7%
* error: 9.3%
* macro_f1: 80.9%
Evaluate on the client4_test set
  0%|          | 0/1 [00:00<?, ?it/s]100%|██████████| 1/1 [00:00<00:00,  1.03it/s]100%|██████████| 1/1 [00:01<00:00,  1.11s/it]
=> result
* total: 69
* correct: 66
* accuracy: 95.7%
* error: 4.3%
* macro_f1: 96.4%
Evaluate on the client5_test set
  0%|          | 0/1 [00:00<?, ?it/s]100%|██████████| 1/1 [00:01<00:00,  1.15s/it]100%|██████████| 1/1 [00:01<00:00,  1.24s/it]=> result
* total: 89
* correct: 89
* accuracy: 100.0%
* error: 0.0%
* macro_f1: 100.0%
0 --Local test acc: 91.07806691449814
1 --Local test acc: 86.68941979522184
2 --Local test acc: 97.72727272727273
3 --Local test acc: 90.74074074074075
4 --Local test acc: 95.65217391304348
5 --Local test acc: 100.0
--Global test acc: 93.64794568179616
Epoch:15
------------local test finish-------------
idxs_users [0, 1, 2, 3, 4, 5]
------------local train start epoch: 16 -------------

epoch [1/1] batch [10/35] time 0.074 (0.130) data 0.000 (0.058) loss 0.7315 (0.4516) acc 87.5000 (86.8750) spf_gamma 0.0500 (0.0500) spf_rank 8.0000 (8.0000) lr 1.0000e-03 eta 0:00:03 user 0
epoch [1/1] batch [20/35] time 0.077 (0.101) data 0.000 (0.029) loss 0.6182 (0.4414) acc 81.2500 (86.8750) spf_gamma 0.0500 (0.0500) spf_rank 8.0000 (8.0000) lr 1.0000e-03 eta 0:00:01 user 0
epoch [1/1] batch [30/35] time 0.066 (0.090) data 0.000 (0.020) loss 0.4436 (0.4418) acc 84.3750 (86.2500) spf_gamma 0.0500 (0.0500) spf_rank 8.0000 (8.0000) lr 1.0000e-03 eta 0:00:00 user 0
Finish training: 0 user
Deploy the last-epoch model
0 User, Elapsed: 0:00:03
epoch [1/1] batch [10/35] time 0.077 (0.136) data 0.000 (0.064) loss 0.5366 (0.5856) acc 75.0000 (82.1875) spf_gamma 0.0500 (0.0500) spf_rank 8.0000 (8.0000) lr 1.0000e-03 eta 0:00:03 user 1
epoch [1/1] batch [20/35] time 0.065 (0.106) data 0.000 (0.032) loss 0.5376 (0.6067) acc 84.3750 (81.4062) spf_gamma 0.0500 (0.0500) spf_rank 8.0000 (8.0000) lr 1.0000e-03 eta 0:00:01 user 1
epoch [1/1] batch [30/35] time 0.070 (0.094) data 0.000 (0.021) loss 0.9751 (0.5954) acc 71.8750 (81.9792) spf_gamma 0.0500 (0.0500) spf_rank 8.0000 (8.0000) lr 1.0000e-03 eta 0:00:00 user 1
Finish training: 1 user
Deploy the last-epoch model
1 User, Elapsed: 0:00:03
epoch [1/1] batch [1/6] time 0.990 (0.990) data 0.912 (0.912) loss 0.1699 (0.1699) acc 96.8750 (96.8750) spf_gamma 0.0500 (0.0500) spf_rank 8.0000 (8.0000) lr 1.0000e-03 eta 0:00:04 user 2
epoch [1/1] batch [2/6] time 0.072 (0.531) data 0.000 (0.456) loss 0.2277 (0.1988) acc 93.7500 (95.3125) spf_gamma 0.0500 (0.0500) spf_rank 8.0000 (8.0000) lr 1.0000e-03 eta 0:00:02 user 2
epoch [1/1] batch [3/6] time 0.069 (0.377) data 0.000 (0.304) loss 0.2656 (0.2211) acc 96.8750 (95.8333) spf_gamma 0.0500 (0.0500) spf_rank 8.0000 (8.0000) lr 1.0000e-03 eta 0:00:01 user 2
epoch [1/1] batch [4/6] time 0.065 (0.299) data 0.000 (0.228) loss 0.1278 (0.1978) acc 96.8750 (96.0938) spf_gamma 0.0500 (0.0500) spf_rank 8.0000 (8.0000) lr 1.0000e-03 eta 0:00:00 user 2
epoch [1/1] batch [5/6] time 0.078 (0.255) data 0.000 (0.182) loss 0.1951 (0.1972) acc 96.8750 (96.2500) spf_gamma 0.0500 (0.0500) spf_rank 8.0000 (8.0000) lr 1.0000e-03 eta 0:00:00 user 2
epoch [1/1] batch [6/6] time 0.063 (0.223) data 0.000 (0.152) loss 0.2394 (0.2043) acc 93.7500 (95.8333) spf_gamma 0.0500 (0.0500) spf_rank 8.0000 (8.0000) lr 1.0000e-03 eta 0:00:00 user 2
Finish training: 2 user
Deploy the last-epoch model
2 User, Elapsed: 0:00:01
epoch [1/1] batch [1/5] time 0.964 (0.964) data 0.884 (0.884) loss 0.2176 (0.2176) acc 93.7500 (93.7500) spf_gamma 0.0500 (0.0500) spf_rank 8.0000 (8.0000) lr 1.0000e-03 eta 0:00:03 user 3
epoch [1/1] batch [2/5] time 0.065 (0.514) data 0.000 (0.442) loss 0.2876 (0.2526) acc 93.7500 (93.7500) spf_gamma 0.0500 (0.0500) spf_rank 8.0000 (8.0000) lr 1.0000e-03 eta 0:00:01 user 3
epoch [1/1] batch [3/5] time 0.074 (0.368) data 0.000 (0.295) loss 0.4397 (0.3150) acc 90.6250 (92.7083) spf_gamma 0.0500 (0.0500) spf_rank 8.0000 (8.0000) lr 1.0000e-03 eta 0:00:00 user 3
epoch [1/1] batch [4/5] time 0.069 (0.293) data 0.000 (0.221) loss 0.4492 (0.3485) acc 87.5000 (91.4062) spf_gamma 0.0500 (0.0500) spf_rank 8.0000 (8.0000) lr 1.0000e-03 eta 0:00:00 user 3
epoch [1/1] batch [5/5] time 0.064 (0.247) data 0.000 (0.177) loss 0.4126 (0.3614) acc 90.6250 (91.2500) spf_gamma 0.0500 (0.0500) spf_rank 8.0000 (8.0000) lr 1.0000e-03 eta 0:00:00 user 3
Finish training: 3 user
Deploy the last-epoch model
3 User, Elapsed: 0:00:01
epoch [1/1] batch [10/10] time 0.065 (0.143) data 0.000 (0.068) loss 0.3628 (0.3983) acc 84.3750 (88.4375) spf_gamma 0.0500 (0.0500) spf_rank 8.0000 (8.0000) lr 1.0000e-03 eta 0:00:00 user 4
Finish training: 4 user
Deploy the last-epoch model
4 User, Elapsed: 0:00:02
epoch [1/1] batch [1/9] time 0.881 (0.881) data 0.803 (0.803) loss 0.3560 (0.3560) acc 90.6250 (90.6250) spf_gamma 0.0500 (0.0500) spf_rank 8.0000 (8.0000) lr 1.0000e-03 eta 0:00:07 user 5
epoch [1/1] batch [2/9] time 0.065 (0.473) data 0.000 (0.402) loss 0.2962 (0.3261) acc 90.6250 (90.6250) spf_gamma 0.0500 (0.0500) spf_rank 8.0000 (8.0000) lr 1.0000e-03 eta 0:00:03 user 5
epoch [1/1] batch [3/9] time 0.073 (0.340) data 0.000 (0.268) loss 0.1647 (0.2723) acc 96.8750 (92.7083) spf_gamma 0.0500 (0.0500) spf_rank 8.0000 (8.0000) lr 1.0000e-03 eta 0:00:02 user 5
epoch [1/1] batch [4/9] time 0.066 (0.271) data 0.000 (0.201) loss 0.3401 (0.2892) acc 87.5000 (91.4062) spf_gamma 0.0500 (0.0500) spf_rank 8.0000 (8.0000) lr 1.0000e-03 eta 0:00:01 user 5
epoch [1/1] batch [5/9] time 0.078 (0.233) data 0.000 (0.161) loss 0.3736 (0.3061) acc 90.6250 (91.2500) spf_gamma 0.0500 (0.0500) spf_rank 8.0000 (8.0000) lr 1.0000e-03 eta 0:00:00 user 5
epoch [1/1] batch [6/9] time 0.065 (0.205) data 0.000 (0.134) loss 0.0451 (0.2626) acc 100.0000 (92.7083) spf_gamma 0.0500 (0.0500) spf_rank 8.0000 (8.0000) lr 1.0000e-03 eta 0:00:00 user 5
epoch [1/1] batch [7/9] time 0.073 (0.186) data 0.000 (0.115) loss 0.5630 (0.3055) acc 90.6250 (92.4107) spf_gamma 0.0500 (0.0500) spf_rank 8.0000 (8.0000) lr 1.0000e-03 eta 0:00:00 user 5
epoch [1/1] batch [8/9] time 0.074 (0.172) data 0.000 (0.100) loss 0.3045 (0.3054) acc 87.5000 (91.7969) spf_gamma 0.0500 (0.0500) spf_rank 8.0000 (8.0000) lr 1.0000e-03 eta 0:00:00 user 5
epoch [1/1] batch [9/9] time 0.074 (0.161) data 0.000 (0.089) loss 0.4876 (0.3256) acc 87.5000 (91.3194) spf_gamma 0.0500 (0.0500) spf_rank 8.0000 (8.0000) lr 1.0000e-03 eta 0:00:00 user 5
Finish training: 5 user
Deploy the last-epoch model
5 User, Elapsed: 0:00:02
------------local train finish epoch: 16 -------------
------------local test start-------------
Evaluate on the client0_test set
  0%|          | 0/3 [00:00<?, ?it/s] 33%|███▎      | 1/3 [00:01<00:02,  1.06s/it] 67%|██████▋   | 2/3 [00:01<00:00,  1.86it/s]100%|██████████| 3/3 [00:01<00:00,  2.18it/s]
=> result
* total: 269
* correct: 242
* accuracy: 90.0%
* error: 10.0%
* macro_f1: 88.2%
Evaluate on the client1_test set
  0%|          | 0/3 [00:00<?, ?it/s] 33%|███▎      | 1/3 [00:01<00:02,  1.08s/it] 67%|██████▋   | 2/3 [00:01<00:00,  1.84it/s]100%|██████████| 3/3 [00:01<00:00,  2.13it/s]
=> result
* total: 293
* correct: 257
* accuracy: 87.7%
* error: 12.3%
* macro_f1: 80.2%
Evaluate on the client2_test set
  0%|          | 0/1 [00:00<?, ?it/s]100%|██████████| 1/1 [00:01<00:00,  1.08s/it]100%|██████████| 1/1 [00:01<00:00,  1.20s/it]
=> result
* total: 44
* correct: 43
* accuracy: 97.7%
* error: 2.3%
* macro_f1: 99.5%
Evaluate on the client3_test set
  0%|          | 0/1 [00:00<?, ?it/s]100%|██████████| 1/1 [00:01<00:00,  1.31s/it]100%|██████████| 1/1 [00:01<00:00,  1.40s/it]
=> result
* total: 54
* correct: 48
* accuracy: 88.9%
* error: 11.1%
* macro_f1: 77.0%
Evaluate on the client4_test set
  0%|          | 0/1 [00:00<?, ?it/s]100%|██████████| 1/1 [00:00<00:00,  1.03it/s]100%|██████████| 1/1 [00:01<00:00,  1.08s/it]
=> result
* total: 69
* correct: 66
* accuracy: 95.7%
* error: 4.3%
* macro_f1: 96.0%
Evaluate on the client5_test set
  0%|          | 0/1 [00:00<?, ?it/s]100%|██████████| 1/1 [00:01<00:00,  1.03s/it]100%|██████████| 1/1 [00:01<00:00,  1.13s/it]=> result
* total: 89
* correct: 89
* accuracy: 100.0%
* error: 0.0%
* macro_f1: 100.0%
0 --Local test acc: 89.96282527881041
1 --Local test acc: 87.71331058020478
2 --Local test acc: 97.72727272727273
3 --Local test acc: 88.88888888888889
4 --Local test acc: 95.65217391304348
5 --Local test acc: 100.0
--Global test acc: 93.32407856470338
Epoch:16
------------local test finish-------------
idxs_users [0, 1, 2, 3, 4, 5]
------------local train start epoch: 17 -------------

epoch [1/1] batch [10/35] time 0.063 (0.132) data 0.000 (0.060) loss 0.3164 (0.3930) acc 90.6250 (90.6250) spf_gamma 0.0500 (0.0500) spf_rank 8.0000 (8.0000) lr 1.0000e-03 eta 0:00:03 user 0
epoch [1/1] batch [20/35] time 0.069 (0.099) data 0.000 (0.030) loss 0.3845 (0.4624) acc 87.5000 (88.2812) spf_gamma 0.0500 (0.0500) spf_rank 8.0000 (8.0000) lr 1.0000e-03 eta 0:00:01 user 0
epoch [1/1] batch [30/35] time 0.064 (0.090) data 0.000 (0.020) loss 0.5152 (0.4389) acc 84.3750 (88.4375) spf_gamma 0.0500 (0.0500) spf_rank 8.0000 (8.0000) lr 1.0000e-03 eta 0:00:00 user 0
Finish training: 0 user
Deploy the last-epoch model
0 User, Elapsed: 0:00:03
epoch [1/1] batch [10/35] time 0.073 (0.148) data 0.000 (0.073) loss 0.3494 (0.5937) acc 84.3750 (83.1250) spf_gamma 0.0500 (0.0500) spf_rank 8.0000 (8.0000) lr 1.0000e-03 eta 0:00:03 user 1
epoch [1/1] batch [20/35] time 0.078 (0.109) data 0.000 (0.037) loss 0.7930 (0.5640) acc 71.8750 (82.1875) spf_gamma 0.0500 (0.0500) spf_rank 8.0000 (8.0000) lr 1.0000e-03 eta 0:00:01 user 1
epoch [1/1] batch [30/35] time 0.071 (0.095) data 0.000 (0.025) loss 0.7793 (0.6015) acc 78.1250 (81.2500) spf_gamma 0.0500 (0.0500) spf_rank 8.0000 (8.0000) lr 1.0000e-03 eta 0:00:00 user 1
Finish training: 1 user
Deploy the last-epoch model
1 User, Elapsed: 0:00:03
epoch [1/1] batch [1/6] time 0.906 (0.906) data 0.816 (0.816) loss 0.2328 (0.2328) acc 96.8750 (96.8750) spf_gamma 0.0500 (0.0500) spf_rank 8.0000 (8.0000) lr 1.0000e-03 eta 0:00:04 user 2
epoch [1/1] batch [2/6] time 0.071 (0.488) data 0.000 (0.408) loss 0.4854 (0.3591) acc 84.3750 (90.6250) spf_gamma 0.0500 (0.0500) spf_rank 8.0000 (8.0000) lr 1.0000e-03 eta 0:00:01 user 2
epoch [1/1] batch [3/6] time 0.068 (0.348) data 0.000 (0.272) loss 0.1803 (0.2995) acc 93.7500 (91.6667) spf_gamma 0.0500 (0.0500) spf_rank 8.0000 (8.0000) lr 1.0000e-03 eta 0:00:01 user 2
epoch [1/1] batch [4/6] time 0.064 (0.277) data 0.000 (0.204) loss 0.4610 (0.3399) acc 84.3750 (89.8438) spf_gamma 0.0500 (0.0500) spf_rank 8.0000 (8.0000) lr 1.0000e-03 eta 0:00:00 user 2
epoch [1/1] batch [5/6] time 0.064 (0.235) data 0.000 (0.163) loss 0.2066 (0.3132) acc 93.7500 (90.6250) spf_gamma 0.0500 (0.0500) spf_rank 8.0000 (8.0000) lr 1.0000e-03 eta 0:00:00 user 2
epoch [1/1] batch [6/6] time 0.065 (0.206) data 0.000 (0.136) loss 0.4026 (0.3281) acc 90.6250 (90.6250) spf_gamma 0.0500 (0.0500) spf_rank 8.0000 (8.0000) lr 1.0000e-03 eta 0:00:00 user 2
Finish training: 2 user
Deploy the last-epoch model
2 User, Elapsed: 0:00:01
epoch [1/1] batch [1/5] time 1.245 (1.245) data 1.174 (1.174) loss 0.5269 (0.5269) acc 90.6250 (90.6250) spf_gamma 0.0500 (0.0500) spf_rank 8.0000 (8.0000) lr 1.0000e-03 eta 0:00:04 user 3
epoch [1/1] batch [2/5] time 0.064 (0.655) data 0.000 (0.587) loss 0.4160 (0.4715) acc 84.3750 (87.5000) spf_gamma 0.0500 (0.0500) spf_rank 8.0000 (8.0000) lr 1.0000e-03 eta 0:00:01 user 3
epoch [1/1] batch [3/5] time 0.065 (0.458) data 0.000 (0.391) loss 0.2783 (0.4071) acc 93.7500 (89.5833) spf_gamma 0.0500 (0.0500) spf_rank 8.0000 (8.0000) lr 1.0000e-03 eta 0:00:00 user 3
epoch [1/1] batch [4/5] time 0.064 (0.360) data 0.000 (0.293) loss 0.1588 (0.3450) acc 96.8750 (91.4062) spf_gamma 0.0500 (0.0500) spf_rank 8.0000 (8.0000) lr 1.0000e-03 eta 0:00:00 user 3
epoch [1/1] batch [5/5] time 0.064 (0.301) data 0.000 (0.235) loss 0.1515 (0.3063) acc 96.8750 (92.5000) spf_gamma 0.0500 (0.0500) spf_rank 8.0000 (8.0000) lr 1.0000e-03 eta 0:00:00 user 3
Finish training: 3 user
Deploy the last-epoch model
3 User, Elapsed: 0:00:02
epoch [1/1] batch [10/10] time 0.066 (0.151) data 0.000 (0.079) loss 0.6026 (0.3093) acc 84.3750 (90.9375) spf_gamma 0.0500 (0.0500) spf_rank 8.0000 (8.0000) lr 1.0000e-03 eta 0:00:00 user 4
Finish training: 4 user
Deploy the last-epoch model
4 User, Elapsed: 0:00:02
epoch [1/1] batch [1/9] time 0.831 (0.831) data 0.758 (0.758) loss 0.1542 (0.1542) acc 96.8750 (96.8750) spf_gamma 0.0500 (0.0500) spf_rank 8.0000 (8.0000) lr 1.0000e-03 eta 0:00:06 user 5
epoch [1/1] batch [2/9] time 0.064 (0.447) data 0.000 (0.379) loss 0.0692 (0.1117) acc 100.0000 (98.4375) spf_gamma 0.0500 (0.0500) spf_rank 8.0000 (8.0000) lr 1.0000e-03 eta 0:00:03 user 5
epoch [1/1] batch [3/9] time 0.064 (0.320) data 0.000 (0.253) loss 0.3416 (0.1883) acc 90.6250 (95.8333) spf_gamma 0.0500 (0.0500) spf_rank 8.0000 (8.0000) lr 1.0000e-03 eta 0:00:01 user 5
epoch [1/1] batch [4/9] time 0.064 (0.256) data 0.000 (0.190) loss 0.4566 (0.2554) acc 81.2500 (92.1875) spf_gamma 0.0500 (0.0500) spf_rank 8.0000 (8.0000) lr 1.0000e-03 eta 0:00:01 user 5
epoch [1/1] batch [5/9] time 0.064 (0.217) data 0.000 (0.152) loss 0.1530 (0.2349) acc 96.8750 (93.1250) spf_gamma 0.0500 (0.0500) spf_rank 8.0000 (8.0000) lr 1.0000e-03 eta 0:00:00 user 5
epoch [1/1] batch [6/9] time 0.064 (0.192) data 0.000 (0.126) loss 0.1546 (0.2215) acc 96.8750 (93.7500) spf_gamma 0.0500 (0.0500) spf_rank 8.0000 (8.0000) lr 1.0000e-03 eta 0:00:00 user 5
epoch [1/1] batch [7/9] time 0.064 (0.173) data 0.000 (0.108) loss 0.2920 (0.2316) acc 90.6250 (93.3036) spf_gamma 0.0500 (0.0500) spf_rank 8.0000 (8.0000) lr 1.0000e-03 eta 0:00:00 user 5
epoch [1/1] batch [8/9] time 0.064 (0.160) data 0.000 (0.095) loss 0.3618 (0.2479) acc 84.3750 (92.1875) spf_gamma 0.0500 (0.0500) spf_rank 8.0000 (8.0000) lr 1.0000e-03 eta 0:00:00 user 5
epoch [1/1] batch [9/9] time 0.064 (0.149) data 0.000 (0.084) loss 0.0915 (0.2305) acc 96.8750 (92.7083) spf_gamma 0.0500 (0.0500) spf_rank 8.0000 (8.0000) lr 1.0000e-03 eta 0:00:00 user 5
Finish training: 5 user
Deploy the last-epoch model
5 User, Elapsed: 0:00:01
------------local train finish epoch: 17 -------------
------------local test start-------------
Evaluate on the client0_test set
  0%|          | 0/3 [00:00<?, ?it/s] 33%|███▎      | 1/3 [00:01<00:02,  1.07s/it] 67%|██████▋   | 2/3 [00:01<00:00,  1.85it/s]100%|██████████| 3/3 [00:01<00:00,  2.21it/s]
=> result
* total: 269
* correct: 247
* accuracy: 91.8%
* error: 8.2%
* macro_f1: 90.2%
Evaluate on the client1_test set
  0%|          | 0/3 [00:00<?, ?it/s] 33%|███▎      | 1/3 [00:01<00:02,  1.23s/it] 67%|██████▋   | 2/3 [00:01<00:00,  1.65it/s]100%|██████████| 3/3 [00:01<00:00,  1.89it/s]
=> result
* total: 293
* correct: 254
* accuracy: 86.7%
* error: 13.3%
* macro_f1: 78.6%
Evaluate on the client2_test set
  0%|          | 0/1 [00:00<?, ?it/s]100%|██████████| 1/1 [00:01<00:00,  1.26s/it]100%|██████████| 1/1 [00:01<00:00,  1.37s/it]
=> result
* total: 44
* correct: 41
* accuracy: 93.2%
* error: 6.8%
* macro_f1: 94.9%
Evaluate on the client3_test set
  0%|          | 0/1 [00:00<?, ?it/s]100%|██████████| 1/1 [00:01<00:00,  1.37s/it]100%|██████████| 1/1 [00:01<00:00,  1.50s/it]
=> result
* total: 54
* correct: 51
* accuracy: 94.4%
* error: 5.6%
* macro_f1: 87.5%
Evaluate on the client4_test set
  0%|          | 0/1 [00:00<?, ?it/s]100%|██████████| 1/1 [00:00<00:00,  1.00it/s]100%|██████████| 1/1 [00:01<00:00,  1.08s/it]
=> result
* total: 69
* correct: 67
* accuracy: 97.1%
* error: 2.9%
* macro_f1: 98.2%
Evaluate on the client5_test set
  0%|          | 0/1 [00:00<?, ?it/s]100%|██████████| 1/1 [00:01<00:00,  1.05s/it]100%|██████████| 1/1 [00:01<00:00,  1.16s/it]=> result
* total: 89
* correct: 87
* accuracy: 97.8%
* error: 2.2%
* macro_f1: 94.6%
0 --Local test acc: 91.82156133828997
1 --Local test acc: 86.68941979522184
2 --Local test acc: 93.18181818181819
3 --Local test acc: 94.44444444444444
4 --Local test acc: 97.10144927536231
5 --Local test acc: 97.75280898876404
--Global test acc: 93.49858367065013
Epoch:17
------------local test finish-------------
idxs_users [0, 1, 2, 3, 4, 5]
------------local train start epoch: 18 -------------

epoch [1/1] batch [10/35] time 0.072 (0.140) data 0.000 (0.065) loss 0.3457 (0.3924) acc 90.6250 (90.3125) spf_gamma 0.0500 (0.0500) spf_rank 8.0000 (8.0000) lr 1.0000e-03 eta 0:00:03 user 0
epoch [1/1] batch [20/35] time 0.075 (0.105) data 0.000 (0.032) loss 0.3448 (0.4051) acc 84.3750 (88.9062) spf_gamma 0.0500 (0.0500) spf_rank 8.0000 (8.0000) lr 1.0000e-03 eta 0:00:01 user 0
epoch [1/1] batch [30/35] time 0.064 (0.091) data 0.000 (0.022) loss 0.3753 (0.4122) acc 87.5000 (88.6458) spf_gamma 0.0500 (0.0500) spf_rank 8.0000 (8.0000) lr 1.0000e-03 eta 0:00:00 user 0
Finish training: 0 user
Deploy the last-epoch model
0 User, Elapsed: 0:00:03
epoch [1/1] batch [10/35] time 0.075 (0.134) data 0.000 (0.059) loss 0.7027 (0.6164) acc 81.2500 (80.0000) spf_gamma 0.0500 (0.0500) spf_rank 8.0000 (8.0000) lr 1.0000e-03 eta 0:00:03 user 1
epoch [1/1] batch [20/35] time 0.071 (0.104) data 0.000 (0.030) loss 0.5606 (0.5361) acc 81.2500 (82.8125) spf_gamma 0.0500 (0.0500) spf_rank 8.0000 (8.0000) lr 1.0000e-03 eta 0:00:01 user 1
epoch [1/1] batch [30/35] time 0.064 (0.093) data 0.000 (0.020) loss 0.6665 (0.5604) acc 87.5000 (83.3333) spf_gamma 0.0500 (0.0500) spf_rank 8.0000 (8.0000) lr 1.0000e-03 eta 0:00:00 user 1
Finish training: 1 user
Deploy the last-epoch model
1 User, Elapsed: 0:00:03
epoch [1/1] batch [1/6] time 0.988 (0.988) data 0.913 (0.913) loss 0.3616 (0.3616) acc 93.7500 (93.7500) spf_gamma 0.0500 (0.0500) spf_rank 8.0000 (8.0000) lr 1.0000e-03 eta 0:00:04 user 2
epoch [1/1] batch [2/6] time 0.064 (0.526) data 0.000 (0.456) loss 0.3177 (0.3396) acc 90.6250 (92.1875) spf_gamma 0.0500 (0.0500) spf_rank 8.0000 (8.0000) lr 1.0000e-03 eta 0:00:02 user 2
epoch [1/1] batch [3/6] time 0.075 (0.376) data 0.000 (0.304) loss 0.4971 (0.3921) acc 90.6250 (91.6667) spf_gamma 0.0500 (0.0500) spf_rank 8.0000 (8.0000) lr 1.0000e-03 eta 0:00:01 user 2
epoch [1/1] batch [4/6] time 0.071 (0.300) data 0.000 (0.228) loss 0.1850 (0.3403) acc 96.8750 (92.9688) spf_gamma 0.0500 (0.0500) spf_rank 8.0000 (8.0000) lr 1.0000e-03 eta 0:00:00 user 2
epoch [1/1] batch [5/6] time 0.072 (0.254) data 0.000 (0.183) loss 0.2730 (0.3269) acc 90.6250 (92.5000) spf_gamma 0.0500 (0.0500) spf_rank 8.0000 (8.0000) lr 1.0000e-03 eta 0:00:00 user 2
epoch [1/1] batch [6/6] time 0.072 (0.224) data 0.000 (0.152) loss 0.2245 (0.3098) acc 96.8750 (93.2292) spf_gamma 0.0500 (0.0500) spf_rank 8.0000 (8.0000) lr 1.0000e-03 eta 0:00:00 user 2
Finish training: 2 user
Deploy the last-epoch model
2 User, Elapsed: 0:00:01
epoch [1/1] batch [1/5] time 0.964 (0.964) data 0.893 (0.893) loss 0.1992 (0.1992) acc 90.6250 (90.6250) spf_gamma 0.0500 (0.0500) spf_rank 8.0000 (8.0000) lr 1.0000e-03 eta 0:00:03 user 3
epoch [1/1] batch [2/5] time 0.073 (0.518) data 0.000 (0.446) loss 0.1903 (0.1948) acc 93.7500 (92.1875) spf_gamma 0.0500 (0.0500) spf_rank 8.0000 (8.0000) lr 1.0000e-03 eta 0:00:01 user 3
epoch [1/1] batch [3/5] time 0.081 (0.373) data 0.000 (0.298) loss 0.3125 (0.2340) acc 96.8750 (93.7500) spf_gamma 0.0500 (0.0500) spf_rank 8.0000 (8.0000) lr 1.0000e-03 eta 0:00:00 user 3
epoch [1/1] batch [4/5] time 0.073 (0.298) data 0.000 (0.223) loss 0.3299 (0.2580) acc 93.7500 (93.7500) spf_gamma 0.0500 (0.0500) spf_rank 8.0000 (8.0000) lr 1.0000e-03 eta 0:00:00 user 3
epoch [1/1] batch [5/5] time 0.074 (0.253) data 0.000 (0.179) loss 0.1207 (0.2305) acc 100.0000 (95.0000) spf_gamma 0.0500 (0.0500) spf_rank 8.0000 (8.0000) lr 1.0000e-03 eta 0:00:00 user 3
Finish training: 3 user
Deploy the last-epoch model
3 User, Elapsed: 0:00:01
epoch [1/1] batch [10/10] time 0.063 (0.131) data 0.000 (0.063) loss 0.1938 (0.3117) acc 93.7500 (91.8750) spf_gamma 0.0500 (0.0500) spf_rank 8.0000 (8.0000) lr 1.0000e-03 eta 0:00:00 user 4
Finish training: 4 user
Deploy the last-epoch model
4 User, Elapsed: 0:00:01
epoch [1/1] batch [1/9] time 0.806 (0.806) data 0.723 (0.723) loss 0.3098 (0.3098) acc 93.7500 (93.7500) spf_gamma 0.0500 (0.0500) spf_rank 8.0000 (8.0000) lr 1.0000e-03 eta 0:00:06 user 5
epoch [1/1] batch [2/9] time 0.076 (0.441) data 0.000 (0.362) loss 0.2544 (0.2821) acc 84.3750 (89.0625) spf_gamma 0.0500 (0.0500) spf_rank 8.0000 (8.0000) lr 1.0000e-03 eta 0:00:03 user 5
epoch [1/1] batch [3/9] time 0.073 (0.318) data 0.000 (0.241) loss 0.2752 (0.2798) acc 90.6250 (89.5833) spf_gamma 0.0500 (0.0500) spf_rank 8.0000 (8.0000) lr 1.0000e-03 eta 0:00:01 user 5
epoch [1/1] batch [4/9] time 0.072 (0.257) data 0.000 (0.181) loss 0.3416 (0.2953) acc 90.6250 (89.8438) spf_gamma 0.0500 (0.0500) spf_rank 8.0000 (8.0000) lr 1.0000e-03 eta 0:00:01 user 5
epoch [1/1] batch [5/9] time 0.072 (0.220) data 0.000 (0.145) loss 0.4575 (0.3277) acc 81.2500 (88.1250) spf_gamma 0.0500 (0.0500) spf_rank 8.0000 (8.0000) lr 1.0000e-03 eta 0:00:00 user 5
epoch [1/1] batch [6/9] time 0.070 (0.195) data 0.000 (0.121) loss 0.2226 (0.3102) acc 96.8750 (89.5833) spf_gamma 0.0500 (0.0500) spf_rank 8.0000 (8.0000) lr 1.0000e-03 eta 0:00:00 user 5
epoch [1/1] batch [7/9] time 0.071 (0.177) data 0.000 (0.103) loss 0.1430 (0.2863) acc 100.0000 (91.0714) spf_gamma 0.0500 (0.0500) spf_rank 8.0000 (8.0000) lr 1.0000e-03 eta 0:00:00 user 5
epoch [1/1] batch [8/9] time 0.070 (0.164) data 0.000 (0.090) loss 0.2277 (0.2790) acc 96.8750 (91.7969) spf_gamma 0.0500 (0.0500) spf_rank 8.0000 (8.0000) lr 1.0000e-03 eta 0:00:00 user 5
epoch [1/1] batch [9/9] time 0.072 (0.153) data 0.000 (0.080) loss 0.3072 (0.2821) acc 90.6250 (91.6667) spf_gamma 0.0500 (0.0500) spf_rank 8.0000 (8.0000) lr 1.0000e-03 eta 0:00:00 user 5
Finish training: 5 user
Deploy the last-epoch model
5 User, Elapsed: 0:00:01
------------local train finish epoch: 18 -------------
------------local test start-------------
Evaluate on the client0_test set
  0%|          | 0/3 [00:00<?, ?it/s] 33%|███▎      | 1/3 [00:01<00:02,  1.13s/it] 67%|██████▋   | 2/3 [00:01<00:00,  1.78it/s]100%|██████████| 3/3 [00:01<00:00,  2.08it/s]
=> result
* total: 269
* correct: 246
* accuracy: 91.4%
* error: 8.6%
* macro_f1: 89.1%
Evaluate on the client1_test set
  0%|          | 0/3 [00:00<?, ?it/s] 33%|███▎      | 1/3 [00:01<00:02,  1.12s/it] 67%|██████▋   | 2/3 [00:01<00:00,  1.79it/s]100%|██████████| 3/3 [00:01<00:00,  2.07it/s]
=> result
* total: 293
* correct: 260
* accuracy: 88.7%
* error: 11.3%
* macro_f1: 80.7%
Evaluate on the client2_test set
  0%|          | 0/1 [00:00<?, ?it/s]100%|██████████| 1/1 [00:01<00:00,  1.11s/it]100%|██████████| 1/1 [00:01<00:00,  1.18s/it]
=> result
* total: 44
* correct: 42
* accuracy: 95.5%
* error: 4.5%
* macro_f1: 96.3%
Evaluate on the client3_test set
  0%|          | 0/1 [00:00<?, ?it/s]100%|██████████| 1/1 [00:01<00:00,  1.23s/it]100%|██████████| 1/1 [00:01<00:00,  1.35s/it]
=> result
* total: 54
* correct: 50
* accuracy: 92.6%
* error: 7.4%
* macro_f1: 84.1%
Evaluate on the client4_test set
  0%|          | 0/1 [00:00<?, ?it/s]100%|██████████| 1/1 [00:00<00:00,  1.08it/s]100%|██████████| 1/1 [00:01<00:00,  1.05s/it]
=> result
* total: 69
* correct: 67
* accuracy: 97.1%
* error: 2.9%
* macro_f1: 97.3%
Evaluate on the client5_test set
  0%|          | 0/1 [00:00<?, ?it/s]100%|██████████| 1/1 [00:01<00:00,  1.01s/it]100%|██████████| 1/1 [00:01<00:00,  1.13s/it]=> result
* total: 89
* correct: 88
* accuracy: 98.9%
* error: 1.1%
* macro_f1: 98.9%
0 --Local test acc: 91.44981412639405
1 --Local test acc: 88.73720136518772
2 --Local test acc: 95.45454545454545
3 --Local test acc: 92.5925925925926
4 --Local test acc: 97.10144927536231
5 --Local test acc: 98.87640449438203
--Global test acc: 94.03533455141068
Epoch:18
------------local test finish-------------
idxs_users [0, 1, 2, 3, 4, 5]
------------local train start epoch: 19 -------------

epoch [1/1] batch [10/35] time 0.085 (0.134) data 0.000 (0.057) loss 0.2666 (0.3606) acc 90.6250 (88.4375) spf_gamma 0.0500 (0.0500) spf_rank 8.0000 (8.0000) lr 1.0000e-03 eta 0:00:03 user 0
epoch [1/1] batch [20/35] time 0.067 (0.102) data 0.000 (0.029) loss 0.5806 (0.4346) acc 87.5000 (87.5000) spf_gamma 0.0500 (0.0500) spf_rank 8.0000 (8.0000) lr 1.0000e-03 eta 0:00:01 user 0
epoch [1/1] batch [30/35] time 0.065 (0.091) data 0.000 (0.019) loss 0.8277 (0.4694) acc 81.2500 (86.1458) spf_gamma 0.0500 (0.0500) spf_rank 8.0000 (8.0000) lr 1.0000e-03 eta 0:00:00 user 0
Finish training: 0 user
Deploy the last-epoch model
0 User, Elapsed: 0:00:03
epoch [1/1] batch [10/35] time 0.075 (0.153) data 0.000 (0.077) loss 0.2837 (0.4705) acc 93.7500 (85.6250) spf_gamma 0.0500 (0.0500) spf_rank 8.0000 (8.0000) lr 1.0000e-03 eta 0:00:03 user 1
epoch [1/1] batch [20/35] time 0.077 (0.113) data 0.000 (0.039) loss 0.5615 (0.5187) acc 84.3750 (83.5938) spf_gamma 0.0500 (0.0500) spf_rank 8.0000 (8.0000) lr 1.0000e-03 eta 0:00:01 user 1
epoch [1/1] batch [30/35] time 0.068 (0.099) data 0.000 (0.026) loss 0.4229 (0.5083) acc 84.3750 (83.1250) spf_gamma 0.0500 (0.0500) spf_rank 8.0000 (8.0000) lr 1.0000e-03 eta 0:00:00 user 1
Finish training: 1 user
Deploy the last-epoch model
1 User, Elapsed: 0:00:03
epoch [1/1] batch [1/6] time 0.981 (0.981) data 0.902 (0.902) loss 0.1367 (0.1367) acc 96.8750 (96.8750) spf_gamma 0.0500 (0.0500) spf_rank 8.0000 (8.0000) lr 1.0000e-03 eta 0:00:04 user 2
epoch [1/1] batch [2/6] time 0.067 (0.524) data 0.000 (0.451) loss 0.2698 (0.2033) acc 90.6250 (93.7500) spf_gamma 0.0500 (0.0500) spf_rank 8.0000 (8.0000) lr 1.0000e-03 eta 0:00:02 user 2
epoch [1/1] batch [3/6] time 0.070 (0.373) data 0.000 (0.301) loss 0.2847 (0.2304) acc 90.6250 (92.7083) spf_gamma 0.0500 (0.0500) spf_rank 8.0000 (8.0000) lr 1.0000e-03 eta 0:00:01 user 2
epoch [1/1] batch [4/6] time 0.066 (0.296) data 0.000 (0.226) loss 0.1341 (0.2063) acc 96.8750 (93.7500) spf_gamma 0.0500 (0.0500) spf_rank 8.0000 (8.0000) lr 1.0000e-03 eta 0:00:00 user 2
epoch [1/1] batch [5/6] time 0.064 (0.250) data 0.000 (0.181) loss 0.2010 (0.2052) acc 90.6250 (93.1250) spf_gamma 0.0500 (0.0500) spf_rank 8.0000 (8.0000) lr 1.0000e-03 eta 0:00:00 user 2
epoch [1/1] batch [6/6] time 0.069 (0.219) data 0.000 (0.150) loss 0.3831 (0.2349) acc 90.6250 (92.7083) spf_gamma 0.0500 (0.0500) spf_rank 8.0000 (8.0000) lr 1.0000e-03 eta 0:00:00 user 2
Finish training: 2 user
Deploy the last-epoch model
2 User, Elapsed: 0:00:01
epoch [1/1] batch [1/5] time 0.912 (0.912) data 0.834 (0.834) loss 0.2260 (0.2260) acc 93.7500 (93.7500) spf_gamma 0.0500 (0.0500) spf_rank 8.0000 (8.0000) lr 1.0000e-03 eta 0:00:03 user 3
epoch [1/1] batch [2/5] time 0.079 (0.496) data 0.000 (0.417) loss 0.0696 (0.1478) acc 100.0000 (96.8750) spf_gamma 0.0500 (0.0500) spf_rank 8.0000 (8.0000) lr 1.0000e-03 eta 0:00:01 user 3
epoch [1/1] batch [3/5] time 0.069 (0.353) data 0.000 (0.278) loss 0.1359 (0.1438) acc 93.7500 (95.8333) spf_gamma 0.0500 (0.0500) spf_rank 8.0000 (8.0000) lr 1.0000e-03 eta 0:00:00 user 3
epoch [1/1] batch [4/5] time 0.063 (0.281) data 0.000 (0.209) loss 0.2652 (0.1742) acc 93.7500 (95.3125) spf_gamma 0.0500 (0.0500) spf_rank 8.0000 (8.0000) lr 1.0000e-03 eta 0:00:00 user 3
epoch [1/1] batch [5/5] time 0.063 (0.237) data 0.000 (0.167) loss 0.0395 (0.1472) acc 100.0000 (96.2500) spf_gamma 0.0500 (0.0500) spf_rank 8.0000 (8.0000) lr 1.0000e-03 eta 0:00:00 user 3
Finish training: 3 user
Deploy the last-epoch model
3 User, Elapsed: 0:00:01
epoch [1/1] batch [10/10] time 0.068 (0.152) data 0.000 (0.077) loss 0.5200 (0.3651) acc 84.3750 (89.6875) spf_gamma 0.0500 (0.0500) spf_rank 8.0000 (8.0000) lr 1.0000e-03 eta 0:00:00 user 4
Finish training: 4 user
Deploy the last-epoch model
4 User, Elapsed: 0:00:02
epoch [1/1] batch [1/9] time 0.728 (0.728) data 0.653 (0.653) loss 0.3677 (0.3677) acc 90.6250 (90.6250) spf_gamma 0.0500 (0.0500) spf_rank 8.0000 (8.0000) lr 1.0000e-03 eta 0:00:05 user 5
epoch [1/1] batch [2/9] time 0.066 (0.397) data 0.000 (0.326) loss 0.2206 (0.2942) acc 93.7500 (92.1875) spf_gamma 0.0500 (0.0500) spf_rank 8.0000 (8.0000) lr 1.0000e-03 eta 0:00:02 user 5
epoch [1/1] batch [3/9] time 0.071 (0.289) data 0.000 (0.218) loss 0.4094 (0.3326) acc 90.6250 (91.6667) spf_gamma 0.0500 (0.0500) spf_rank 8.0000 (8.0000) lr 1.0000e-03 eta 0:00:01 user 5
epoch [1/1] batch [4/9] time 0.070 (0.234) data 0.000 (0.163) loss 0.2661 (0.3160) acc 93.7500 (92.1875) spf_gamma 0.0500 (0.0500) spf_rank 8.0000 (8.0000) lr 1.0000e-03 eta 0:00:01 user 5
epoch [1/1] batch [5/9] time 0.071 (0.201) data 0.000 (0.131) loss 0.3367 (0.3201) acc 90.6250 (91.8750) spf_gamma 0.0500 (0.0500) spf_rank 8.0000 (8.0000) lr 1.0000e-03 eta 0:00:00 user 5
epoch [1/1] batch [6/9] time 0.065 (0.179) data 0.000 (0.109) loss 0.3758 (0.3294) acc 90.6250 (91.6667) spf_gamma 0.0500 (0.0500) spf_rank 8.0000 (8.0000) lr 1.0000e-03 eta 0:00:00 user 5
epoch [1/1] batch [7/9] time 0.067 (0.163) data 0.000 (0.093) loss 0.2494 (0.3180) acc 90.6250 (91.5179) spf_gamma 0.0500 (0.0500) spf_rank 8.0000 (8.0000) lr 1.0000e-03 eta 0:00:00 user 5
epoch [1/1] batch [8/9] time 0.063 (0.150) data 0.000 (0.082) loss 0.2935 (0.3149) acc 87.5000 (91.0156) spf_gamma 0.0500 (0.0500) spf_rank 8.0000 (8.0000) lr 1.0000e-03 eta 0:00:00 user 5
epoch [1/1] batch [9/9] time 0.064 (0.141) data 0.000 (0.073) loss 0.2522 (0.3079) acc 90.6250 (90.9722) spf_gamma 0.0500 (0.0500) spf_rank 8.0000 (8.0000) lr 1.0000e-03 eta 0:00:00 user 5
Finish training: 5 user
Deploy the last-epoch model
5 User, Elapsed: 0:00:01
------------local train finish epoch: 19 -------------
------------local test start-------------
Evaluate on the client0_test set
  0%|          | 0/3 [00:00<?, ?it/s] 33%|███▎      | 1/3 [00:01<00:02,  1.15s/it] 67%|██████▋   | 2/3 [00:01<00:00,  1.75it/s]100%|██████████| 3/3 [00:01<00:00,  2.05it/s]
=> result
* total: 269
* correct: 246
* accuracy: 91.4%
* error: 8.6%
* macro_f1: 89.6%
Evaluate on the client1_test set
  0%|          | 0/3 [00:00<?, ?it/s] 33%|███▎      | 1/3 [00:01<00:02,  1.05s/it] 67%|██████▋   | 2/3 [00:01<00:00,  1.88it/s]100%|██████████| 3/3 [00:01<00:00,  2.16it/s]
=> result
* total: 293
* correct: 256
* accuracy: 87.4%
* error: 12.6%
* macro_f1: 79.8%
Evaluate on the client2_test set
  0%|          | 0/1 [00:00<?, ?it/s]100%|██████████| 1/1 [00:01<00:00,  1.10s/it]100%|██████████| 1/1 [00:01<00:00,  1.20s/it]
=> result
* total: 44
* correct: 43
* accuracy: 97.7%
* error: 2.3%
* macro_f1: 98.0%
Evaluate on the client3_test set
  0%|          | 0/1 [00:00<?, ?it/s]100%|██████████| 1/1 [00:01<00:00,  1.24s/it]100%|██████████| 1/1 [00:01<00:00,  1.34s/it]
=> result
* total: 54
* correct: 49
* accuracy: 90.7%
* error: 9.3%
* macro_f1: 80.9%
Evaluate on the client4_test set
  0%|          | 0/1 [00:00<?, ?it/s]100%|██████████| 1/1 [00:00<00:00,  1.12it/s]100%|██████████| 1/1 [00:00<00:00,  1.01it/s]
=> result
* total: 69
* correct: 67
* accuracy: 97.1%
* error: 2.9%
* macro_f1: 97.4%
Evaluate on the client5_test set
  0%|          | 0/1 [00:00<?, ?it/s]100%|██████████| 1/1 [00:01<00:00,  1.06s/it]100%|██████████| 1/1 [00:01<00:00,  1.15s/it]=> result
* total: 89
* correct: 88
* accuracy: 98.9%
* error: 1.1%
* macro_f1: 99.3%
0 --Local test acc: 91.44981412639405
1 --Local test acc: 87.37201365187714
2 --Local test acc: 97.72727272727273
3 --Local test acc: 90.74074074074075
4 --Local test acc: 97.10144927536231
5 --Local test acc: 98.87640449438203
--Global test acc: 93.87794916933818
Epoch:19
------------local test finish-------------
idxs_users [0, 1, 2, 3, 4, 5]
------------local train start epoch: 20 -------------

epoch [1/1] batch [10/35] time 0.066 (0.147) data 0.000 (0.070) loss 0.1939 (0.3661) acc 93.7500 (88.1250) spf_gamma 0.0500 (0.0500) spf_rank 8.0000 (8.0000) lr 1.0000e-03 eta 0:00:03 user 0
epoch [1/1] batch [20/35] time 0.064 (0.110) data 0.000 (0.035) loss 0.6812 (0.3966) acc 90.6250 (89.0625) spf_gamma 0.0500 (0.0500) spf_rank 8.0000 (8.0000) lr 1.0000e-03 eta 0:00:01 user 0
epoch [1/1] batch [30/35] time 0.063 (0.095) data 0.000 (0.023) loss 0.4373 (0.3623) acc 84.3750 (89.5833) spf_gamma 0.0500 (0.0500) spf_rank 8.0000 (8.0000) lr 1.0000e-03 eta 0:00:00 user 0
Finish training: 0 user
Deploy the last-epoch model
0 User, Elapsed: 0:00:03
epoch [1/1] batch [10/35] time 0.075 (0.140) data 0.000 (0.066) loss 0.7095 (0.5487) acc 78.1250 (83.1250) spf_gamma 0.0500 (0.0500) spf_rank 8.0000 (8.0000) lr 1.0000e-03 eta 0:00:03 user 1
epoch [1/1] batch [20/35] time 0.068 (0.102) data 0.000 (0.033) loss 0.4497 (0.5702) acc 87.5000 (82.1875) spf_gamma 0.0500 (0.0500) spf_rank 8.0000 (8.0000) lr 1.0000e-03 eta 0:00:01 user 1
epoch [1/1] batch [30/35] time 0.072 (0.091) data 0.000 (0.022) loss 0.8843 (0.5396) acc 71.8750 (83.3333) spf_gamma 0.0500 (0.0500) spf_rank 8.0000 (8.0000) lr 1.0000e-03 eta 0:00:00 user 1
Finish training: 1 user
Deploy the last-epoch model
1 User, Elapsed: 0:00:03
epoch [1/1] batch [1/6] time 0.938 (0.938) data 0.864 (0.864) loss 0.4871 (0.4871) acc 87.5000 (87.5000) spf_gamma 0.0500 (0.0500) spf_rank 8.0000 (8.0000) lr 1.0000e-03 eta 0:00:04 user 2
epoch [1/1] batch [2/6] time 0.083 (0.510) data 0.000 (0.432) loss 0.0812 (0.2841) acc 100.0000 (93.7500) spf_gamma 0.0500 (0.0500) spf_rank 8.0000 (8.0000) lr 1.0000e-03 eta 0:00:02 user 2
epoch [1/1] batch [3/6] time 0.082 (0.368) data 0.000 (0.288) loss 0.1761 (0.2481) acc 93.7500 (93.7500) spf_gamma 0.0500 (0.0500) spf_rank 8.0000 (8.0000) lr 1.0000e-03 eta 0:00:01 user 2
epoch [1/1] batch [4/6] time 0.072 (0.294) data 0.000 (0.216) loss 0.1105 (0.2137) acc 93.7500 (93.7500) spf_gamma 0.0500 (0.0500) spf_rank 8.0000 (8.0000) lr 1.0000e-03 eta 0:00:00 user 2
epoch [1/1] batch [5/6] time 0.074 (0.250) data 0.000 (0.173) loss 0.1504 (0.2011) acc 96.8750 (94.3750) spf_gamma 0.0500 (0.0500) spf_rank 8.0000 (8.0000) lr 1.0000e-03 eta 0:00:00 user 2
epoch [1/1] batch [6/6] time 0.080 (0.222) data 0.000 (0.144) loss 0.4256 (0.2385) acc 87.5000 (93.2292) spf_gamma 0.0500 (0.0500) spf_rank 8.0000 (8.0000) lr 1.0000e-03 eta 0:00:00 user 2
Finish training: 2 user
Deploy the last-epoch model
2 User, Elapsed: 0:00:01
epoch [1/1] batch [1/5] time 0.955 (0.955) data 0.875 (0.875) loss 0.1686 (0.1686) acc 90.6250 (90.6250) spf_gamma 0.0500 (0.0500) spf_rank 8.0000 (8.0000) lr 1.0000e-03 eta 0:00:03 user 3
epoch [1/1] batch [2/5] time 0.076 (0.515) data 0.000 (0.437) loss 0.4070 (0.2878) acc 90.6250 (90.6250) spf_gamma 0.0500 (0.0500) spf_rank 8.0000 (8.0000) lr 1.0000e-03 eta 0:00:01 user 3
epoch [1/1] batch [3/5] time 0.080 (0.370) data 0.000 (0.292) loss 0.3394 (0.3050) acc 93.7500 (91.6667) spf_gamma 0.0500 (0.0500) spf_rank 8.0000 (8.0000) lr 1.0000e-03 eta 0:00:00 user 3
epoch [1/1] batch [4/5] time 0.071 (0.295) data 0.000 (0.219) loss 0.4363 (0.3378) acc 84.3750 (89.8438) spf_gamma 0.0500 (0.0500) spf_rank 8.0000 (8.0000) lr 1.0000e-03 eta 0:00:00 user 3
epoch [1/1] batch [5/5] time 0.063 (0.249) data 0.000 (0.175) loss 0.5186 (0.3740) acc 78.1250 (87.5000) spf_gamma 0.0500 (0.0500) spf_rank 8.0000 (8.0000) lr 1.0000e-03 eta 0:00:00 user 3
Finish training: 3 user
Deploy the last-epoch model
3 User, Elapsed: 0:00:01
epoch [1/1] batch [10/10] time 0.076 (0.138) data 0.000 (0.065) loss 0.2849 (0.3191) acc 87.5000 (92.1875) spf_gamma 0.0500 (0.0500) spf_rank 8.0000 (8.0000) lr 1.0000e-03 eta 0:00:00 user 4
Finish training: 4 user
Deploy the last-epoch model
4 User, Elapsed: 0:00:02
epoch [1/1] batch [1/9] time 0.749 (0.749) data 0.676 (0.676) loss 0.0535 (0.0535) acc 100.0000 (100.0000) spf_gamma 0.0500 (0.0500) spf_rank 8.0000 (8.0000) lr 1.0000e-03 eta 0:00:05 user 5
epoch [1/1] batch [2/9] time 0.074 (0.412) data 0.000 (0.338) loss 0.2143 (0.1339) acc 93.7500 (96.8750) spf_gamma 0.0500 (0.0500) spf_rank 8.0000 (8.0000) lr 1.0000e-03 eta 0:00:02 user 5
epoch [1/1] batch [3/9] time 0.067 (0.297) data 0.000 (0.225) loss 0.0713 (0.1130) acc 96.8750 (96.8750) spf_gamma 0.0500 (0.0500) spf_rank 8.0000 (8.0000) lr 1.0000e-03 eta 0:00:01 user 5
epoch [1/1] batch [4/9] time 0.068 (0.240) data 0.000 (0.169) loss 0.3023 (0.1603) acc 87.5000 (94.5312) spf_gamma 0.0500 (0.0500) spf_rank 8.0000 (8.0000) lr 1.0000e-03 eta 0:00:01 user 5
epoch [1/1] batch [5/9] time 0.068 (0.205) data 0.000 (0.135) loss 0.3216 (0.1926) acc 90.6250 (93.7500) spf_gamma 0.0500 (0.0500) spf_rank 8.0000 (8.0000) lr 1.0000e-03 eta 0:00:00 user 5
epoch [1/1] batch [6/9] time 0.069 (0.183) data 0.000 (0.113) loss 0.1638 (0.1878) acc 90.6250 (93.2292) spf_gamma 0.0500 (0.0500) spf_rank 8.0000 (8.0000) lr 1.0000e-03 eta 0:00:00 user 5
epoch [1/1] batch [7/9] time 0.070 (0.167) data 0.000 (0.097) loss 0.3457 (0.2103) acc 93.7500 (93.3036) spf_gamma 0.0500 (0.0500) spf_rank 8.0000 (8.0000) lr 1.0000e-03 eta 0:00:00 user 5
epoch [1/1] batch [8/9] time 0.067 (0.154) data 0.000 (0.085) loss 0.2718 (0.2180) acc 93.7500 (93.3594) spf_gamma 0.0500 (0.0500) spf_rank 8.0000 (8.0000) lr 1.0000e-03 eta 0:00:00 user 5
epoch [1/1] batch [9/9] time 0.069 (0.145) data 0.000 (0.075) loss 0.0923 (0.2040) acc 96.8750 (93.7500) spf_gamma 0.0500 (0.0500) spf_rank 8.0000 (8.0000) lr 1.0000e-03 eta 0:00:00 user 5
Finish training: 5 user
Deploy the last-epoch model
5 User, Elapsed: 0:00:01
------------local train finish epoch: 20 -------------
------------local test start-------------
Evaluate on the client0_test set
  0%|          | 0/3 [00:00<?, ?it/s] 33%|███▎      | 1/3 [00:01<00:02,  1.12s/it] 67%|██████▋   | 2/3 [00:01<00:00,  1.78it/s]100%|██████████| 3/3 [00:01<00:00,  2.08it/s]
=> result
* total: 269
* correct: 247
* accuracy: 91.8%
* error: 8.2%
* macro_f1: 89.6%
Evaluate on the client1_test set
  0%|          | 0/3 [00:00<?, ?it/s] 33%|███▎      | 1/3 [00:01<00:02,  1.44s/it] 67%|██████▋   | 2/3 [00:01<00:00,  1.44it/s]100%|██████████| 3/3 [00:01<00:00,  1.68it/s]
=> result
* total: 293
* correct: 257
* accuracy: 87.7%
* error: 12.3%
* macro_f1: 80.6%
Evaluate on the client2_test set
  0%|          | 0/1 [00:00<?, ?it/s]100%|██████████| 1/1 [00:01<00:00,  1.12s/it]100%|██████████| 1/1 [00:01<00:00,  1.21s/it]
=> result
* total: 44
* correct: 44
* accuracy: 100.0%
* error: 0.0%
* macro_f1: 100.0%
Evaluate on the client3_test set
  0%|          | 0/1 [00:00<?, ?it/s]100%|██████████| 1/1 [00:01<00:00,  1.28s/it]100%|██████████| 1/1 [00:01<00:00,  1.46s/it]
=> result
* total: 54
* correct: 50
* accuracy: 92.6%
* error: 7.4%
* macro_f1: 84.5%
Evaluate on the client4_test set
  0%|          | 0/1 [00:00<?, ?it/s]100%|██████████| 1/1 [00:01<00:00,  1.07s/it]100%|██████████| 1/1 [00:01<00:00,  1.20s/it]
=> result
* total: 69
* correct: 68
* accuracy: 98.6%
* error: 1.4%
* macro_f1: 99.1%
Evaluate on the client5_test set
  0%|          | 0/1 [00:00<?, ?it/s]100%|██████████| 1/1 [00:01<00:00,  1.16s/it]100%|██████████| 1/1 [00:01<00:00,  1.27s/it]=> result
* total: 89
* correct: 87
* accuracy: 97.8%
* error: 2.2%
* macro_f1: 94.6%
0 --Local test acc: 91.82156133828997
1 --Local test acc: 87.71331058020478
2 --Local test acc: 100.0
3 --Local test acc: 92.5925925925926
4 --Local test acc: 98.55072463768116
5 --Local test acc: 97.75280898876404
--Global test acc: 94.73849968958876
Epoch:20
------------local test finish-------------
idxs_users [0, 1, 2, 3, 4, 5]
------------local train start epoch: 21 -------------

epoch [1/1] batch [10/35] time 0.066 (0.145) data 0.000 (0.070) loss 0.5479 (0.3777) acc 87.5000 (91.5625) spf_gamma 0.0500 (0.0500) spf_rank 8.0000 (8.0000) lr 1.0000e-03 eta 0:00:03 user 0
epoch [1/1] batch [20/35] time 0.064 (0.108) data 0.000 (0.035) loss 0.1607 (0.3515) acc 100.0000 (91.0938) spf_gamma 0.0500 (0.0500) spf_rank 8.0000 (8.0000) lr 1.0000e-03 eta 0:00:01 user 0
epoch [1/1] batch [30/35] time 0.064 (0.094) data 0.000 (0.023) loss 0.4046 (0.3600) acc 90.6250 (90.7292) spf_gamma 0.0500 (0.0500) spf_rank 8.0000 (8.0000) lr 1.0000e-03 eta 0:00:00 user 0
Finish training: 0 user
Deploy the last-epoch model
0 User, Elapsed: 0:00:03
epoch [1/1] batch [10/35] time 0.076 (0.143) data 0.000 (0.064) loss 0.5386 (0.5555) acc 78.1250 (82.1875) spf_gamma 0.0500 (0.0500) spf_rank 8.0000 (8.0000) lr 1.0000e-03 eta 0:00:03 user 1
epoch [1/1] batch [20/35] time 0.073 (0.106) data 0.000 (0.032) loss 0.9781 (0.5439) acc 78.1250 (82.9688) spf_gamma 0.0500 (0.0500) spf_rank 8.0000 (8.0000) lr 1.0000e-03 eta 0:00:01 user 1
epoch [1/1] batch [30/35] time 0.076 (0.093) data 0.000 (0.022) loss 0.6875 (0.5640) acc 78.1250 (81.9792) spf_gamma 0.0500 (0.0500) spf_rank 8.0000 (8.0000) lr 1.0000e-03 eta 0:00:00 user 1
Finish training: 1 user
Deploy the last-epoch model
1 User, Elapsed: 0:00:03
epoch [1/1] batch [1/6] time 0.912 (0.912) data 0.846 (0.846) loss 0.2537 (0.2537) acc 93.7500 (93.7500) spf_gamma 0.0500 (0.0500) spf_rank 8.0000 (8.0000) lr 1.0000e-03 eta 0:00:04 user 2
epoch [1/1] batch [2/6] time 0.064 (0.488) data 0.000 (0.423) loss 0.1101 (0.1819) acc 96.8750 (95.3125) spf_gamma 0.0500 (0.0500) spf_rank 8.0000 (8.0000) lr 1.0000e-03 eta 0:00:01 user 2
epoch [1/1] batch [3/6] time 0.064 (0.346) data 0.000 (0.282) loss 0.1576 (0.1738) acc 93.7500 (94.7917) spf_gamma 0.0500 (0.0500) spf_rank 8.0000 (8.0000) lr 1.0000e-03 eta 0:00:01 user 2
epoch [1/1] batch [4/6] time 0.064 (0.276) data 0.000 (0.212) loss 0.0910 (0.1531) acc 100.0000 (96.0938) spf_gamma 0.0500 (0.0500) spf_rank 8.0000 (8.0000) lr 1.0000e-03 eta 0:00:00 user 2
epoch [1/1] batch [5/6] time 0.064 (0.233) data 0.000 (0.169) loss 0.2379 (0.1701) acc 90.6250 (95.0000) spf_gamma 0.0500 (0.0500) spf_rank 8.0000 (8.0000) lr 1.0000e-03 eta 0:00:00 user 2
epoch [1/1] batch [6/6] time 0.064 (0.205) data 0.000 (0.141) loss 0.3709 (0.2035) acc 90.6250 (94.2708) spf_gamma 0.0500 (0.0500) spf_rank 8.0000 (8.0000) lr 1.0000e-03 eta 0:00:00 user 2
Finish training: 2 user
Deploy the last-epoch model
2 User, Elapsed: 0:00:01
epoch [1/1] batch [1/5] time 0.915 (0.915) data 0.842 (0.842) loss 0.0648 (0.0648) acc 100.0000 (100.0000) spf_gamma 0.0500 (0.0500) spf_rank 8.0000 (8.0000) lr 1.0000e-03 eta 0:00:03 user 3
epoch [1/1] batch [2/5] time 0.074 (0.495) data 0.000 (0.421) loss 0.1137 (0.0893) acc 96.8750 (98.4375) spf_gamma 0.0500 (0.0500) spf_rank 8.0000 (8.0000) lr 1.0000e-03 eta 0:00:01 user 3
epoch [1/1] batch [3/5] time 0.073 (0.354) data 0.000 (0.281) loss 0.1469 (0.1085) acc 96.8750 (97.9167) spf_gamma 0.0500 (0.0500) spf_rank 8.0000 (8.0000) lr 1.0000e-03 eta 0:00:00 user 3
epoch [1/1] batch [4/5] time 0.073 (0.284) data 0.000 (0.211) loss 0.2383 (0.1409) acc 93.7500 (96.8750) spf_gamma 0.0500 (0.0500) spf_rank 8.0000 (8.0000) lr 1.0000e-03 eta 0:00:00 user 3
epoch [1/1] batch [5/5] time 0.071 (0.241) data 0.000 (0.169) loss 0.2893 (0.1706) acc 90.6250 (95.6250) spf_gamma 0.0500 (0.0500) spf_rank 8.0000 (8.0000) lr 1.0000e-03 eta 0:00:00 user 3
Finish training: 3 user
Deploy the last-epoch model
3 User, Elapsed: 0:00:01
epoch [1/1] batch [10/10] time 0.064 (0.141) data 0.000 (0.066) loss 0.4209 (0.3045) acc 87.5000 (89.6875) spf_gamma 0.0500 (0.0500) spf_rank 8.0000 (8.0000) lr 1.0000e-03 eta 0:00:00 user 4
Finish training: 4 user
Deploy the last-epoch model
4 User, Elapsed: 0:00:02
epoch [1/1] batch [1/9] time 0.771 (0.771) data 0.682 (0.682) loss 0.3489 (0.3489) acc 93.7500 (93.7500) spf_gamma 0.0500 (0.0500) spf_rank 8.0000 (8.0000) lr 1.0000e-03 eta 0:00:06 user 5
epoch [1/1] batch [2/9] time 0.067 (0.419) data 0.000 (0.341) loss 0.1770 (0.2630) acc 93.7500 (93.7500) spf_gamma 0.0500 (0.0500) spf_rank 8.0000 (8.0000) lr 1.0000e-03 eta 0:00:02 user 5
epoch [1/1] batch [3/9] time 0.074 (0.304) data 0.000 (0.227) loss 0.2517 (0.2592) acc 96.8750 (94.7917) spf_gamma 0.0500 (0.0500) spf_rank 8.0000 (8.0000) lr 1.0000e-03 eta 0:00:01 user 5
epoch [1/1] batch [4/9] time 0.065 (0.244) data 0.000 (0.171) loss 0.3889 (0.2917) acc 93.7500 (94.5312) spf_gamma 0.0500 (0.0500) spf_rank 8.0000 (8.0000) lr 1.0000e-03 eta 0:00:01 user 5
epoch [1/1] batch [5/9] time 0.067 (0.209) data 0.000 (0.137) loss 0.1206 (0.2574) acc 96.8750 (95.0000) spf_gamma 0.0500 (0.0500) spf_rank 8.0000 (8.0000) lr 1.0000e-03 eta 0:00:00 user 5
epoch [1/1] batch [6/9] time 0.072 (0.186) data 0.000 (0.114) loss 0.4951 (0.2971) acc 90.6250 (94.2708) spf_gamma 0.0500 (0.0500) spf_rank 8.0000 (8.0000) lr 1.0000e-03 eta 0:00:00 user 5
epoch [1/1] batch [7/9] time 0.072 (0.170) data 0.000 (0.098) loss 0.1424 (0.2750) acc 96.8750 (94.6429) spf_gamma 0.0500 (0.0500) spf_rank 8.0000 (8.0000) lr 1.0000e-03 eta 0:00:00 user 5
epoch [1/1] batch [8/9] time 0.072 (0.158) data 0.000 (0.085) loss 0.1417 (0.2583) acc 90.6250 (94.1406) spf_gamma 0.0500 (0.0500) spf_rank 8.0000 (8.0000) lr 1.0000e-03 eta 0:00:00 user 5
epoch [1/1] batch [9/9] time 0.072 (0.148) data 0.000 (0.076) loss 0.4932 (0.2844) acc 84.3750 (93.0556) spf_gamma 0.0500 (0.0500) spf_rank 8.0000 (8.0000) lr 1.0000e-03 eta 0:00:00 user 5
Finish training: 5 user
Deploy the last-epoch model
5 User, Elapsed: 0:00:01
------------local train finish epoch: 21 -------------
------------local test start-------------
Evaluate on the client0_test set
  0%|          | 0/3 [00:00<?, ?it/s] 33%|███▎      | 1/3 [00:01<00:02,  1.11s/it] 67%|██████▋   | 2/3 [00:01<00:00,  1.79it/s]100%|██████████| 3/3 [00:01<00:00,  2.12it/s]
=> result
* total: 269
* correct: 247
* accuracy: 91.8%
* error: 8.2%
* macro_f1: 89.7%
Evaluate on the client1_test set
  0%|          | 0/3 [00:00<?, ?it/s] 33%|███▎      | 1/3 [00:01<00:02,  1.08s/it] 67%|██████▋   | 2/3 [00:01<00:00,  1.84it/s]100%|██████████| 3/3 [00:01<00:00,  2.13it/s]
=> result
* total: 293
* correct: 259
* accuracy: 88.4%
* error: 11.6%
* macro_f1: 80.7%
Evaluate on the client2_test set
  0%|          | 0/1 [00:00<?, ?it/s]100%|██████████| 1/1 [00:01<00:00,  1.13s/it]100%|██████████| 1/1 [00:01<00:00,  1.23s/it]
=> result
* total: 44
* correct: 43
* accuracy: 97.7%
* error: 2.3%
* macro_f1: 98.4%
Evaluate on the client3_test set
  0%|          | 0/1 [00:00<?, ?it/s]100%|██████████| 1/1 [00:01<00:00,  1.26s/it]100%|██████████| 1/1 [00:01<00:00,  1.38s/it]
=> result
* total: 54
* correct: 49
* accuracy: 90.7%
* error: 9.3%
* macro_f1: 81.3%
Evaluate on the client4_test set
  0%|          | 0/1 [00:00<?, ?it/s]100%|██████████| 1/1 [00:00<00:00,  1.08it/s]100%|██████████| 1/1 [00:01<00:00,  1.04s/it]
=> result
* total: 69
* correct: 65
* accuracy: 94.2%
* error: 5.8%
* macro_f1: 95.4%
Evaluate on the client5_test set
  0%|          | 0/1 [00:00<?, ?it/s]100%|██████████| 1/1 [00:01<00:00,  1.08s/it]100%|██████████| 1/1 [00:01<00:00,  1.17s/it]=> result
* total: 89
* correct: 87
* accuracy: 97.8%
* error: 2.2%
* macro_f1: 95.3%
0 --Local test acc: 91.82156133828997
1 --Local test acc: 88.39590443686006
2 --Local test acc: 97.72727272727273
3 --Local test acc: 90.74074074074075
4 --Local test acc: 94.20289855072464
5 --Local test acc: 97.75280898876404
--Global test acc: 93.4401977971087
Epoch:21
------------local test finish-------------
idxs_users [0, 1, 2, 3, 4, 5]
------------local train start epoch: 22 -------------

epoch [1/1] batch [10/35] time 0.073 (0.145) data 0.000 (0.069) loss 0.4854 (0.3516) acc 90.6250 (89.6875) spf_gamma 0.0500 (0.0500) spf_rank 8.0000 (8.0000) lr 1.0000e-03 eta 0:00:03 user 0
epoch [1/1] batch [20/35] time 0.070 (0.109) data 0.000 (0.034) loss 0.5537 (0.3744) acc 84.3750 (90.0000) spf_gamma 0.0500 (0.0500) spf_rank 8.0000 (8.0000) lr 1.0000e-03 eta 0:00:01 user 0
epoch [1/1] batch [30/35] time 0.073 (0.096) data 0.000 (0.023) loss 0.3684 (0.3660) acc 90.6250 (90.1042) spf_gamma 0.0500 (0.0500) spf_rank 8.0000 (8.0000) lr 1.0000e-03 eta 0:00:00 user 0
Finish training: 0 user
Deploy the last-epoch model
0 User, Elapsed: 0:00:03
epoch [1/1] batch [10/35] time 0.077 (0.142) data 0.000 (0.069) loss 0.8560 (0.5564) acc 78.1250 (80.9375) spf_gamma 0.0500 (0.0500) spf_rank 8.0000 (8.0000) lr 1.0000e-03 eta 0:00:03 user 1
epoch [1/1] batch [20/35] time 0.073 (0.108) data 0.000 (0.035) loss 0.6997 (0.5627) acc 71.8750 (81.8750) spf_gamma 0.0500 (0.0500) spf_rank 8.0000 (8.0000) lr 1.0000e-03 eta 0:00:01 user 1
epoch [1/1] batch [30/35] time 0.066 (0.095) data 0.000 (0.023) loss 0.5523 (0.5731) acc 84.3750 (81.6667) spf_gamma 0.0500 (0.0500) spf_rank 8.0000 (8.0000) lr 1.0000e-03 eta 0:00:00 user 1
Finish training: 1 user
Deploy the last-epoch model
1 User, Elapsed: 0:00:03
epoch [1/1] batch [1/6] time 0.996 (0.996) data 0.923 (0.923) loss 0.3050 (0.3050) acc 90.6250 (90.6250) spf_gamma 0.0500 (0.0500) spf_rank 8.0000 (8.0000) lr 1.0000e-03 eta 0:00:04 user 2
epoch [1/1] batch [2/6] time 0.075 (0.536) data 0.000 (0.462) loss 0.2163 (0.2606) acc 90.6250 (90.6250) spf_gamma 0.0500 (0.0500) spf_rank 8.0000 (8.0000) lr 1.0000e-03 eta 0:00:02 user 2
epoch [1/1] batch [3/6] time 0.071 (0.381) data 0.000 (0.308) loss 0.3987 (0.3067) acc 93.7500 (91.6667) spf_gamma 0.0500 (0.0500) spf_rank 8.0000 (8.0000) lr 1.0000e-03 eta 0:00:01 user 2
epoch [1/1] batch [4/6] time 0.072 (0.304) data 0.000 (0.231) loss 0.2063 (0.2816) acc 93.7500 (92.1875) spf_gamma 0.0500 (0.0500) spf_rank 8.0000 (8.0000) lr 1.0000e-03 eta 0:00:00 user 2
epoch [1/1] batch [5/6] time 0.083 (0.260) data 0.000 (0.185) loss 0.0347 (0.2322) acc 100.0000 (93.7500) spf_gamma 0.0500 (0.0500) spf_rank 8.0000 (8.0000) lr 1.0000e-03 eta 0:00:00 user 2
epoch [1/1] batch [6/6] time 0.076 (0.229) data 0.000 (0.154) loss 0.1858 (0.2245) acc 96.8750 (94.2708) spf_gamma 0.0500 (0.0500) spf_rank 8.0000 (8.0000) lr 1.0000e-03 eta 0:00:00 user 2
Finish training: 2 user
Deploy the last-epoch model
2 User, Elapsed: 0:00:01
epoch [1/1] batch [1/5] time 0.952 (0.952) data 0.874 (0.874) loss 0.2069 (0.2069) acc 93.7500 (93.7500) spf_gamma 0.0500 (0.0500) spf_rank 8.0000 (8.0000) lr 1.0000e-03 eta 0:00:03 user 3
epoch [1/1] batch [2/5] time 0.066 (0.509) data 0.000 (0.437) loss 0.0996 (0.1533) acc 96.8750 (95.3125) spf_gamma 0.0500 (0.0500) spf_rank 8.0000 (8.0000) lr 1.0000e-03 eta 0:00:01 user 3
epoch [1/1] batch [3/5] time 0.069 (0.362) data 0.000 (0.291) loss 0.1100 (0.1389) acc 96.8750 (95.8333) spf_gamma 0.0500 (0.0500) spf_rank 8.0000 (8.0000) lr 1.0000e-03 eta 0:00:00 user 3
epoch [1/1] batch [4/5] time 0.069 (0.289) data 0.000 (0.219) loss 0.5513 (0.2420) acc 84.3750 (92.9688) spf_gamma 0.0500 (0.0500) spf_rank 8.0000 (8.0000) lr 1.0000e-03 eta 0:00:00 user 3
epoch [1/1] batch [5/5] time 0.065 (0.244) data 0.000 (0.175) loss 0.4671 (0.2870) acc 90.6250 (92.5000) spf_gamma 0.0500 (0.0500) spf_rank 8.0000 (8.0000) lr 1.0000e-03 eta 0:00:00 user 3
Finish training: 3 user
Deploy the last-epoch model
3 User, Elapsed: 0:00:01
epoch [1/1] batch [10/10] time 0.081 (0.145) data 0.000 (0.072) loss 0.2461 (0.3214) acc 87.5000 (91.8750) spf_gamma 0.0500 (0.0500) spf_rank 8.0000 (8.0000) lr 1.0000e-03 eta 0:00:00 user 4
Finish training: 4 user
Deploy the last-epoch model
4 User, Elapsed: 0:00:02
epoch [1/1] batch [1/9] time 0.724 (0.724) data 0.648 (0.648) loss 0.3345 (0.3345) acc 90.6250 (90.6250) spf_gamma 0.0500 (0.0500) spf_rank 8.0000 (8.0000) lr 1.0000e-03 eta 0:00:05 user 5
epoch [1/1] batch [2/9] time 0.065 (0.394) data 0.000 (0.324) loss 0.0659 (0.2002) acc 100.0000 (95.3125) spf_gamma 0.0500 (0.0500) spf_rank 8.0000 (8.0000) lr 1.0000e-03 eta 0:00:02 user 5
epoch [1/1] batch [3/9] time 0.068 (0.285) data 0.000 (0.216) loss 0.2431 (0.2145) acc 93.7500 (94.7917) spf_gamma 0.0500 (0.0500) spf_rank 8.0000 (8.0000) lr 1.0000e-03 eta 0:00:01 user 5
epoch [1/1] batch [4/9] time 0.071 (0.232) data 0.000 (0.162) loss 0.1613 (0.2012) acc 93.7500 (94.5312) spf_gamma 0.0500 (0.0500) spf_rank 8.0000 (8.0000) lr 1.0000e-03 eta 0:00:01 user 5
epoch [1/1] batch [5/9] time 0.075 (0.201) data 0.000 (0.130) loss 0.3772 (0.2364) acc 90.6250 (93.7500) spf_gamma 0.0500 (0.0500) spf_rank 8.0000 (8.0000) lr 1.0000e-03 eta 0:00:00 user 5
epoch [1/1] batch [6/9] time 0.065 (0.178) data 0.000 (0.108) loss 0.3894 (0.2619) acc 84.3750 (92.1875) spf_gamma 0.0500 (0.0500) spf_rank 8.0000 (8.0000) lr 1.0000e-03 eta 0:00:00 user 5
epoch [1/1] batch [7/9] time 0.069 (0.162) data 0.000 (0.093) loss 0.4785 (0.2929) acc 87.5000 (91.5179) spf_gamma 0.0500 (0.0500) spf_rank 8.0000 (8.0000) lr 1.0000e-03 eta 0:00:00 user 5
epoch [1/1] batch [8/9] time 0.065 (0.150) data 0.000 (0.081) loss 0.5025 (0.3191) acc 90.6250 (91.4062) spf_gamma 0.0500 (0.0500) spf_rank 8.0000 (8.0000) lr 1.0000e-03 eta 0:00:00 user 5
epoch [1/1] batch [9/9] time 0.063 (0.141) data 0.000 (0.072) loss 0.2925 (0.3161) acc 93.7500 (91.6667) spf_gamma 0.0500 (0.0500) spf_rank 8.0000 (8.0000) lr 1.0000e-03 eta 0:00:00 user 5
Finish training: 5 user
Deploy the last-epoch model
5 User, Elapsed: 0:00:01
------------local train finish epoch: 22 -------------
------------local test start-------------
Evaluate on the client0_test set
  0%|          | 0/3 [00:00<?, ?it/s] 33%|███▎      | 1/3 [00:01<00:02,  1.13s/it] 67%|██████▋   | 2/3 [00:01<00:00,  1.78it/s]100%|██████████| 3/3 [00:01<00:00,  2.10it/s]
=> result
* total: 269
* correct: 245
* accuracy: 91.1%
* error: 8.9%
* macro_f1: 88.6%
Evaluate on the client1_test set
  0%|          | 0/3 [00:00<?, ?it/s] 33%|███▎      | 1/3 [00:01<00:02,  1.11s/it] 67%|██████▋   | 2/3 [00:01<00:00,  1.80it/s]100%|██████████| 3/3 [00:01<00:00,  2.08it/s]
=> result
* total: 293
* correct: 259
* accuracy: 88.4%
* error: 11.6%
* macro_f1: 80.8%
Evaluate on the client2_test set
  0%|          | 0/1 [00:00<?, ?it/s]100%|██████████| 1/1 [00:01<00:00,  1.09s/it]100%|██████████| 1/1 [00:01<00:00,  1.18s/it]
=> result
* total: 44
* correct: 40
* accuracy: 90.9%
* error: 9.1%
* macro_f1: 89.5%
Evaluate on the client3_test set
  0%|          | 0/1 [00:00<?, ?it/s]100%|██████████| 1/1 [00:01<00:00,  1.17s/it]100%|██████████| 1/1 [00:01<00:00,  1.26s/it]
=> result
* total: 54
* correct: 49
* accuracy: 90.7%
* error: 9.3%
* macro_f1: 80.9%
Evaluate on the client4_test set
  0%|          | 0/1 [00:00<?, ?it/s]100%|██████████| 1/1 [00:00<00:00,  1.04it/s]100%|██████████| 1/1 [00:01<00:00,  1.06s/it]
=> result
* total: 69
* correct: 65
* accuracy: 94.2%
* error: 5.8%
* macro_f1: 95.1%
Evaluate on the client5_test set
  0%|          | 0/1 [00:00<?, ?it/s]100%|██████████| 1/1 [00:01<00:00,  1.05s/it]100%|██████████| 1/1 [00:01<00:00,  1.17s/it]=> result
* total: 89
* correct: 86
* accuracy: 96.6%
* error: 3.4%
* macro_f1: 93.7%
0 --Local test acc: 91.07806691449814
1 --Local test acc: 88.39590443686006
2 --Local test acc: 90.9090909090909
3 --Local test acc: 90.74074074074075
4 --Local test acc: 94.20289855072464
5 --Local test acc: 96.62921348314607
--Global test acc: 91.99265250584342
Epoch:22
------------local test finish-------------
idxs_users [0, 1, 2, 3, 4, 5]
------------local train start epoch: 23 -------------

epoch [1/1] batch [10/35] time 0.064 (0.137) data 0.000 (0.068) loss 0.2796 (0.3635) acc 90.6250 (90.3125) spf_gamma 0.0500 (0.0500) spf_rank 8.0000 (8.0000) lr 1.0000e-03 eta 0:00:03 user 0
epoch [1/1] batch [20/35] time 0.064 (0.101) data 0.000 (0.034) loss 0.2223 (0.3465) acc 93.7500 (90.1562) spf_gamma 0.0500 (0.0500) spf_rank 8.0000 (8.0000) lr 1.0000e-03 eta 0:00:01 user 0
epoch [1/1] batch [30/35] time 0.063 (0.088) data 0.000 (0.023) loss 0.9302 (0.3700) acc 81.2500 (89.5833) spf_gamma 0.0500 (0.0500) spf_rank 8.0000 (8.0000) lr 1.0000e-03 eta 0:00:00 user 0
Finish training: 0 user
Deploy the last-epoch model
0 User, Elapsed: 0:00:03
epoch [1/1] batch [10/35] time 0.072 (0.140) data 0.000 (0.058) loss 0.5493 (0.4521) acc 90.6250 (86.8750) spf_gamma 0.0500 (0.0500) spf_rank 8.0000 (8.0000) lr 1.0000e-03 eta 0:00:03 user 1
epoch [1/1] batch [20/35] time 0.072 (0.104) data 0.000 (0.029) loss 0.6656 (0.5285) acc 81.2500 (84.3750) spf_gamma 0.0500 (0.0500) spf_rank 8.0000 (8.0000) lr 1.0000e-03 eta 0:00:01 user 1
epoch [1/1] batch [30/35] time 0.071 (0.093) data 0.000 (0.019) loss 0.5069 (0.5416) acc 90.6250 (83.3333) spf_gamma 0.0500 (0.0500) spf_rank 8.0000 (8.0000) lr 1.0000e-03 eta 0:00:00 user 1
Finish training: 1 user
Deploy the last-epoch model
1 User, Elapsed: 0:00:03
epoch [1/1] batch [1/6] time 0.960 (0.960) data 0.886 (0.886) loss 0.1624 (0.1624) acc 96.8750 (96.8750) spf_gamma 0.0500 (0.0500) spf_rank 8.0000 (8.0000) lr 1.0000e-03 eta 0:00:04 user 2
epoch [1/1] batch [2/6] time 0.068 (0.514) data 0.000 (0.443) loss 0.0748 (0.1186) acc 100.0000 (98.4375) spf_gamma 0.0500 (0.0500) spf_rank 8.0000 (8.0000) lr 1.0000e-03 eta 0:00:02 user 2
epoch [1/1] batch [3/6] time 0.075 (0.367) data 0.000 (0.296) loss 0.1465 (0.1279) acc 93.7500 (96.8750) spf_gamma 0.0500 (0.0500) spf_rank 8.0000 (8.0000) lr 1.0000e-03 eta 0:00:01 user 2
epoch [1/1] batch [4/6] time 0.076 (0.295) data 0.000 (0.222) loss 0.1605 (0.1361) acc 96.8750 (96.8750) spf_gamma 0.0500 (0.0500) spf_rank 8.0000 (8.0000) lr 1.0000e-03 eta 0:00:00 user 2
epoch [1/1] batch [5/6] time 0.074 (0.250) data 0.000 (0.177) loss 0.3389 (0.1766) acc 93.7500 (96.2500) spf_gamma 0.0500 (0.0500) spf_rank 8.0000 (8.0000) lr 1.0000e-03 eta 0:00:00 user 2
epoch [1/1] batch [6/6] time 0.067 (0.220) data 0.000 (0.148) loss 0.3411 (0.2040) acc 87.5000 (94.7917) spf_gamma 0.0500 (0.0500) spf_rank 8.0000 (8.0000) lr 1.0000e-03 eta 0:00:00 user 2
Finish training: 2 user
Deploy the last-epoch model
2 User, Elapsed: 0:00:01
epoch [1/1] batch [1/5] time 0.928 (0.928) data 0.851 (0.851) loss 0.2281 (0.2281) acc 90.6250 (90.6250) spf_gamma 0.0500 (0.0500) spf_rank 8.0000 (8.0000) lr 1.0000e-03 eta 0:00:03 user 3
epoch [1/1] batch [2/5] time 0.073 (0.500) data 0.000 (0.426) loss 0.2691 (0.2486) acc 93.7500 (92.1875) spf_gamma 0.0500 (0.0500) spf_rank 8.0000 (8.0000) lr 1.0000e-03 eta 0:00:01 user 3
epoch [1/1] batch [3/5] time 0.064 (0.355) data 0.000 (0.284) loss 0.3677 (0.2883) acc 90.6250 (91.6667) spf_gamma 0.0500 (0.0500) spf_rank 8.0000 (8.0000) lr 1.0000e-03 eta 0:00:00 user 3
epoch [1/1] batch [4/5] time 0.067 (0.283) data 0.000 (0.213) loss 0.4219 (0.3217) acc 90.6250 (91.4062) spf_gamma 0.0500 (0.0500) spf_rank 8.0000 (8.0000) lr 1.0000e-03 eta 0:00:00 user 3
epoch [1/1] batch [5/5] time 0.066 (0.240) data 0.000 (0.170) loss 0.3802 (0.3334) acc 87.5000 (90.6250) spf_gamma 0.0500 (0.0500) spf_rank 8.0000 (8.0000) lr 1.0000e-03 eta 0:00:00 user 3
Finish training: 3 user
Deploy the last-epoch model
3 User, Elapsed: 0:00:01
epoch [1/1] batch [10/10] time 0.064 (0.146) data 0.000 (0.079) loss 0.5171 (0.2931) acc 87.5000 (91.8750) spf_gamma 0.0500 (0.0500) spf_rank 8.0000 (8.0000) lr 1.0000e-03 eta 0:00:00 user 4
Finish training: 4 user
Deploy the last-epoch model
4 User, Elapsed: 0:00:02
epoch [1/1] batch [1/9] time 0.777 (0.777) data 0.710 (0.710) loss 0.3301 (0.3301) acc 90.6250 (90.6250) spf_gamma 0.0500 (0.0500) spf_rank 8.0000 (8.0000) lr 1.0000e-03 eta 0:00:06 user 5
epoch [1/1] batch [2/9] time 0.074 (0.425) data 0.000 (0.355) loss 0.2991 (0.3146) acc 90.6250 (90.6250) spf_gamma 0.0500 (0.0500) spf_rank 8.0000 (8.0000) lr 1.0000e-03 eta 0:00:02 user 5
epoch [1/1] batch [3/9] time 0.070 (0.307) data 0.000 (0.237) loss 0.2365 (0.2886) acc 93.7500 (91.6667) spf_gamma 0.0500 (0.0500) spf_rank 8.0000 (8.0000) lr 1.0000e-03 eta 0:00:01 user 5
epoch [1/1] batch [4/9] time 0.064 (0.246) data 0.000 (0.178) loss 0.4011 (0.3167) acc 93.7500 (92.1875) spf_gamma 0.0500 (0.0500) spf_rank 8.0000 (8.0000) lr 1.0000e-03 eta 0:00:01 user 5
epoch [1/1] batch [5/9] time 0.065 (0.210) data 0.000 (0.142) loss 0.4246 (0.3383) acc 87.5000 (91.2500) spf_gamma 0.0500 (0.0500) spf_rank 8.0000 (8.0000) lr 1.0000e-03 eta 0:00:00 user 5
epoch [1/1] batch [6/9] time 0.064 (0.186) data 0.000 (0.118) loss 0.4522 (0.3573) acc 84.3750 (90.1042) spf_gamma 0.0500 (0.0500) spf_rank 8.0000 (8.0000) lr 1.0000e-03 eta 0:00:00 user 5
epoch [1/1] batch [7/9] time 0.069 (0.169) data 0.000 (0.101) loss 0.4668 (0.3729) acc 84.3750 (89.2857) spf_gamma 0.0500 (0.0500) spf_rank 8.0000 (8.0000) lr 1.0000e-03 eta 0:00:00 user 5
epoch [1/1] batch [8/9] time 0.074 (0.157) data 0.000 (0.089) loss 0.2080 (0.3523) acc 93.7500 (89.8438) spf_gamma 0.0500 (0.0500) spf_rank 8.0000 (8.0000) lr 1.0000e-03 eta 0:00:00 user 5
epoch [1/1] batch [9/9] time 0.071 (0.147) data 0.000 (0.079) loss 0.3958 (0.3571) acc 87.5000 (89.5833) spf_gamma 0.0500 (0.0500) spf_rank 8.0000 (8.0000) lr 1.0000e-03 eta 0:00:00 user 5
Finish training: 5 user
Deploy the last-epoch model
5 User, Elapsed: 0:00:01
------------local train finish epoch: 23 -------------
------------local test start-------------
Evaluate on the client0_test set
  0%|          | 0/3 [00:00<?, ?it/s] 33%|███▎      | 1/3 [00:01<00:02,  1.04s/it] 67%|██████▋   | 2/3 [00:01<00:00,  1.89it/s]100%|██████████| 3/3 [00:01<00:00,  2.23it/s]
=> result
* total: 269
* correct: 248
* accuracy: 92.2%
* error: 7.8%
* macro_f1: 90.5%
Evaluate on the client1_test set
  0%|          | 0/3 [00:00<?, ?it/s] 33%|███▎      | 1/3 [00:01<00:02,  1.08s/it] 67%|██████▋   | 2/3 [00:01<00:00,  1.84it/s]100%|██████████| 3/3 [00:01<00:00,  2.15it/s]
=> result
* total: 293
* correct: 260
* accuracy: 88.7%
* error: 11.3%
* macro_f1: 81.3%
Evaluate on the client2_test set
  0%|          | 0/1 [00:00<?, ?it/s]100%|██████████| 1/1 [00:01<00:00,  1.21s/it]100%|██████████| 1/1 [00:01<00:00,  1.33s/it]
=> result
* total: 44
* correct: 44
* accuracy: 100.0%
* error: 0.0%
* macro_f1: 100.0%
Evaluate on the client3_test set
  0%|          | 0/1 [00:00<?, ?it/s]100%|██████████| 1/1 [00:01<00:00,  1.43s/it]100%|██████████| 1/1 [00:01<00:00,  1.55s/it]
=> result
* total: 54
* correct: 50
* accuracy: 92.6%
* error: 7.4%
* macro_f1: 85.2%
Evaluate on the client4_test set
  0%|          | 0/1 [00:00<?, ?it/s]100%|██████████| 1/1 [00:01<00:00,  1.16s/it]100%|██████████| 1/1 [00:01<00:00,  1.28s/it]
=> result
* total: 69
* correct: 65
* accuracy: 94.2%
* error: 5.8%
* macro_f1: 92.3%
Evaluate on the client5_test set
  0%|          | 0/1 [00:00<?, ?it/s]100%|██████████| 1/1 [00:01<00:00,  1.02s/it]100%|██████████| 1/1 [00:01<00:00,  1.11s/it]=> result
* total: 89
* correct: 87
* accuracy: 97.8%
* error: 2.2%
* macro_f1: 94.6%
0 --Local test acc: 92.19330855018588
1 --Local test acc: 88.73720136518772
2 --Local test acc: 100.0
3 --Local test acc: 92.5925925925926
4 --Local test acc: 94.20289855072464
5 --Local test acc: 97.75280898876404
--Global test acc: 94.24646834124248
Epoch:23
------------local test finish-------------
idxs_users [0, 1, 2, 3, 4, 5]
------------local train start epoch: 24 -------------

epoch [1/1] batch [10/35] time 0.067 (0.133) data 0.000 (0.059) loss 0.5816 (0.3393) acc 81.2500 (88.4375) spf_gamma 0.0500 (0.0500) spf_rank 8.0000 (8.0000) lr 1.0000e-03 eta 0:00:03 user 0
epoch [1/1] batch [20/35] time 0.075 (0.102) data 0.000 (0.030) loss 0.5723 (0.3878) acc 84.3750 (88.1250) spf_gamma 0.0500 (0.0500) spf_rank 8.0000 (8.0000) lr 1.0000e-03 eta 0:00:01 user 0
epoch [1/1] batch [30/35] time 0.064 (0.090) data 0.000 (0.020) loss 0.7061 (0.3791) acc 90.6250 (88.7500) spf_gamma 0.0500 (0.0500) spf_rank 8.0000 (8.0000) lr 1.0000e-03 eta 0:00:00 user 0
Finish training: 0 user
Deploy the last-epoch model
0 User, Elapsed: 0:00:03
epoch [1/1] batch [10/35] time 0.076 (0.155) data 0.000 (0.076) loss 0.4412 (0.4533) acc 81.2500 (87.5000) spf_gamma 0.0500 (0.0500) spf_rank 8.0000 (8.0000) lr 1.0000e-03 eta 0:00:03 user 1
epoch [1/1] batch [20/35] time 0.064 (0.112) data 0.000 (0.038) loss 0.6338 (0.5359) acc 75.0000 (84.2188) spf_gamma 0.0500 (0.0500) spf_rank 8.0000 (8.0000) lr 1.0000e-03 eta 0:00:01 user 1
epoch [1/1] batch [30/35] time 0.066 (0.098) data 0.000 (0.025) loss 0.4456 (0.5308) acc 87.5000 (83.3333) spf_gamma 0.0500 (0.0500) spf_rank 8.0000 (8.0000) lr 1.0000e-03 eta 0:00:00 user 1
Finish training: 1 user
Deploy the last-epoch model
1 User, Elapsed: 0:00:03
epoch [1/1] batch [1/6] time 0.888 (0.888) data 0.801 (0.801) loss 0.0694 (0.0694) acc 96.8750 (96.8750) spf_gamma 0.0500 (0.0500) spf_rank 8.0000 (8.0000) lr 1.0000e-03 eta 0:00:04 user 2
epoch [1/1] batch [2/6] time 0.066 (0.477) data 0.000 (0.400) loss 0.1051 (0.0872) acc 96.8750 (96.8750) spf_gamma 0.0500 (0.0500) spf_rank 8.0000 (8.0000) lr 1.0000e-03 eta 0:00:01 user 2
epoch [1/1] batch [3/6] time 0.065 (0.340) data 0.000 (0.267) loss 0.1406 (0.1050) acc 93.7500 (95.8333) spf_gamma 0.0500 (0.0500) spf_rank 8.0000 (8.0000) lr 1.0000e-03 eta 0:00:01 user 2
epoch [1/1] batch [4/6] time 0.065 (0.271) data 0.000 (0.200) loss 0.1003 (0.1039) acc 96.8750 (96.0938) spf_gamma 0.0500 (0.0500) spf_rank 8.0000 (8.0000) lr 1.0000e-03 eta 0:00:00 user 2
epoch [1/1] batch [5/6] time 0.067 (0.230) data 0.000 (0.160) loss 0.2185 (0.1268) acc 93.7500 (95.6250) spf_gamma 0.0500 (0.0500) spf_rank 8.0000 (8.0000) lr 1.0000e-03 eta 0:00:00 user 2
epoch [1/1] batch [6/6] time 0.067 (0.203) data 0.000 (0.134) loss 0.1002 (0.1224) acc 96.8750 (95.8333) spf_gamma 0.0500 (0.0500) spf_rank 8.0000 (8.0000) lr 1.0000e-03 eta 0:00:00 user 2
Finish training: 2 user
Deploy the last-epoch model
2 User, Elapsed: 0:00:01
epoch [1/1] batch [1/5] time 0.918 (0.918) data 0.843 (0.843) loss 0.1159 (0.1159) acc 100.0000 (100.0000) spf_gamma 0.0500 (0.0500) spf_rank 8.0000 (8.0000) lr 1.0000e-03 eta 0:00:03 user 3
epoch [1/1] batch [2/5] time 0.064 (0.491) data 0.000 (0.422) loss 0.3347 (0.2253) acc 87.5000 (93.7500) spf_gamma 0.0500 (0.0500) spf_rank 8.0000 (8.0000) lr 1.0000e-03 eta 0:00:01 user 3
epoch [1/1] batch [3/5] time 0.072 (0.351) data 0.000 (0.281) loss 0.3152 (0.2553) acc 90.6250 (92.7083) spf_gamma 0.0500 (0.0500) spf_rank 8.0000 (8.0000) lr 1.0000e-03 eta 0:00:00 user 3
epoch [1/1] batch [4/5] time 0.065 (0.280) data 0.000 (0.211) loss 0.2361 (0.2505) acc 93.7500 (92.9688) spf_gamma 0.0500 (0.0500) spf_rank 8.0000 (8.0000) lr 1.0000e-03 eta 0:00:00 user 3
epoch [1/1] batch [5/5] time 0.068 (0.237) data 0.000 (0.169) loss 0.1042 (0.2212) acc 96.8750 (93.7500) spf_gamma 0.0500 (0.0500) spf_rank 8.0000 (8.0000) lr 1.0000e-03 eta 0:00:00 user 3
Finish training: 3 user
Deploy the last-epoch model
3 User, Elapsed: 0:00:01
epoch [1/1] batch [10/10] time 0.071 (0.141) data 0.000 (0.070) loss 0.5430 (0.2855) acc 84.3750 (93.4375) spf_gamma 0.0500 (0.0500) spf_rank 8.0000 (8.0000) lr 1.0000e-03 eta 0:00:00 user 4
Finish training: 4 user
Deploy the last-epoch model
4 User, Elapsed: 0:00:02
epoch [1/1] batch [1/9] time 0.789 (0.789) data 0.704 (0.704) loss 0.3421 (0.3421) acc 90.6250 (90.6250) spf_gamma 0.0500 (0.0500) spf_rank 8.0000 (8.0000) lr 1.0000e-03 eta 0:00:06 user 5
epoch [1/1] batch [2/9] time 0.064 (0.426) data 0.000 (0.352) loss 0.1857 (0.2639) acc 96.8750 (93.7500) spf_gamma 0.0500 (0.0500) spf_rank 8.0000 (8.0000) lr 1.0000e-03 eta 0:00:02 user 5
epoch [1/1] batch [3/9] time 0.063 (0.305) data 0.000 (0.235) loss 0.3997 (0.3091) acc 90.6250 (92.7083) spf_gamma 0.0500 (0.0500) spf_rank 8.0000 (8.0000) lr 1.0000e-03 eta 0:00:01 user 5
epoch [1/1] batch [4/9] time 0.065 (0.245) data 0.000 (0.176) loss 0.2274 (0.2887) acc 93.7500 (92.9688) spf_gamma 0.0500 (0.0500) spf_rank 8.0000 (8.0000) lr 1.0000e-03 eta 0:00:01 user 5
epoch [1/1] batch [5/9] time 0.064 (0.209) data 0.000 (0.141) loss 0.1284 (0.2567) acc 96.8750 (93.7500) spf_gamma 0.0500 (0.0500) spf_rank 8.0000 (8.0000) lr 1.0000e-03 eta 0:00:00 user 5
epoch [1/1] batch [6/9] time 0.064 (0.185) data 0.000 (0.117) loss 0.1040 (0.2312) acc 96.8750 (94.2708) spf_gamma 0.0500 (0.0500) spf_rank 8.0000 (8.0000) lr 1.0000e-03 eta 0:00:00 user 5
epoch [1/1] batch [7/9] time 0.064 (0.167) data 0.000 (0.101) loss 0.1813 (0.2241) acc 96.8750 (94.6429) spf_gamma 0.0500 (0.0500) spf_rank 8.0000 (8.0000) lr 1.0000e-03 eta 0:00:00 user 5
epoch [1/1] batch [8/9] time 0.064 (0.155) data 0.000 (0.088) loss 0.2174 (0.2233) acc 93.7500 (94.5312) spf_gamma 0.0500 (0.0500) spf_rank 8.0000 (8.0000) lr 1.0000e-03 eta 0:00:00 user 5
epoch [1/1] batch [9/9] time 0.066 (0.145) data 0.000 (0.078) loss 0.1847 (0.2190) acc 96.8750 (94.7917) spf_gamma 0.0500 (0.0500) spf_rank 8.0000 (8.0000) lr 1.0000e-03 eta 0:00:00 user 5
Finish training: 5 user
Deploy the last-epoch model
5 User, Elapsed: 0:00:01
------------local train finish epoch: 24 -------------
------------local test start-------------
Evaluate on the client0_test set
  0%|          | 0/3 [00:00<?, ?it/s] 33%|███▎      | 1/3 [00:01<00:02,  1.12s/it] 67%|██████▋   | 2/3 [00:01<00:00,  1.79it/s]100%|██████████| 3/3 [00:01<00:00,  2.12it/s]
=> result
* total: 269
* correct: 246
* accuracy: 91.4%
* error: 8.6%
* macro_f1: 89.5%
Evaluate on the client1_test set
  0%|          | 0/3 [00:00<?, ?it/s] 33%|███▎      | 1/3 [00:01<00:02,  1.10s/it] 67%|██████▋   | 2/3 [00:01<00:00,  1.81it/s]100%|██████████| 3/3 [00:01<00:00,  2.10it/s]
=> result
* total: 293
* correct: 259
* accuracy: 88.4%
* error: 11.6%
* macro_f1: 81.0%
Evaluate on the client2_test set
  0%|          | 0/1 [00:00<?, ?it/s]100%|██████████| 1/1 [00:01<00:00,  1.13s/it]100%|██████████| 1/1 [00:01<00:00,  1.25s/it]
=> result
* total: 44
* correct: 44
* accuracy: 100.0%
* error: 0.0%
* macro_f1: 100.0%
Evaluate on the client3_test set
  0%|          | 0/1 [00:00<?, ?it/s]100%|██████████| 1/1 [00:01<00:00,  1.26s/it]100%|██████████| 1/1 [00:01<00:00,  1.35s/it]
=> result
* total: 54
* correct: 50
* accuracy: 92.6%
* error: 7.4%
* macro_f1: 84.3%
Evaluate on the client4_test set
  0%|          | 0/1 [00:00<?, ?it/s]100%|██████████| 1/1 [00:00<00:00,  1.07it/s]100%|██████████| 1/1 [00:01<00:00,  1.05s/it]
=> result
* total: 69
* correct: 65
* accuracy: 94.2%
* error: 5.8%
* macro_f1: 94.5%
Evaluate on the client5_test set
  0%|          | 0/1 [00:00<?, ?it/s]100%|██████████| 1/1 [00:01<00:00,  1.05s/it]100%|██████████| 1/1 [00:01<00:00,  1.14s/it]=> result
* total: 89
* correct: 88
* accuracy: 98.9%
* error: 1.1%
* macro_f1: 95.7%
0 --Local test acc: 91.44981412639405
1 --Local test acc: 88.39590443686006
2 --Local test acc: 100.0
3 --Local test acc: 92.5925925925926
4 --Local test acc: 94.20289855072464
5 --Local test acc: 98.87640449438203
--Global test acc: 94.2529357001589
Epoch:24
------------local test finish-------------
idxs_users [0, 1, 2, 3, 4, 5]
------------local train start epoch: 25 -------------

epoch [1/1] batch [10/35] time 0.064 (0.133) data 0.000 (0.060) loss 0.5357 (0.3833) acc 81.2500 (88.1250) spf_gamma 0.0500 (0.0500) spf_rank 8.0000 (8.0000) lr 1.0000e-03 eta 0:00:03 user 0
epoch [1/1] batch [20/35] time 0.063 (0.099) data 0.000 (0.030) loss 0.2952 (0.3790) acc 93.7500 (88.4375) spf_gamma 0.0500 (0.0500) spf_rank 8.0000 (8.0000) lr 1.0000e-03 eta 0:00:01 user 0
epoch [1/1] batch [30/35] time 0.074 (0.088) data 0.000 (0.020) loss 0.6001 (0.4048) acc 81.2500 (87.8125) spf_gamma 0.0500 (0.0500) spf_rank 8.0000 (8.0000) lr 1.0000e-03 eta 0:00:00 user 0
Finish training: 0 user
Deploy the last-epoch model
0 User, Elapsed: 0:00:03
epoch [1/1] batch [10/35] time 0.064 (0.140) data 0.000 (0.069) loss 0.4639 (0.5156) acc 93.7500 (85.3125) spf_gamma 0.0500 (0.0500) spf_rank 8.0000 (8.0000) lr 1.0000e-03 eta 0:00:03 user 1
epoch [1/1] batch [20/35] time 0.085 (0.107) data 0.000 (0.034) loss 0.2620 (0.4797) acc 90.6250 (87.0312) spf_gamma 0.0500 (0.0500) spf_rank 8.0000 (8.0000) lr 1.0000e-03 eta 0:00:01 user 1
epoch [1/1] batch [30/35] time 0.064 (0.093) data 0.000 (0.023) loss 0.6563 (0.5243) acc 81.2500 (85.0000) spf_gamma 0.0500 (0.0500) spf_rank 8.0000 (8.0000) lr 1.0000e-03 eta 0:00:00 user 1
Finish training: 1 user
Deploy the last-epoch model
1 User, Elapsed: 0:00:03
epoch [1/1] batch [1/6] time 0.954 (0.954) data 0.875 (0.875) loss 0.3845 (0.3845) acc 87.5000 (87.5000) spf_gamma 0.0500 (0.0500) spf_rank 8.0000 (8.0000) lr 1.0000e-03 eta 0:00:04 user 2
epoch [1/1] batch [2/6] time 0.064 (0.509) data 0.000 (0.437) loss 0.2132 (0.2989) acc 93.7500 (90.6250) spf_gamma 0.0500 (0.0500) spf_rank 8.0000 (8.0000) lr 1.0000e-03 eta 0:00:02 user 2
epoch [1/1] batch [3/6] time 0.065 (0.361) data 0.000 (0.292) loss 0.1229 (0.2402) acc 96.8750 (92.7083) spf_gamma 0.0500 (0.0500) spf_rank 8.0000 (8.0000) lr 1.0000e-03 eta 0:00:01 user 2
epoch [1/1] batch [4/6] time 0.063 (0.287) data 0.000 (0.219) loss 0.0596 (0.1951) acc 100.0000 (94.5312) spf_gamma 0.0500 (0.0500) spf_rank 8.0000 (8.0000) lr 1.0000e-03 eta 0:00:00 user 2
epoch [1/1] batch [5/6] time 0.064 (0.242) data 0.000 (0.175) loss 0.3281 (0.2217) acc 90.6250 (93.7500) spf_gamma 0.0500 (0.0500) spf_rank 8.0000 (8.0000) lr 1.0000e-03 eta 0:00:00 user 2
epoch [1/1] batch [6/6] time 0.064 (0.212) data 0.000 (0.146) loss 0.2281 (0.2227) acc 93.7500 (93.7500) spf_gamma 0.0500 (0.0500) spf_rank 8.0000 (8.0000) lr 1.0000e-03 eta 0:00:00 user 2
Finish training: 2 user
Deploy the last-epoch model
2 User, Elapsed: 0:00:01
epoch [1/1] batch [1/5] time 0.899 (0.899) data 0.831 (0.831) loss 0.1664 (0.1664) acc 93.7500 (93.7500) spf_gamma 0.0500 (0.0500) spf_rank 8.0000 (8.0000) lr 1.0000e-03 eta 0:00:03 user 3
epoch [1/1] batch [2/5] time 0.066 (0.482) data 0.000 (0.416) loss 0.2068 (0.1866) acc 96.8750 (95.3125) spf_gamma 0.0500 (0.0500) spf_rank 8.0000 (8.0000) lr 1.0000e-03 eta 0:00:01 user 3
epoch [1/1] batch [3/5] time 0.070 (0.345) data 0.000 (0.277) loss 0.0304 (0.1345) acc 100.0000 (96.8750) spf_gamma 0.0500 (0.0500) spf_rank 8.0000 (8.0000) lr 1.0000e-03 eta 0:00:00 user 3
epoch [1/1] batch [4/5] time 0.065 (0.275) data 0.000 (0.208) loss 0.2627 (0.1666) acc 93.7500 (96.0938) spf_gamma 0.0500 (0.0500) spf_rank 8.0000 (8.0000) lr 1.0000e-03 eta 0:00:00 user 3
epoch [1/1] batch [5/5] time 0.071 (0.234) data 0.000 (0.166) loss 0.1811 (0.1695) acc 93.7500 (95.6250) spf_gamma 0.0500 (0.0500) spf_rank 8.0000 (8.0000) lr 1.0000e-03 eta 0:00:00 user 3
Finish training: 3 user
Deploy the last-epoch model
3 User, Elapsed: 0:00:01
epoch [1/1] batch [10/10] time 0.065 (0.147) data 0.000 (0.077) loss 0.4019 (0.3139) acc 90.6250 (92.1875) spf_gamma 0.0500 (0.0500) spf_rank 8.0000 (8.0000) lr 1.0000e-03 eta 0:00:00 user 4
Finish training: 4 user
Deploy the last-epoch model
4 User, Elapsed: 0:00:02
epoch [1/1] batch [1/9] time 0.736 (0.736) data 0.660 (0.660) loss 0.1486 (0.1486) acc 96.8750 (96.8750) spf_gamma 0.0500 (0.0500) spf_rank 8.0000 (8.0000) lr 1.0000e-03 eta 0:00:05 user 5
epoch [1/1] batch [2/9] time 0.070 (0.403) data 0.000 (0.330) loss 0.4409 (0.2948) acc 87.5000 (92.1875) spf_gamma 0.0500 (0.0500) spf_rank 8.0000 (8.0000) lr 1.0000e-03 eta 0:00:02 user 5
epoch [1/1] batch [3/9] time 0.074 (0.293) data 0.000 (0.220) loss 0.4751 (0.3549) acc 90.6250 (91.6667) spf_gamma 0.0500 (0.0500) spf_rank 8.0000 (8.0000) lr 1.0000e-03 eta 0:00:01 user 5
epoch [1/1] batch [4/9] time 0.074 (0.239) data 0.000 (0.165) loss 0.1605 (0.3063) acc 96.8750 (92.9688) spf_gamma 0.0500 (0.0500) spf_rank 8.0000 (8.0000) lr 1.0000e-03 eta 0:00:01 user 5
epoch [1/1] batch [5/9] time 0.065 (0.204) data 0.000 (0.132) loss 0.2449 (0.2940) acc 93.7500 (93.1250) spf_gamma 0.0500 (0.0500) spf_rank 8.0000 (8.0000) lr 1.0000e-03 eta 0:00:00 user 5
epoch [1/1] batch [6/9] time 0.064 (0.181) data 0.000 (0.110) loss 0.2128 (0.2805) acc 96.8750 (93.7500) spf_gamma 0.0500 (0.0500) spf_rank 8.0000 (8.0000) lr 1.0000e-03 eta 0:00:00 user 5
epoch [1/1] batch [7/9] time 0.072 (0.165) data 0.000 (0.094) loss 0.1718 (0.2650) acc 93.7500 (93.7500) spf_gamma 0.0500 (0.0500) spf_rank 8.0000 (8.0000) lr 1.0000e-03 eta 0:00:00 user 5
epoch [1/1] batch [8/9] time 0.069 (0.153) data 0.000 (0.083) loss 0.2018 (0.2571) acc 90.6250 (93.3594) spf_gamma 0.0500 (0.0500) spf_rank 8.0000 (8.0000) lr 1.0000e-03 eta 0:00:00 user 5
epoch [1/1] batch [9/9] time 0.064 (0.143) data 0.000 (0.073) loss 0.3052 (0.2624) acc 93.7500 (93.4028) spf_gamma 0.0500 (0.0500) spf_rank 8.0000 (8.0000) lr 1.0000e-03 eta 0:00:00 user 5
Finish training: 5 user
Deploy the last-epoch model
5 User, Elapsed: 0:00:01
------------local train finish epoch: 25 -------------
------------local test start-------------
Evaluate on the client0_test set
  0%|          | 0/3 [00:00<?, ?it/s] 33%|███▎      | 1/3 [00:01<00:02,  1.15s/it] 67%|██████▋   | 2/3 [00:01<00:00,  1.75it/s]100%|██████████| 3/3 [00:01<00:00,  2.06it/s]
=> result
* total: 269
* correct: 248
* accuracy: 92.2%
* error: 7.8%
* macro_f1: 90.5%
Evaluate on the client1_test set
  0%|          | 0/3 [00:00<?, ?it/s] 33%|███▎      | 1/3 [00:01<00:02,  1.12s/it] 67%|██████▋   | 2/3 [00:01<00:00,  1.79it/s]100%|██████████| 3/3 [00:01<00:00,  2.08it/s]
=> result
* total: 293
* correct: 259
* accuracy: 88.4%
* error: 11.6%
* macro_f1: 80.7%
Evaluate on the client2_test set
  0%|          | 0/1 [00:00<?, ?it/s]100%|██████████| 1/1 [00:01<00:00,  1.15s/it]100%|██████████| 1/1 [00:01<00:00,  1.24s/it]
=> result
* total: 44
* correct: 43
* accuracy: 97.7%
* error: 2.3%
* macro_f1: 98.0%
Evaluate on the client3_test set
  0%|          | 0/1 [00:00<?, ?it/s]100%|██████████| 1/1 [00:01<00:00,  1.33s/it]100%|██████████| 1/1 [00:01<00:00,  1.43s/it]
=> result
* total: 54
* correct: 48
* accuracy: 88.9%
* error: 11.1%
* macro_f1: 77.0%
Evaluate on the client4_test set
  0%|          | 0/1 [00:00<?, ?it/s]100%|██████████| 1/1 [00:00<00:00,  1.07it/s]100%|██████████| 1/1 [00:01<00:00,  1.04s/it]
=> result
* total: 69
* correct: 66
* accuracy: 95.7%
* error: 4.3%
* macro_f1: 96.4%
Evaluate on the client5_test set
  0%|          | 0/1 [00:00<?, ?it/s]100%|██████████| 1/1 [00:01<00:00,  1.13s/it]100%|██████████| 1/1 [00:01<00:00,  1.21s/it]=> result
* total: 89
* correct: 87
* accuracy: 97.8%
* error: 2.2%
* macro_f1: 91.8%
0 --Local test acc: 92.19330855018588
1 --Local test acc: 88.39590443686006
2 --Local test acc: 97.72727272727273
3 --Local test acc: 88.88888888888889
4 --Local test acc: 95.65217391304348
5 --Local test acc: 97.75280898876404
--Global test acc: 93.4350595841692
Epoch:25
------------local test finish-------------
idxs_users [0, 1, 2, 3, 4, 5]
------------local train start epoch: 26 -------------

epoch [1/1] batch [10/35] time 0.073 (0.137) data 0.000 (0.061) loss 0.5747 (0.4115) acc 87.5000 (88.1250) spf_gamma 0.0500 (0.0500) spf_rank 8.0000 (8.0000) lr 1.0000e-03 eta 0:00:03 user 0
epoch [1/1] batch [20/35] time 0.068 (0.104) data 0.000 (0.031) loss 0.2595 (0.3996) acc 90.6250 (88.9062) spf_gamma 0.0500 (0.0500) spf_rank 8.0000 (8.0000) lr 1.0000e-03 eta 0:00:01 user 0
epoch [1/1] batch [30/35] time 0.074 (0.092) data 0.000 (0.020) loss 0.1855 (0.3882) acc 93.7500 (88.9583) spf_gamma 0.0500 (0.0500) spf_rank 8.0000 (8.0000) lr 1.0000e-03 eta 0:00:00 user 0
Finish training: 0 user
Deploy the last-epoch model
0 User, Elapsed: 0:00:03
epoch [1/1] batch [10/35] time 0.064 (0.138) data 0.000 (0.070) loss 0.4409 (0.5195) acc 84.3750 (85.6250) spf_gamma 0.0500 (0.0500) spf_rank 8.0000 (8.0000) lr 1.0000e-03 eta 0:00:03 user 1
epoch [1/1] batch [20/35] time 0.064 (0.102) data 0.000 (0.035) loss 0.5835 (0.5001) acc 75.0000 (85.3125) spf_gamma 0.0500 (0.0500) spf_rank 8.0000 (8.0000) lr 1.0000e-03 eta 0:00:01 user 1
epoch [1/1] batch [30/35] time 0.066 (0.089) data 0.000 (0.023) loss 0.2262 (0.4967) acc 93.7500 (84.4792) spf_gamma 0.0500 (0.0500) spf_rank 8.0000 (8.0000) lr 1.0000e-03 eta 0:00:00 user 1
Finish training: 1 user
Deploy the last-epoch model
1 User, Elapsed: 0:00:03
epoch [1/1] batch [1/6] time 0.914 (0.914) data 0.824 (0.824) loss 0.0579 (0.0579) acc 100.0000 (100.0000) spf_gamma 0.0500 (0.0500) spf_rank 8.0000 (8.0000) lr 1.0000e-03 eta 0:00:04 user 2
epoch [1/1] batch [2/6] time 0.063 (0.489) data 0.000 (0.412) loss 0.1181 (0.0880) acc 96.8750 (98.4375) spf_gamma 0.0500 (0.0500) spf_rank 8.0000 (8.0000) lr 1.0000e-03 eta 0:00:01 user 2
epoch [1/1] batch [3/6] time 0.064 (0.347) data 0.000 (0.275) loss 0.1896 (0.1219) acc 96.8750 (97.9167) spf_gamma 0.0500 (0.0500) spf_rank 8.0000 (8.0000) lr 1.0000e-03 eta 0:00:01 user 2
epoch [1/1] batch [4/6] time 0.067 (0.277) data 0.000 (0.206) loss 0.2125 (0.1445) acc 93.7500 (96.8750) spf_gamma 0.0500 (0.0500) spf_rank 8.0000 (8.0000) lr 1.0000e-03 eta 0:00:00 user 2
epoch [1/1] batch [5/6] time 0.072 (0.236) data 0.000 (0.165) loss 0.1142 (0.1385) acc 96.8750 (96.8750) spf_gamma 0.0500 (0.0500) spf_rank 8.0000 (8.0000) lr 1.0000e-03 eta 0:00:00 user 2
epoch [1/1] batch [6/6] time 0.065 (0.208) data 0.000 (0.137) loss 0.0372 (0.1216) acc 100.0000 (97.3958) spf_gamma 0.0500 (0.0500) spf_rank 8.0000 (8.0000) lr 1.0000e-03 eta 0:00:00 user 2
Finish training: 2 user
Deploy the last-epoch model
2 User, Elapsed: 0:00:01
epoch [1/1] batch [1/5] time 0.912 (0.912) data 0.832 (0.832) loss 0.1543 (0.1543) acc 96.8750 (96.8750) spf_gamma 0.0500 (0.0500) spf_rank 8.0000 (8.0000) lr 1.0000e-03 eta 0:00:03 user 3
epoch [1/1] batch [2/5] time 0.077 (0.495) data 0.000 (0.416) loss 0.1131 (0.1337) acc 96.8750 (96.8750) spf_gamma 0.0500 (0.0500) spf_rank 8.0000 (8.0000) lr 1.0000e-03 eta 0:00:01 user 3
epoch [1/1] batch [3/5] time 0.076 (0.355) data 0.000 (0.278) loss 0.2617 (0.1764) acc 93.7500 (95.8333) spf_gamma 0.0500 (0.0500) spf_rank 8.0000 (8.0000) lr 1.0000e-03 eta 0:00:00 user 3
epoch [1/1] batch [4/5] time 0.067 (0.283) data 0.000 (0.208) loss 0.2073 (0.1841) acc 96.8750 (96.0938) spf_gamma 0.0500 (0.0500) spf_rank 8.0000 (8.0000) lr 1.0000e-03 eta 0:00:00 user 3
epoch [1/1] batch [5/5] time 0.074 (0.241) data 0.000 (0.167) loss 0.0404 (0.1554) acc 100.0000 (96.8750) spf_gamma 0.0500 (0.0500) spf_rank 8.0000 (8.0000) lr 1.0000e-03 eta 0:00:00 user 3
Finish training: 3 user
Deploy the last-epoch model
3 User, Elapsed: 0:00:01
epoch [1/1] batch [10/10] time 0.064 (0.138) data 0.000 (0.066) loss 0.4832 (0.2687) acc 87.5000 (93.1250) spf_gamma 0.0500 (0.0500) spf_rank 8.0000 (8.0000) lr 1.0000e-03 eta 0:00:00 user 4
Finish training: 4 user
Deploy the last-epoch model
4 User, Elapsed: 0:00:01
epoch [1/1] batch [1/9] time 0.736 (0.736) data 0.638 (0.638) loss 0.3819 (0.3819) acc 87.5000 (87.5000) spf_gamma 0.0500 (0.0500) spf_rank 8.0000 (8.0000) lr 1.0000e-03 eta 0:00:05 user 5
epoch [1/1] batch [2/9] time 0.068 (0.402) data 0.000 (0.319) loss 0.3186 (0.3502) acc 93.7500 (90.6250) spf_gamma 0.0500 (0.0500) spf_rank 8.0000 (8.0000) lr 1.0000e-03 eta 0:00:02 user 5
epoch [1/1] batch [3/9] time 0.063 (0.289) data 0.000 (0.213) loss 0.1930 (0.2978) acc 96.8750 (92.7083) spf_gamma 0.0500 (0.0500) spf_rank 8.0000 (8.0000) lr 1.0000e-03 eta 0:00:01 user 5
epoch [1/1] batch [4/9] time 0.063 (0.233) data 0.000 (0.160) loss 0.3321 (0.3064) acc 90.6250 (92.1875) spf_gamma 0.0500 (0.0500) spf_rank 8.0000 (8.0000) lr 1.0000e-03 eta 0:00:01 user 5
epoch [1/1] batch [5/9] time 0.063 (0.199) data 0.000 (0.128) loss 0.0774 (0.2606) acc 96.8750 (93.1250) spf_gamma 0.0500 (0.0500) spf_rank 8.0000 (8.0000) lr 1.0000e-03 eta 0:00:00 user 5
epoch [1/1] batch [6/9] time 0.064 (0.176) data 0.000 (0.106) loss 0.1950 (0.2497) acc 90.6250 (92.7083) spf_gamma 0.0500 (0.0500) spf_rank 8.0000 (8.0000) lr 1.0000e-03 eta 0:00:00 user 5
epoch [1/1] batch [7/9] time 0.063 (0.160) data 0.000 (0.091) loss 0.2438 (0.2488) acc 90.6250 (92.4107) spf_gamma 0.0500 (0.0500) spf_rank 8.0000 (8.0000) lr 1.0000e-03 eta 0:00:00 user 5
epoch [1/1] batch [8/9] time 0.063 (0.148) data 0.000 (0.080) loss 0.4261 (0.2710) acc 87.5000 (91.7969) spf_gamma 0.0500 (0.0500) spf_rank 8.0000 (8.0000) lr 1.0000e-03 eta 0:00:00 user 5
epoch [1/1] batch [9/9] time 0.063 (0.139) data 0.000 (0.071) loss 0.2708 (0.2710) acc 93.7500 (92.0139) spf_gamma 0.0500 (0.0500) spf_rank 8.0000 (8.0000) lr 1.0000e-03 eta 0:00:00 user 5
Finish training: 5 user
Deploy the last-epoch model
5 User, Elapsed: 0:00:01
------------local train finish epoch: 26 -------------
------------local test start-------------
Evaluate on the client0_test set
  0%|          | 0/3 [00:00<?, ?it/s] 33%|███▎      | 1/3 [00:01<00:02,  1.07s/it] 67%|██████▋   | 2/3 [00:01<00:00,  1.85it/s]100%|██████████| 3/3 [00:01<00:00,  2.16it/s]
=> result
* total: 269
* correct: 248
* accuracy: 92.2%
* error: 7.8%
* macro_f1: 88.7%
Evaluate on the client1_test set
  0%|          | 0/3 [00:00<?, ?it/s] 33%|███▎      | 1/3 [00:01<00:02,  1.13s/it] 67%|██████▋   | 2/3 [00:01<00:00,  1.78it/s]100%|██████████| 3/3 [00:01<00:00,  2.04it/s]
=> result
* total: 293
* correct: 259
* accuracy: 88.4%
* error: 11.6%
* macro_f1: 80.8%
Evaluate on the client2_test set
  0%|          | 0/1 [00:00<?, ?it/s]100%|██████████| 1/1 [00:01<00:00,  1.16s/it]100%|██████████| 1/1 [00:01<00:00,  1.28s/it]
=> result
* total: 44
* correct: 43
* accuracy: 97.7%
* error: 2.3%
* macro_f1: 98.4%
Evaluate on the client3_test set
  0%|          | 0/1 [00:00<?, ?it/s]100%|██████████| 1/1 [00:01<00:00,  1.18s/it]100%|██████████| 1/1 [00:01<00:00,  1.28s/it]
=> result
* total: 54
* correct: 50
* accuracy: 92.6%
* error: 7.4%
* macro_f1: 84.1%
Evaluate on the client4_test set
  0%|          | 0/1 [00:00<?, ?it/s]100%|██████████| 1/1 [00:00<00:00,  1.09it/s]100%|██████████| 1/1 [00:01<00:00,  1.11s/it]
=> result
* total: 69
* correct: 67
* accuracy: 97.1%
* error: 2.9%
* macro_f1: 97.4%
Evaluate on the client5_test set
  0%|          | 0/1 [00:00<?, ?it/s]100%|██████████| 1/1 [00:01<00:00,  1.25s/it]100%|██████████| 1/1 [00:01<00:00,  1.37s/it]=> result
* total: 89
* correct: 88
* accuracy: 98.9%
* error: 1.1%
* macro_f1: 95.7%
0 --Local test acc: 92.19330855018588
1 --Local test acc: 88.39590443686006
2 --Local test acc: 97.72727272727273
3 --Local test acc: 92.5925925925926
4 --Local test acc: 97.10144927536231
5 --Local test acc: 98.87640449438203
--Global test acc: 94.48115534610928
Epoch:26
------------local test finish-------------
idxs_users [0, 1, 2, 3, 4, 5]
------------local train start epoch: 27 -------------

epoch [1/1] batch [10/35] time 0.071 (0.151) data 0.000 (0.076) loss 0.4466 (0.3441) acc 87.5000 (88.4375) spf_gamma 0.0500 (0.0500) spf_rank 8.0000 (8.0000) lr 1.0000e-03 eta 0:00:03 user 0
epoch [1/1] batch [20/35] time 0.079 (0.113) data 0.000 (0.038) loss 0.1432 (0.3493) acc 96.8750 (89.0625) spf_gamma 0.0500 (0.0500) spf_rank 8.0000 (8.0000) lr 1.0000e-03 eta 0:00:01 user 0
epoch [1/1] batch [30/35] time 0.074 (0.098) data 0.000 (0.025) loss 0.4878 (0.3911) acc 84.3750 (88.4375) spf_gamma 0.0500 (0.0500) spf_rank 8.0000 (8.0000) lr 1.0000e-03 eta 0:00:00 user 0
Finish training: 0 user
Deploy the last-epoch model
0 User, Elapsed: 0:00:03
epoch [1/1] batch [10/35] time 0.070 (0.136) data 0.000 (0.063) loss 0.2886 (0.4834) acc 90.6250 (85.3125) spf_gamma 0.0500 (0.0500) spf_rank 8.0000 (8.0000) lr 1.0000e-03 eta 0:00:03 user 1
epoch [1/1] batch [20/35] time 0.068 (0.104) data 0.000 (0.032) loss 0.6724 (0.4686) acc 75.0000 (85.1562) spf_gamma 0.0500 (0.0500) spf_rank 8.0000 (8.0000) lr 1.0000e-03 eta 0:00:01 user 1
epoch [1/1] batch [30/35] time 0.064 (0.092) data 0.000 (0.021) loss 0.7305 (0.5037) acc 84.3750 (84.4792) spf_gamma 0.0500 (0.0500) spf_rank 8.0000 (8.0000) lr 1.0000e-03 eta 0:00:00 user 1
Finish training: 1 user
Deploy the last-epoch model
1 User, Elapsed: 0:00:03
epoch [1/1] batch [1/6] time 1.201 (1.201) data 1.119 (1.119) loss 0.3123 (0.3123) acc 93.7500 (93.7500) spf_gamma 0.0500 (0.0500) spf_rank 8.0000 (8.0000) lr 1.0000e-03 eta 0:00:06 user 2
epoch [1/1] batch [2/6] time 0.071 (0.636) data 0.000 (0.559) loss 0.3032 (0.3078) acc 90.6250 (92.1875) spf_gamma 0.0500 (0.0500) spf_rank 8.0000 (8.0000) lr 1.0000e-03 eta 0:00:02 user 2
epoch [1/1] batch [3/6] time 0.068 (0.447) data 0.000 (0.373) loss 0.0795 (0.2317) acc 100.0000 (94.7917) spf_gamma 0.0500 (0.0500) spf_rank 8.0000 (8.0000) lr 1.0000e-03 eta 0:00:01 user 2
epoch [1/1] batch [4/6] time 0.071 (0.353) data 0.000 (0.280) loss 0.3379 (0.2582) acc 93.7500 (94.5312) spf_gamma 0.0500 (0.0500) spf_rank 8.0000 (8.0000) lr 1.0000e-03 eta 0:00:00 user 2
epoch [1/1] batch [5/6] time 0.069 (0.296) data 0.000 (0.224) loss 0.2659 (0.2598) acc 90.6250 (93.7500) spf_gamma 0.0500 (0.0500) spf_rank 8.0000 (8.0000) lr 1.0000e-03 eta 0:00:00 user 2
epoch [1/1] batch [6/6] time 0.070 (0.258) data 0.000 (0.187) loss 0.3011 (0.2666) acc 90.6250 (93.2292) spf_gamma 0.0500 (0.0500) spf_rank 8.0000 (8.0000) lr 1.0000e-03 eta 0:00:00 user 2
Finish training: 2 user
Deploy the last-epoch model
2 User, Elapsed: 0:00:02
epoch [1/1] batch [1/5] time 0.929 (0.929) data 0.855 (0.855) loss 0.1447 (0.1447) acc 93.7500 (93.7500) spf_gamma 0.0500 (0.0500) spf_rank 8.0000 (8.0000) lr 1.0000e-03 eta 0:00:03 user 3
epoch [1/1] batch [2/5] time 0.064 (0.496) data 0.000 (0.427) loss 0.3159 (0.2303) acc 90.6250 (92.1875) spf_gamma 0.0500 (0.0500) spf_rank 8.0000 (8.0000) lr 1.0000e-03 eta 0:00:01 user 3
epoch [1/1] batch [3/5] time 0.064 (0.352) data 0.000 (0.285) loss 0.1582 (0.2063) acc 96.8750 (93.7500) spf_gamma 0.0500 (0.0500) spf_rank 8.0000 (8.0000) lr 1.0000e-03 eta 0:00:00 user 3
epoch [1/1] batch [4/5] time 0.064 (0.280) data 0.000 (0.214) loss 0.2613 (0.2200) acc 90.6250 (92.9688) spf_gamma 0.0500 (0.0500) spf_rank 8.0000 (8.0000) lr 1.0000e-03 eta 0:00:00 user 3
epoch [1/1] batch [5/5] time 0.064 (0.237) data 0.000 (0.171) loss 0.4666 (0.2693) acc 90.6250 (92.5000) spf_gamma 0.0500 (0.0500) spf_rank 8.0000 (8.0000) lr 1.0000e-03 eta 0:00:00 user 3
Finish training: 3 user
Deploy the last-epoch model
3 User, Elapsed: 0:00:01
epoch [1/1] batch [10/10] time 0.064 (0.129) data 0.000 (0.064) loss 0.3765 (0.3436) acc 90.6250 (88.7500) spf_gamma 0.0500 (0.0500) spf_rank 8.0000 (8.0000) lr 1.0000e-03 eta 0:00:00 user 4
Finish training: 4 user
Deploy the last-epoch model
4 User, Elapsed: 0:00:01
epoch [1/1] batch [1/9] time 0.754 (0.754) data 0.676 (0.676) loss 0.4065 (0.4065) acc 87.5000 (87.5000) spf_gamma 0.0500 (0.0500) spf_rank 8.0000 (8.0000) lr 1.0000e-03 eta 0:00:06 user 5
epoch [1/1] batch [2/9] time 0.064 (0.409) data 0.000 (0.338) loss 0.9375 (0.6720) acc 81.2500 (84.3750) spf_gamma 0.0500 (0.0500) spf_rank 8.0000 (8.0000) lr 1.0000e-03 eta 0:00:02 user 5
epoch [1/1] batch [3/9] time 0.063 (0.293) data 0.000 (0.225) loss 0.1804 (0.5082) acc 96.8750 (88.5417) spf_gamma 0.0500 (0.0500) spf_rank 8.0000 (8.0000) lr 1.0000e-03 eta 0:00:01 user 5
epoch [1/1] batch [4/9] time 0.064 (0.236) data 0.000 (0.169) loss 0.1421 (0.4167) acc 96.8750 (90.6250) spf_gamma 0.0500 (0.0500) spf_rank 8.0000 (8.0000) lr 1.0000e-03 eta 0:00:01 user 5
epoch [1/1] batch [5/9] time 0.064 (0.201) data 0.000 (0.135) loss 0.2725 (0.3878) acc 96.8750 (91.8750) spf_gamma 0.0500 (0.0500) spf_rank 8.0000 (8.0000) lr 1.0000e-03 eta 0:00:00 user 5
epoch [1/1] batch [6/9] time 0.063 (0.178) data 0.000 (0.113) loss 0.2113 (0.3584) acc 93.7500 (92.1875) spf_gamma 0.0500 (0.0500) spf_rank 8.0000 (8.0000) lr 1.0000e-03 eta 0:00:00 user 5
epoch [1/1] batch [7/9] time 0.064 (0.162) data 0.000 (0.097) loss 0.2390 (0.3414) acc 90.6250 (91.9643) spf_gamma 0.0500 (0.0500) spf_rank 8.0000 (8.0000) lr 1.0000e-03 eta 0:00:00 user 5
epoch [1/1] batch [8/9] time 0.063 (0.150) data 0.000 (0.085) loss 0.3184 (0.3385) acc 90.6250 (91.7969) spf_gamma 0.0500 (0.0500) spf_rank 8.0000 (8.0000) lr 1.0000e-03 eta 0:00:00 user 5
epoch [1/1] batch [9/9] time 0.064 (0.140) data 0.000 (0.075) loss 0.4270 (0.3483) acc 87.5000 (91.3194) spf_gamma 0.0500 (0.0500) spf_rank 8.0000 (8.0000) lr 1.0000e-03 eta 0:00:00 user 5
Finish training: 5 user
Deploy the last-epoch model
5 User, Elapsed: 0:00:01
------------local train finish epoch: 27 -------------
------------local test start-------------
Evaluate on the client0_test set
  0%|          | 0/3 [00:00<?, ?it/s] 33%|███▎      | 1/3 [00:01<00:02,  1.07s/it] 67%|██████▋   | 2/3 [00:01<00:00,  1.85it/s]100%|██████████| 3/3 [00:01<00:00,  2.16it/s]
=> result
* total: 269
* correct: 246
* accuracy: 91.4%
* error: 8.6%
* macro_f1: 89.5%
Evaluate on the client1_test set
  0%|          | 0/3 [00:00<?, ?it/s] 33%|███▎      | 1/3 [00:01<00:02,  1.15s/it] 67%|██████▋   | 2/3 [00:01<00:00,  1.75it/s]100%|██████████| 3/3 [00:01<00:00,  2.04it/s]
=> result
* total: 293
* correct: 262
* accuracy: 89.4%
* error: 10.6%
* macro_f1: 81.6%
Evaluate on the client2_test set
  0%|          | 0/1 [00:00<?, ?it/s]100%|██████████| 1/1 [00:01<00:00,  1.09s/it]100%|██████████| 1/1 [00:01<00:00,  1.19s/it]
=> result
* total: 44
* correct: 44
* accuracy: 100.0%
* error: 0.0%
* macro_f1: 100.0%
Evaluate on the client3_test set
  0%|          | 0/1 [00:00<?, ?it/s]100%|██████████| 1/1 [00:01<00:00,  1.29s/it]100%|██████████| 1/1 [00:01<00:00,  1.41s/it]
=> result
* total: 54
* correct: 50
* accuracy: 92.6%
* error: 7.4%
* macro_f1: 85.2%
Evaluate on the client4_test set
  0%|          | 0/1 [00:00<?, ?it/s]100%|██████████| 1/1 [00:00<00:00,  1.12it/s]100%|██████████| 1/1 [00:00<00:00,  1.02it/s]
=> result
* total: 69
* correct: 66
* accuracy: 95.7%
* error: 4.3%
* macro_f1: 96.9%
Evaluate on the client5_test set
  0%|          | 0/1 [00:00<?, ?it/s]100%|██████████| 1/1 [00:01<00:00,  1.17s/it]100%|██████████| 1/1 [00:01<00:00,  1.27s/it]=> result
* total: 89
* correct: 88
* accuracy: 98.9%
* error: 1.1%
* macro_f1: 99.3%
0 --Local test acc: 91.44981412639405
1 --Local test acc: 89.419795221843
2 --Local test acc: 100.0
3 --Local test acc: 92.5925925925926
4 --Local test acc: 95.65217391304348
5 --Local test acc: 98.87640449438203
--Global test acc: 94.66513005804252
Epoch:27
------------local test finish-------------
idxs_users [0, 1, 2, 3, 4, 5]
------------local train start epoch: 28 -------------

epoch [1/1] batch [10/35] time 0.078 (0.142) data 0.000 (0.067) loss 0.3657 (0.3118) acc 90.6250 (91.2500) spf_gamma 0.0500 (0.0500) spf_rank 8.0000 (8.0000) lr 1.0000e-03 eta 0:00:03 user 0
epoch [1/1] batch [20/35] time 0.068 (0.106) data 0.000 (0.034) loss 0.3523 (0.3639) acc 90.6250 (90.1562) spf_gamma 0.0500 (0.0500) spf_rank 8.0000 (8.0000) lr 1.0000e-03 eta 0:00:01 user 0
epoch [1/1] batch [30/35] time 0.064 (0.094) data 0.000 (0.022) loss 0.2600 (0.3919) acc 93.7500 (89.4792) spf_gamma 0.0500 (0.0500) spf_rank 8.0000 (8.0000) lr 1.0000e-03 eta 0:00:00 user 0
Finish training: 0 user
Deploy the last-epoch model
0 User, Elapsed: 0:00:03
epoch [1/1] batch [10/35] time 0.073 (0.133) data 0.000 (0.059) loss 0.5240 (0.4958) acc 78.1250 (81.5625) spf_gamma 0.0500 (0.0500) spf_rank 8.0000 (8.0000) lr 1.0000e-03 eta 0:00:03 user 1
epoch [1/1] batch [20/35] time 0.074 (0.101) data 0.000 (0.030) loss 0.4512 (0.4553) acc 84.3750 (84.0625) spf_gamma 0.0500 (0.0500) spf_rank 8.0000 (8.0000) lr 1.0000e-03 eta 0:00:01 user 1
epoch [1/1] batch [30/35] time 0.074 (0.091) data 0.000 (0.020) loss 0.3968 (0.4771) acc 87.5000 (84.1667) spf_gamma 0.0500 (0.0500) spf_rank 8.0000 (8.0000) lr 1.0000e-03 eta 0:00:00 user 1
Finish training: 1 user
Deploy the last-epoch model
1 User, Elapsed: 0:00:03
epoch [1/1] batch [1/6] time 0.931 (0.931) data 0.848 (0.848) loss 0.0498 (0.0498) acc 100.0000 (100.0000) spf_gamma 0.0500 (0.0500) spf_rank 8.0000 (8.0000) lr 1.0000e-03 eta 0:00:04 user 2
epoch [1/1] batch [2/6] time 0.076 (0.503) data 0.000 (0.424) loss 0.3745 (0.2122) acc 90.6250 (95.3125) spf_gamma 0.0500 (0.0500) spf_rank 8.0000 (8.0000) lr 1.0000e-03 eta 0:00:02 user 2
epoch [1/1] batch [3/6] time 0.069 (0.359) data 0.000 (0.283) loss 0.3101 (0.2448) acc 90.6250 (93.7500) spf_gamma 0.0500 (0.0500) spf_rank 8.0000 (8.0000) lr 1.0000e-03 eta 0:00:01 user 2
epoch [1/1] batch [4/6] time 0.072 (0.287) data 0.000 (0.212) loss 0.2281 (0.2406) acc 90.6250 (92.9688) spf_gamma 0.0500 (0.0500) spf_rank 8.0000 (8.0000) lr 1.0000e-03 eta 0:00:00 user 2
epoch [1/1] batch [5/6] time 0.065 (0.243) data 0.000 (0.170) loss 0.1481 (0.2221) acc 96.8750 (93.7500) spf_gamma 0.0500 (0.0500) spf_rank 8.0000 (8.0000) lr 1.0000e-03 eta 0:00:00 user 2
epoch [1/1] batch [6/6] time 0.076 (0.215) data 0.000 (0.141) loss 0.1455 (0.2093) acc 96.8750 (94.2708) spf_gamma 0.0500 (0.0500) spf_rank 8.0000 (8.0000) lr 1.0000e-03 eta 0:00:00 user 2
Finish training: 2 user
Deploy the last-epoch model
2 User, Elapsed: 0:00:01
epoch [1/1] batch [1/5] time 0.951 (0.951) data 0.876 (0.876) loss 0.4461 (0.4461) acc 84.3750 (84.3750) spf_gamma 0.0500 (0.0500) spf_rank 8.0000 (8.0000) lr 1.0000e-03 eta 0:00:03 user 3
epoch [1/1] batch [2/5] time 0.064 (0.507) data 0.000 (0.438) loss 0.2262 (0.3361) acc 96.8750 (90.6250) spf_gamma 0.0500 (0.0500) spf_rank 8.0000 (8.0000) lr 1.0000e-03 eta 0:00:01 user 3
epoch [1/1] batch [3/5] time 0.064 (0.359) data 0.000 (0.292) loss 0.0974 (0.2566) acc 96.8750 (92.7083) spf_gamma 0.0500 (0.0500) spf_rank 8.0000 (8.0000) lr 1.0000e-03 eta 0:00:00 user 3
epoch [1/1] batch [4/5] time 0.064 (0.286) data 0.000 (0.219) loss 0.1081 (0.2194) acc 96.8750 (93.7500) spf_gamma 0.0500 (0.0500) spf_rank 8.0000 (8.0000) lr 1.0000e-03 eta 0:00:00 user 3
epoch [1/1] batch [5/5] time 0.072 (0.243) data 0.000 (0.175) loss 0.1840 (0.2124) acc 90.6250 (93.1250) spf_gamma 0.0500 (0.0500) spf_rank 8.0000 (8.0000) lr 1.0000e-03 eta 0:00:00 user 3
Finish training: 3 user
Deploy the last-epoch model
3 User, Elapsed: 0:00:01
epoch [1/1] batch [10/10] time 0.065 (0.133) data 0.000 (0.064) loss 0.1927 (0.3048) acc 96.8750 (92.1875) spf_gamma 0.0500 (0.0500) spf_rank 8.0000 (8.0000) lr 1.0000e-03 eta 0:00:00 user 4
Finish training: 4 user
Deploy the last-epoch model
4 User, Elapsed: 0:00:01
epoch [1/1] batch [1/9] time 0.764 (0.764) data 0.688 (0.688) loss 0.3577 (0.3577) acc 87.5000 (87.5000) spf_gamma 0.0500 (0.0500) spf_rank 8.0000 (8.0000) lr 1.0000e-03 eta 0:00:06 user 5
epoch [1/1] batch [2/9] time 0.082 (0.423) data 0.000 (0.344) loss 0.2386 (0.2981) acc 93.7500 (90.6250) spf_gamma 0.0500 (0.0500) spf_rank 8.0000 (8.0000) lr 1.0000e-03 eta 0:00:02 user 5
epoch [1/1] batch [3/9] time 0.073 (0.306) data 0.000 (0.229) loss 0.0857 (0.2273) acc 96.8750 (92.7083) spf_gamma 0.0500 (0.0500) spf_rank 8.0000 (8.0000) lr 1.0000e-03 eta 0:00:01 user 5
epoch [1/1] batch [4/9] time 0.067 (0.247) data 0.000 (0.172) loss 0.2246 (0.2266) acc 93.7500 (92.9688) spf_gamma 0.0500 (0.0500) spf_rank 8.0000 (8.0000) lr 1.0000e-03 eta 0:00:01 user 5
epoch [1/1] batch [5/9] time 0.075 (0.212) data 0.000 (0.138) loss 0.7525 (0.3318) acc 84.3750 (91.2500) spf_gamma 0.0500 (0.0500) spf_rank 8.0000 (8.0000) lr 1.0000e-03 eta 0:00:00 user 5
epoch [1/1] batch [6/9] time 0.079 (0.190) data 0.000 (0.115) loss 0.2549 (0.3190) acc 90.6250 (91.1458) spf_gamma 0.0500 (0.0500) spf_rank 8.0000 (8.0000) lr 1.0000e-03 eta 0:00:00 user 5
epoch [1/1] batch [7/9] time 0.074 (0.173) data 0.000 (0.098) loss 0.3343 (0.3212) acc 90.6250 (91.0714) spf_gamma 0.0500 (0.0500) spf_rank 8.0000 (8.0000) lr 1.0000e-03 eta 0:00:00 user 5
epoch [1/1] batch [8/9] time 0.068 (0.160) data 0.000 (0.086) loss 0.4097 (0.3322) acc 87.5000 (90.6250) spf_gamma 0.0500 (0.0500) spf_rank 8.0000 (8.0000) lr 1.0000e-03 eta 0:00:00 user 5
epoch [1/1] batch [9/9] time 0.077 (0.151) data 0.000 (0.077) loss 0.4058 (0.3404) acc 90.6250 (90.6250) spf_gamma 0.0500 (0.0500) spf_rank 8.0000 (8.0000) lr 1.0000e-03 eta 0:00:00 user 5
Finish training: 5 user
Deploy the last-epoch model
5 User, Elapsed: 0:00:01
------------local train finish epoch: 28 -------------
------------local test start-------------
Evaluate on the client0_test set
  0%|          | 0/3 [00:00<?, ?it/s] 33%|███▎      | 1/3 [00:01<00:02,  1.20s/it] 67%|██████▋   | 2/3 [00:01<00:00,  1.69it/s]100%|██████████| 3/3 [00:01<00:00,  1.98it/s]
=> result
* total: 269
* correct: 249
* accuracy: 92.6%
* error: 7.4%
* macro_f1: 91.1%
Evaluate on the client1_test set
  0%|          | 0/3 [00:00<?, ?it/s] 33%|███▎      | 1/3 [00:01<00:02,  1.18s/it] 67%|██████▋   | 2/3 [00:01<00:00,  1.71it/s]100%|██████████| 3/3 [00:01<00:00,  2.00it/s]
=> result
* total: 293
* correct: 258
* accuracy: 88.1%
* error: 11.9%
* macro_f1: 81.1%
Evaluate on the client2_test set
  0%|          | 0/1 [00:00<?, ?it/s]100%|██████████| 1/1 [00:01<00:00,  1.15s/it]100%|██████████| 1/1 [00:01<00:00,  1.27s/it]
=> result
* total: 44
* correct: 44
* accuracy: 100.0%
* error: 0.0%
* macro_f1: 100.0%
Evaluate on the client3_test set
  0%|          | 0/1 [00:00<?, ?it/s]100%|██████████| 1/1 [00:01<00:00,  1.34s/it]100%|██████████| 1/1 [00:01<00:00,  1.43s/it]
=> result
* total: 54
* correct: 48
* accuracy: 88.9%
* error: 11.1%
* macro_f1: 78.9%
Evaluate on the client4_test set
  0%|          | 0/1 [00:00<?, ?it/s]100%|██████████| 1/1 [00:00<00:00,  1.08it/s]100%|██████████| 1/1 [00:01<00:00,  1.03s/it]
=> result
* total: 69
* correct: 66
* accuracy: 95.7%
* error: 4.3%
* macro_f1: 95.9%
Evaluate on the client5_test set
  0%|          | 0/1 [00:00<?, ?it/s]100%|██████████| 1/1 [00:01<00:00,  1.07s/it]100%|██████████| 1/1 [00:01<00:00,  1.19s/it]=> result
* total: 89
* correct: 87
* accuracy: 97.8%
* error: 2.2%
* macro_f1: 94.3%
0 --Local test acc: 92.56505576208178
1 --Local test acc: 88.05460750853243
2 --Local test acc: 100.0
3 --Local test acc: 88.88888888888889
4 --Local test acc: 95.65217391304348
5 --Local test acc: 97.75280898876404
--Global test acc: 93.81892251021844
Epoch:28
------------local test finish-------------
idxs_users [0, 1, 2, 3, 4, 5]
------------local train start epoch: 29 -------------

epoch [1/1] batch [10/35] time 0.063 (0.133) data 0.000 (0.064) loss 0.4219 (0.3014) acc 93.7500 (92.1875) spf_gamma 0.0500 (0.0500) spf_rank 8.0000 (8.0000) lr 1.0000e-03 eta 0:00:03 user 0
epoch [1/1] batch [20/35] time 0.064 (0.099) data 0.000 (0.032) loss 0.3421 (0.3574) acc 93.7500 (90.6250) spf_gamma 0.0500 (0.0500) spf_rank 8.0000 (8.0000) lr 1.0000e-03 eta 0:00:01 user 0
epoch [1/1] batch [30/35] time 0.063 (0.087) data 0.000 (0.021) loss 0.2547 (0.3728) acc 87.5000 (90.0000) spf_gamma 0.0500 (0.0500) spf_rank 8.0000 (8.0000) lr 1.0000e-03 eta 0:00:00 user 0
Finish training: 0 user
Deploy the last-epoch model
0 User, Elapsed: 0:00:03
epoch [1/1] batch [10/35] time 0.070 (0.134) data 0.000 (0.061) loss 0.1944 (0.4485) acc 93.7500 (86.8750) spf_gamma 0.0500 (0.0500) spf_rank 8.0000 (8.0000) lr 1.0000e-03 eta 0:00:03 user 1
epoch [1/1] batch [20/35] time 0.075 (0.103) data 0.000 (0.031) loss 0.5386 (0.4780) acc 87.5000 (86.7188) spf_gamma 0.0500 (0.0500) spf_rank 8.0000 (8.0000) lr 1.0000e-03 eta 0:00:01 user 1
epoch [1/1] batch [30/35] time 0.064 (0.091) data 0.000 (0.020) loss 0.1936 (0.4553) acc 90.6250 (87.0833) spf_gamma 0.0500 (0.0500) spf_rank 8.0000 (8.0000) lr 1.0000e-03 eta 0:00:00 user 1
Finish training: 1 user
Deploy the last-epoch model
1 User, Elapsed: 0:00:03
epoch [1/1] batch [1/6] time 0.970 (0.970) data 0.906 (0.906) loss 0.2185 (0.2185) acc 96.8750 (96.8750) spf_gamma 0.0500 (0.0500) spf_rank 8.0000 (8.0000) lr 1.0000e-03 eta 0:00:04 user 2
epoch [1/1] batch [2/6] time 0.080 (0.525) data 0.000 (0.453) loss 0.3799 (0.2992) acc 90.6250 (93.7500) spf_gamma 0.0500 (0.0500) spf_rank 8.0000 (8.0000) lr 1.0000e-03 eta 0:00:02 user 2
epoch [1/1] batch [3/6] time 0.068 (0.373) data 0.000 (0.302) loss 0.7017 (0.4334) acc 84.3750 (90.6250) spf_gamma 0.0500 (0.0500) spf_rank 8.0000 (8.0000) lr 1.0000e-03 eta 0:00:01 user 2
epoch [1/1] batch [4/6] time 0.072 (0.297) data 0.000 (0.226) loss 0.2422 (0.3856) acc 93.7500 (91.4062) spf_gamma 0.0500 (0.0500) spf_rank 8.0000 (8.0000) lr 1.0000e-03 eta 0:00:00 user 2
epoch [1/1] batch [5/6] time 0.066 (0.251) data 0.000 (0.181) loss 0.1940 (0.3473) acc 93.7500 (91.8750) spf_gamma 0.0500 (0.0500) spf_rank 8.0000 (8.0000) lr 1.0000e-03 eta 0:00:00 user 2
epoch [1/1] batch [6/6] time 0.064 (0.220) data 0.000 (0.151) loss 0.1253 (0.3103) acc 96.8750 (92.7083) spf_gamma 0.0500 (0.0500) spf_rank 8.0000 (8.0000) lr 1.0000e-03 eta 0:00:00 user 2
Finish training: 2 user
Deploy the last-epoch model
2 User, Elapsed: 0:00:01
epoch [1/1] batch [1/5] time 0.903 (0.903) data 0.822 (0.822) loss 0.1598 (0.1598) acc 90.6250 (90.6250) spf_gamma 0.0500 (0.0500) spf_rank 8.0000 (8.0000) lr 1.0000e-03 eta 0:00:03 user 3
epoch [1/1] batch [2/5] time 0.071 (0.487) data 0.000 (0.411) loss 0.1817 (0.1707) acc 93.7500 (92.1875) spf_gamma 0.0500 (0.0500) spf_rank 8.0000 (8.0000) lr 1.0000e-03 eta 0:00:01 user 3
epoch [1/1] batch [3/5] time 0.069 (0.348) data 0.000 (0.274) loss 0.2805 (0.2073) acc 90.6250 (91.6667) spf_gamma 0.0500 (0.0500) spf_rank 8.0000 (8.0000) lr 1.0000e-03 eta 0:00:00 user 3
epoch [1/1] batch [4/5] time 0.073 (0.279) data 0.000 (0.206) loss 0.2204 (0.2106) acc 90.6250 (91.4062) spf_gamma 0.0500 (0.0500) spf_rank 8.0000 (8.0000) lr 1.0000e-03 eta 0:00:00 user 3
epoch [1/1] batch [5/5] time 0.065 (0.236) data 0.000 (0.165) loss 0.3719 (0.2428) acc 93.7500 (91.8750) spf_gamma 0.0500 (0.0500) spf_rank 8.0000 (8.0000) lr 1.0000e-03 eta 0:00:00 user 3
Finish training: 3 user
Deploy the last-epoch model
3 User, Elapsed: 0:00:01
epoch [1/1] batch [10/10] time 0.064 (0.137) data 0.000 (0.067) loss 0.3040 (0.2409) acc 93.7500 (94.0625) spf_gamma 0.0500 (0.0500) spf_rank 8.0000 (8.0000) lr 1.0000e-03 eta 0:00:00 user 4
Finish training: 4 user
Deploy the last-epoch model
4 User, Elapsed: 0:00:01
epoch [1/1] batch [1/9] time 0.853 (0.853) data 0.762 (0.762) loss 0.2160 (0.2160) acc 96.8750 (96.8750) spf_gamma 0.0500 (0.0500) spf_rank 8.0000 (8.0000) lr 1.0000e-03 eta 0:00:06 user 5
epoch [1/1] batch [2/9] time 0.084 (0.469) data 0.000 (0.381) loss 0.2969 (0.2564) acc 96.8750 (96.8750) spf_gamma 0.0500 (0.0500) spf_rank 8.0000 (8.0000) lr 1.0000e-03 eta 0:00:03 user 5
epoch [1/1] batch [3/9] time 0.079 (0.339) data 0.000 (0.254) loss 0.1196 (0.2108) acc 96.8750 (96.8750) spf_gamma 0.0500 (0.0500) spf_rank 8.0000 (8.0000) lr 1.0000e-03 eta 0:00:02 user 5
epoch [1/1] batch [4/9] time 0.075 (0.273) data 0.000 (0.191) loss 0.1588 (0.1978) acc 96.8750 (96.8750) spf_gamma 0.0500 (0.0500) spf_rank 8.0000 (8.0000) lr 1.0000e-03 eta 0:00:01 user 5
epoch [1/1] batch [5/9] time 0.074 (0.233) data 0.000 (0.152) loss 0.1477 (0.1878) acc 96.8750 (96.8750) spf_gamma 0.0500 (0.0500) spf_rank 8.0000 (8.0000) lr 1.0000e-03 eta 0:00:00 user 5
epoch [1/1] batch [6/9] time 0.067 (0.205) data 0.000 (0.127) loss 0.3306 (0.2116) acc 93.7500 (96.3542) spf_gamma 0.0500 (0.0500) spf_rank 8.0000 (8.0000) lr 1.0000e-03 eta 0:00:00 user 5
epoch [1/1] batch [7/9] time 0.072 (0.186) data 0.000 (0.109) loss 0.3115 (0.2259) acc 93.7500 (95.9821) spf_gamma 0.0500 (0.0500) spf_rank 8.0000 (8.0000) lr 1.0000e-03 eta 0:00:00 user 5
epoch [1/1] batch [8/9] time 0.067 (0.172) data 0.000 (0.095) loss 0.5772 (0.2698) acc 78.1250 (93.7500) spf_gamma 0.0500 (0.0500) spf_rank 8.0000 (8.0000) lr 1.0000e-03 eta 0:00:00 user 5
epoch [1/1] batch [9/9] time 0.065 (0.160) data 0.000 (0.085) loss 0.3684 (0.2808) acc 87.5000 (93.0556) spf_gamma 0.0500 (0.0500) spf_rank 8.0000 (8.0000) lr 1.0000e-03 eta 0:00:00 user 5
Finish training: 5 user
Deploy the last-epoch model
5 User, Elapsed: 0:00:02
------------local train finish epoch: 29 -------------
------------local test start-------------
Evaluate on the client0_test set
  0%|          | 0/3 [00:00<?, ?it/s] 33%|███▎      | 1/3 [00:01<00:02,  1.21s/it] 67%|██████▋   | 2/3 [00:01<00:00,  1.68it/s]100%|██████████| 3/3 [00:01<00:00,  1.98it/s]
=> result
* total: 269
* correct: 248
* accuracy: 92.2%
* error: 7.8%
* macro_f1: 90.3%
Evaluate on the client1_test set
  0%|          | 0/3 [00:00<?, ?it/s] 33%|███▎      | 1/3 [00:01<00:02,  1.10s/it] 67%|██████▋   | 2/3 [00:01<00:00,  1.81it/s]100%|██████████| 3/3 [00:01<00:00,  2.10it/s]
=> result
* total: 293
* correct: 261
* accuracy: 89.1%
* error: 10.9%
* macro_f1: 81.4%
Evaluate on the client2_test set
  0%|          | 0/1 [00:00<?, ?it/s]100%|██████████| 1/1 [00:01<00:00,  1.08s/it]100%|██████████| 1/1 [00:01<00:00,  1.18s/it]
=> result
* total: 44
* correct: 43
* accuracy: 97.7%
* error: 2.3%
* macro_f1: 98.5%
Evaluate on the client3_test set
  0%|          | 0/1 [00:00<?, ?it/s]100%|██████████| 1/1 [00:01<00:00,  1.28s/it]100%|██████████| 1/1 [00:01<00:00,  1.41s/it]
=> result
* total: 54
* correct: 50
* accuracy: 92.6%
* error: 7.4%
* macro_f1: 83.7%
Evaluate on the client4_test set
  0%|          | 0/1 [00:00<?, ?it/s]100%|██████████| 1/1 [00:00<00:00,  1.00it/s]100%|██████████| 1/1 [00:01<00:00,  1.10s/it]
=> result
* total: 69
* correct: 66
* accuracy: 95.7%
* error: 4.3%
* macro_f1: 96.1%
Evaluate on the client5_test set
  0%|          | 0/1 [00:00<?, ?it/s]100%|██████████| 1/1 [00:01<00:00,  1.11s/it]100%|██████████| 1/1 [00:01<00:00,  1.21s/it]=> result
* total: 89
* correct: 88
* accuracy: 98.9%
* error: 1.1%
* macro_f1: 95.7%
0 --Local test acc: 92.19330855018588
1 --Local test acc: 89.07849829351535
2 --Local test acc: 97.72727272727273
3 --Local test acc: 92.5925925925926
4 --Local test acc: 95.65217391304348
5 --Local test acc: 98.87640449438203
--Global test acc: 94.35337509516535
Epoch:29
------------local test finish-------------
idxs_users [0, 1, 2, 3, 4, 5]
------------local train start epoch: 30 -------------

epoch [1/1] batch [10/35] time 0.064 (0.138) data 0.000 (0.067) loss 0.1040 (0.4135) acc 100.0000 (88.4375) spf_gamma 0.0500 (0.0500) spf_rank 8.0000 (8.0000) lr 1.0000e-03 eta 0:00:03 user 0
epoch [1/1] batch [20/35] time 0.074 (0.104) data 0.000 (0.034) loss 0.2477 (0.3761) acc 93.7500 (89.5312) spf_gamma 0.0500 (0.0500) spf_rank 8.0000 (8.0000) lr 1.0000e-03 eta 0:00:01 user 0
epoch [1/1] batch [30/35] time 0.067 (0.092) data 0.000 (0.022) loss 0.2896 (0.3565) acc 90.6250 (89.8958) spf_gamma 0.0500 (0.0500) spf_rank 8.0000 (8.0000) lr 1.0000e-03 eta 0:00:00 user 0
Finish training: 0 user
Deploy the last-epoch model
0 User, Elapsed: 0:00:03
epoch [1/1] batch [10/35] time 0.076 (0.160) data 0.000 (0.085) loss 0.3687 (0.4639) acc 90.6250 (87.8125) spf_gamma 0.0500 (0.0500) spf_rank 8.0000 (8.0000) lr 1.0000e-03 eta 0:00:04 user 1
epoch [1/1] batch [20/35] time 0.071 (0.117) data 0.000 (0.043) loss 0.8550 (0.4925) acc 75.0000 (84.8438) spf_gamma 0.0500 (0.0500) spf_rank 8.0000 (8.0000) lr 1.0000e-03 eta 0:00:01 user 1
epoch [1/1] batch [30/35] time 0.064 (0.100) data 0.000 (0.029) loss 0.9820 (0.5257) acc 68.7500 (83.9583) spf_gamma 0.0500 (0.0500) spf_rank 8.0000 (8.0000) lr 1.0000e-03 eta 0:00:00 user 1
Finish training: 1 user
Deploy the last-epoch model
1 User, Elapsed: 0:00:03
epoch [1/1] batch [1/6] time 0.925 (0.925) data 0.842 (0.842) loss 0.0671 (0.0671) acc 100.0000 (100.0000) spf_gamma 0.0500 (0.0500) spf_rank 8.0000 (8.0000) lr 1.0000e-03 eta 0:00:04 user 2
epoch [1/1] batch [2/6] time 0.073 (0.499) data 0.000 (0.421) loss 0.2023 (0.1347) acc 93.7500 (96.8750) spf_gamma 0.0500 (0.0500) spf_rank 8.0000 (8.0000) lr 1.0000e-03 eta 0:00:01 user 2
epoch [1/1] batch [3/6] time 0.074 (0.357) data 0.000 (0.281) loss 0.0333 (0.1009) acc 100.0000 (97.9167) spf_gamma 0.0500 (0.0500) spf_rank 8.0000 (8.0000) lr 1.0000e-03 eta 0:00:01 user 2
epoch [1/1] batch [4/6] time 0.067 (0.285) data 0.000 (0.211) loss 0.2254 (0.1320) acc 93.7500 (96.8750) spf_gamma 0.0500 (0.0500) spf_rank 8.0000 (8.0000) lr 1.0000e-03 eta 0:00:00 user 2
epoch [1/1] batch [5/6] time 0.068 (0.242) data 0.000 (0.169) loss 0.2300 (0.1516) acc 93.7500 (96.2500) spf_gamma 0.0500 (0.0500) spf_rank 8.0000 (8.0000) lr 1.0000e-03 eta 0:00:00 user 2
epoch [1/1] batch [6/6] time 0.071 (0.213) data 0.000 (0.140) loss 0.4239 (0.1970) acc 90.6250 (95.3125) spf_gamma 0.0500 (0.0500) spf_rank 8.0000 (8.0000) lr 1.0000e-03 eta 0:00:00 user 2
Finish training: 2 user
Deploy the last-epoch model
2 User, Elapsed: 0:00:01
epoch [1/1] batch [1/5] time 1.147 (1.147) data 1.068 (1.068) loss 0.1143 (0.1143) acc 96.8750 (96.8750) spf_gamma 0.0500 (0.0500) spf_rank 8.0000 (8.0000) lr 1.0000e-03 eta 0:00:04 user 3
epoch [1/1] batch [2/5] time 0.069 (0.608) data 0.000 (0.534) loss 0.1525 (0.1334) acc 93.7500 (95.3125) spf_gamma 0.0500 (0.0500) spf_rank 8.0000 (8.0000) lr 1.0000e-03 eta 0:00:01 user 3
epoch [1/1] batch [3/5] time 0.068 (0.428) data 0.000 (0.356) loss 0.0852 (0.1173) acc 100.0000 (96.8750) spf_gamma 0.0500 (0.0500) spf_rank 8.0000 (8.0000) lr 1.0000e-03 eta 0:00:00 user 3
epoch [1/1] batch [4/5] time 0.070 (0.339) data 0.000 (0.267) loss 0.1822 (0.1335) acc 90.6250 (95.3125) spf_gamma 0.0500 (0.0500) spf_rank 8.0000 (8.0000) lr 1.0000e-03 eta 0:00:00 user 3
epoch [1/1] batch [5/5] time 0.069 (0.285) data 0.000 (0.214) loss 0.2600 (0.1588) acc 90.6250 (94.3750) spf_gamma 0.0500 (0.0500) spf_rank 8.0000 (8.0000) lr 1.0000e-03 eta 0:00:00 user 3
Finish training: 3 user
Deploy the last-epoch model
3 User, Elapsed: 0:00:02
epoch [1/1] batch [10/10] time 0.067 (0.157) data 0.000 (0.085) loss 0.2407 (0.2668) acc 93.7500 (92.1875) spf_gamma 0.0500 (0.0500) spf_rank 8.0000 (8.0000) lr 1.0000e-03 eta 0:00:00 user 4
Finish training: 4 user
Deploy the last-epoch model
4 User, Elapsed: 0:00:02
epoch [1/1] batch [1/9] time 0.856 (0.856) data 0.776 (0.776) loss 0.2849 (0.2849) acc 87.5000 (87.5000) spf_gamma 0.0500 (0.0500) spf_rank 8.0000 (8.0000) lr 1.0000e-03 eta 0:00:06 user 5
epoch [1/1] batch [2/9] time 0.065 (0.460) data 0.000 (0.388) loss 0.4217 (0.3533) acc 87.5000 (87.5000) spf_gamma 0.0500 (0.0500) spf_rank 8.0000 (8.0000) lr 1.0000e-03 eta 0:00:03 user 5
epoch [1/1] batch [3/9] time 0.075 (0.332) data 0.000 (0.259) loss 0.2605 (0.3224) acc 87.5000 (87.5000) spf_gamma 0.0500 (0.0500) spf_rank 8.0000 (8.0000) lr 1.0000e-03 eta 0:00:01 user 5
epoch [1/1] batch [4/9] time 0.067 (0.266) data 0.000 (0.194) loss 0.4458 (0.3532) acc 84.3750 (86.7188) spf_gamma 0.0500 (0.0500) spf_rank 8.0000 (8.0000) lr 1.0000e-03 eta 0:00:01 user 5
epoch [1/1] batch [5/9] time 0.072 (0.227) data 0.000 (0.155) loss 0.2910 (0.3408) acc 90.6250 (87.5000) spf_gamma 0.0500 (0.0500) spf_rank 8.0000 (8.0000) lr 1.0000e-03 eta 0:00:00 user 5
epoch [1/1] batch [6/9] time 0.065 (0.200) data 0.000 (0.129) loss 0.1966 (0.3168) acc 93.7500 (88.5417) spf_gamma 0.0500 (0.0500) spf_rank 8.0000 (8.0000) lr 1.0000e-03 eta 0:00:00 user 5
epoch [1/1] batch [7/9] time 0.064 (0.181) data 0.000 (0.111) loss 0.3850 (0.3265) acc 93.7500 (89.2857) spf_gamma 0.0500 (0.0500) spf_rank 8.0000 (8.0000) lr 1.0000e-03 eta 0:00:00 user 5
epoch [1/1] batch [8/9] time 0.066 (0.166) data 0.000 (0.097) loss 0.2404 (0.3157) acc 93.7500 (89.8438) spf_gamma 0.0500 (0.0500) spf_rank 8.0000 (8.0000) lr 1.0000e-03 eta 0:00:00 user 5
epoch [1/1] batch [9/9] time 0.063 (0.155) data 0.000 (0.086) loss 0.1745 (0.3000) acc 93.7500 (90.2778) spf_gamma 0.0500 (0.0500) spf_rank 8.0000 (8.0000) lr 1.0000e-03 eta 0:00:00 user 5
Finish training: 5 user
Deploy the last-epoch model
5 User, Elapsed: 0:00:01
------------local train finish epoch: 30 -------------
------------local test start-------------
Evaluate on the client0_test set
  0%|          | 0/3 [00:00<?, ?it/s] 33%|███▎      | 1/3 [00:01<00:02,  1.06s/it] 67%|██████▋   | 2/3 [00:01<00:00,  1.87it/s]100%|██████████| 3/3 [00:01<00:00,  2.20it/s]
=> result
* total: 269
* correct: 247
* accuracy: 91.8%
* error: 8.2%
* macro_f1: 89.8%
Evaluate on the client1_test set
  0%|          | 0/3 [00:00<?, ?it/s] 33%|███▎      | 1/3 [00:01<00:02,  1.06s/it] 67%|██████▋   | 2/3 [00:01<00:00,  1.86it/s]100%|██████████| 3/3 [00:01<00:00,  2.12it/s]
=> result
* total: 293
* correct: 259
* accuracy: 88.4%
* error: 11.6%
* macro_f1: 80.2%
Evaluate on the client2_test set
  0%|          | 0/1 [00:00<?, ?it/s]100%|██████████| 1/1 [00:01<00:00,  1.12s/it]100%|██████████| 1/1 [00:01<00:00,  1.24s/it]
=> result
* total: 44
* correct: 44
* accuracy: 100.0%
* error: 0.0%
* macro_f1: 100.0%
Evaluate on the client3_test set
  0%|          | 0/1 [00:00<?, ?it/s]100%|██████████| 1/1 [00:01<00:00,  1.35s/it]100%|██████████| 1/1 [00:01<00:00,  1.44s/it]
=> result
* total: 54
* correct: 49
* accuracy: 90.7%
* error: 9.3%
* macro_f1: 80.4%
Evaluate on the client4_test set
  0%|          | 0/1 [00:00<?, ?it/s]100%|██████████| 1/1 [00:00<00:00,  1.07it/s]100%|██████████| 1/1 [00:01<00:00,  1.04s/it]
=> result
* total: 69
* correct: 67
* accuracy: 97.1%
* error: 2.9%
* macro_f1: 96.4%
Evaluate on the client5_test set
  0%|          | 0/1 [00:00<?, ?it/s]100%|██████████| 1/1 [00:01<00:00,  1.09s/it]100%|██████████| 1/1 [00:01<00:00,  1.19s/it]=> result
* total: 89
* correct: 86
* accuracy: 96.6%
* error: 3.4%
* macro_f1: 88.2%
0 --Local test acc: 91.82156133828997
1 --Local test acc: 88.39590443686006
2 --Local test acc: 100.0
3 --Local test acc: 90.74074074074075
4 --Local test acc: 97.10144927536231
5 --Local test acc: 96.62921348314607
--Global test acc: 94.11481154573319
Epoch:30
------------local test finish-------------
idxs_users [0, 1, 2, 3, 4, 5]
------------local train start epoch: 31 -------------

epoch [1/1] batch [10/35] time 0.068 (0.141) data 0.000 (0.069) loss 0.3626 (0.3638) acc 87.5000 (90.0000) spf_gamma 0.0500 (0.0500) spf_rank 8.0000 (8.0000) lr 1.0000e-03 eta 0:00:03 user 0
epoch [1/1] batch [20/35] time 0.063 (0.104) data 0.000 (0.035) loss 0.4485 (0.3638) acc 90.6250 (90.1562) spf_gamma 0.0500 (0.0500) spf_rank 8.0000 (8.0000) lr 1.0000e-03 eta 0:00:01 user 0
epoch [1/1] batch [30/35] time 0.064 (0.093) data 0.000 (0.023) loss 0.1612 (0.3600) acc 96.8750 (90.5208) spf_gamma 0.0500 (0.0500) spf_rank 8.0000 (8.0000) lr 1.0000e-03 eta 0:00:00 user 0
Finish training: 0 user
Deploy the last-epoch model
0 User, Elapsed: 0:00:03
epoch [1/1] batch [10/35] time 0.068 (0.139) data 0.000 (0.066) loss 0.9068 (0.5385) acc 65.6250 (82.5000) spf_gamma 0.0500 (0.0500) spf_rank 8.0000 (8.0000) lr 1.0000e-03 eta 0:00:03 user 1
epoch [1/1] batch [20/35] time 0.081 (0.109) data 0.000 (0.033) loss 0.7652 (0.4961) acc 75.0000 (85.0000) spf_gamma 0.0500 (0.0500) spf_rank 8.0000 (8.0000) lr 1.0000e-03 eta 0:00:01 user 1
epoch [1/1] batch [30/35] time 0.065 (0.096) data 0.000 (0.022) loss 0.9605 (0.4780) acc 71.8750 (85.2083) spf_gamma 0.0500 (0.0500) spf_rank 8.0000 (8.0000) lr 1.0000e-03 eta 0:00:00 user 1
Finish training: 1 user
Deploy the last-epoch model
1 User, Elapsed: 0:00:03
epoch [1/1] batch [1/6] time 1.003 (1.003) data 0.916 (0.916) loss 0.1959 (0.1959) acc 90.6250 (90.6250) spf_gamma 0.0500 (0.0500) spf_rank 8.0000 (8.0000) lr 1.0000e-03 eta 0:00:05 user 2
epoch [1/1] batch [2/6] time 0.070 (0.537) data 0.000 (0.458) loss 0.0806 (0.1383) acc 100.0000 (95.3125) spf_gamma 0.0500 (0.0500) spf_rank 8.0000 (8.0000) lr 1.0000e-03 eta 0:00:02 user 2
epoch [1/1] batch [3/6] time 0.064 (0.379) data 0.000 (0.305) loss 0.0839 (0.1201) acc 96.8750 (95.8333) spf_gamma 0.0500 (0.0500) spf_rank 8.0000 (8.0000) lr 1.0000e-03 eta 0:00:01 user 2
epoch [1/1] batch [4/6] time 0.063 (0.300) data 0.000 (0.229) loss 0.3059 (0.1666) acc 93.7500 (95.3125) spf_gamma 0.0500 (0.0500) spf_rank 8.0000 (8.0000) lr 1.0000e-03 eta 0:00:00 user 2
epoch [1/1] batch [5/6] time 0.063 (0.253) data 0.000 (0.183) loss 0.2022 (0.1737) acc 93.7500 (95.0000) spf_gamma 0.0500 (0.0500) spf_rank 8.0000 (8.0000) lr 1.0000e-03 eta 0:00:00 user 2
epoch [1/1] batch [6/6] time 0.073 (0.223) data 0.000 (0.153) loss 0.1867 (0.1759) acc 96.8750 (95.3125) spf_gamma 0.0500 (0.0500) spf_rank 8.0000 (8.0000) lr 1.0000e-03 eta 0:00:00 user 2
Finish training: 2 user
Deploy the last-epoch model
2 User, Elapsed: 0:00:01
epoch [1/1] batch [1/5] time 0.979 (0.979) data 0.889 (0.889) loss 0.2703 (0.2703) acc 93.7500 (93.7500) spf_gamma 0.0500 (0.0500) spf_rank 8.0000 (8.0000) lr 1.0000e-03 eta 0:00:03 user 3
epoch [1/1] batch [2/5] time 0.075 (0.527) data 0.000 (0.445) loss 0.2038 (0.2370) acc 93.7500 (93.7500) spf_gamma 0.0500 (0.0500) spf_rank 8.0000 (8.0000) lr 1.0000e-03 eta 0:00:01 user 3
epoch [1/1] batch [3/5] time 0.068 (0.374) data 0.000 (0.297) loss 0.0815 (0.1852) acc 100.0000 (95.8333) spf_gamma 0.0500 (0.0500) spf_rank 8.0000 (8.0000) lr 1.0000e-03 eta 0:00:00 user 3
epoch [1/1] batch [4/5] time 0.081 (0.301) data 0.000 (0.222) loss 0.1848 (0.1851) acc 90.6250 (94.5312) spf_gamma 0.0500 (0.0500) spf_rank 8.0000 (8.0000) lr 1.0000e-03 eta 0:00:00 user 3
epoch [1/1] batch [5/5] time 0.070 (0.255) data 0.000 (0.178) loss 0.2564 (0.1994) acc 93.7500 (94.3750) spf_gamma 0.0500 (0.0500) spf_rank 8.0000 (8.0000) lr 1.0000e-03 eta 0:00:00 user 3
Finish training: 3 user
Deploy the last-epoch model
3 User, Elapsed: 0:00:01
epoch [1/1] batch [10/10] time 0.064 (0.138) data 0.000 (0.069) loss 0.5362 (0.3231) acc 81.2500 (91.2500) spf_gamma 0.0500 (0.0500) spf_rank 8.0000 (8.0000) lr 1.0000e-03 eta 0:00:00 user 4
Finish training: 4 user
Deploy the last-epoch model
4 User, Elapsed: 0:00:01
epoch [1/1] batch [1/9] time 0.817 (0.817) data 0.743 (0.743) loss 0.2583 (0.2583) acc 90.6250 (90.6250) spf_gamma 0.0500 (0.0500) spf_rank 8.0000 (8.0000) lr 1.0000e-03 eta 0:00:06 user 5
epoch [1/1] batch [2/9] time 0.065 (0.441) data 0.000 (0.371) loss 0.1935 (0.2259) acc 96.8750 (93.7500) spf_gamma 0.0500 (0.0500) spf_rank 8.0000 (8.0000) lr 1.0000e-03 eta 0:00:03 user 5
epoch [1/1] batch [3/9] time 0.077 (0.320) data 0.000 (0.248) loss 0.2561 (0.2360) acc 93.7500 (93.7500) spf_gamma 0.0500 (0.0500) spf_rank 8.0000 (8.0000) lr 1.0000e-03 eta 0:00:01 user 5
epoch [1/1] batch [4/9] time 0.066 (0.256) data 0.000 (0.186) loss 0.2859 (0.2485) acc 93.7500 (93.7500) spf_gamma 0.0500 (0.0500) spf_rank 8.0000 (8.0000) lr 1.0000e-03 eta 0:00:01 user 5
epoch [1/1] batch [5/9] time 0.071 (0.219) data 0.000 (0.149) loss 0.2216 (0.2431) acc 90.6250 (93.1250) spf_gamma 0.0500 (0.0500) spf_rank 8.0000 (8.0000) lr 1.0000e-03 eta 0:00:00 user 5
epoch [1/1] batch [6/9] time 0.074 (0.195) data 0.000 (0.124) loss 0.3457 (0.2602) acc 90.6250 (92.7083) spf_gamma 0.0500 (0.0500) spf_rank 8.0000 (8.0000) lr 1.0000e-03 eta 0:00:00 user 5
epoch [1/1] batch [7/9] time 0.074 (0.178) data 0.000 (0.106) loss 0.3672 (0.2755) acc 87.5000 (91.9643) spf_gamma 0.0500 (0.0500) spf_rank 8.0000 (8.0000) lr 1.0000e-03 eta 0:00:00 user 5
epoch [1/1] batch [8/9] time 0.074 (0.165) data 0.000 (0.093) loss 0.0273 (0.2445) acc 100.0000 (92.9688) spf_gamma 0.0500 (0.0500) spf_rank 8.0000 (8.0000) lr 1.0000e-03 eta 0:00:00 user 5
epoch [1/1] batch [9/9] time 0.068 (0.154) data 0.000 (0.083) loss 0.2823 (0.2487) acc 96.8750 (93.4028) spf_gamma 0.0500 (0.0500) spf_rank 8.0000 (8.0000) lr 1.0000e-03 eta 0:00:00 user 5
Finish training: 5 user
Deploy the last-epoch model
5 User, Elapsed: 0:00:01
------------local train finish epoch: 31 -------------
------------local test start-------------
Evaluate on the client0_test set
  0%|          | 0/3 [00:00<?, ?it/s] 33%|███▎      | 1/3 [00:01<00:02,  1.09s/it] 67%|██████▋   | 2/3 [00:01<00:00,  1.82it/s]100%|██████████| 3/3 [00:01<00:00,  2.14it/s]
=> result
* total: 269
* correct: 248
* accuracy: 92.2%
* error: 7.8%
* macro_f1: 90.5%
Evaluate on the client1_test set
  0%|          | 0/3 [00:00<?, ?it/s] 33%|███▎      | 1/3 [00:01<00:02,  1.13s/it] 67%|██████▋   | 2/3 [00:01<00:00,  1.77it/s]100%|██████████| 3/3 [00:01<00:00,  2.06it/s]
=> result
* total: 293
* correct: 262
* accuracy: 89.4%
* error: 10.6%
* macro_f1: 82.3%
Evaluate on the client2_test set
  0%|          | 0/1 [00:00<?, ?it/s]100%|██████████| 1/1 [00:01<00:00,  1.20s/it]100%|██████████| 1/1 [00:01<00:00,  1.30s/it]
=> result
* total: 44
* correct: 44
* accuracy: 100.0%
* error: 0.0%
* macro_f1: 100.0%
Evaluate on the client3_test set
  0%|          | 0/1 [00:00<?, ?it/s]100%|██████████| 1/1 [00:01<00:00,  1.27s/it]100%|██████████| 1/1 [00:01<00:00,  1.38s/it]
=> result
* total: 54
* correct: 51
* accuracy: 94.4%
* error: 5.6%
* macro_f1: 87.5%
Evaluate on the client4_test set
  0%|          | 0/1 [00:00<?, ?it/s]100%|██████████| 1/1 [00:00<00:00,  1.08it/s]100%|██████████| 1/1 [00:01<00:00,  1.06s/it]
=> result
* total: 69
* correct: 67
* accuracy: 97.1%
* error: 2.9%
* macro_f1: 97.9%
Evaluate on the client5_test set
  0%|          | 0/1 [00:00<?, ?it/s]100%|██████████| 1/1 [00:01<00:00,  1.26s/it]100%|██████████| 1/1 [00:01<00:00,  1.37s/it]=> result
* total: 89
* correct: 87
* accuracy: 97.8%
* error: 2.2%
* macro_f1: 95.0%
0 --Local test acc: 92.19330855018588
1 --Local test acc: 89.419795221843
2 --Local test acc: 100.0
3 --Local test acc: 94.44444444444444
4 --Local test acc: 97.10144927536231
5 --Local test acc: 97.75280898876404
--Global test acc: 95.15196774676662
Epoch:31
------------local test finish-------------
idxs_users [0, 1, 2, 3, 4, 5]
------------local train start epoch: 32 -------------

epoch [1/1] batch [10/35] time 0.065 (0.137) data 0.000 (0.063) loss 0.1995 (0.3953) acc 93.7500 (89.0625) spf_gamma 0.0500 (0.0500) spf_rank 8.0000 (8.0000) lr 1.0000e-03 eta 0:00:03 user 0
epoch [1/1] batch [20/35] time 0.069 (0.105) data 0.000 (0.031) loss 0.1757 (0.3497) acc 93.7500 (90.3125) spf_gamma 0.0500 (0.0500) spf_rank 8.0000 (8.0000) lr 1.0000e-03 eta 0:00:01 user 0
epoch [1/1] batch [30/35] time 0.074 (0.093) data 0.000 (0.021) loss 0.2154 (0.3617) acc 87.5000 (89.5833) spf_gamma 0.0500 (0.0500) spf_rank 8.0000 (8.0000) lr 1.0000e-03 eta 0:00:00 user 0
Finish training: 0 user
Deploy the last-epoch model
0 User, Elapsed: 0:00:03
epoch [1/1] batch [10/35] time 0.069 (0.142) data 0.000 (0.066) loss 0.5635 (0.3956) acc 84.3750 (89.0625) spf_gamma 0.0500 (0.0500) spf_rank 8.0000 (8.0000) lr 1.0000e-03 eta 0:00:03 user 1
epoch [1/1] batch [20/35] time 0.077 (0.107) data 0.000 (0.033) loss 0.5366 (0.4793) acc 78.1250 (85.0000) spf_gamma 0.0500 (0.0500) spf_rank 8.0000 (8.0000) lr 1.0000e-03 eta 0:00:01 user 1
epoch [1/1] batch [30/35] time 0.078 (0.095) data 0.000 (0.022) loss 0.4641 (0.4929) acc 84.3750 (84.4792) spf_gamma 0.0500 (0.0500) spf_rank 8.0000 (8.0000) lr 1.0000e-03 eta 0:00:00 user 1
Finish training: 1 user
Deploy the last-epoch model
1 User, Elapsed: 0:00:03
epoch [1/1] batch [1/6] time 0.989 (0.989) data 0.916 (0.916) loss 0.0955 (0.0955) acc 96.8750 (96.8750) spf_gamma 0.0500 (0.0500) spf_rank 8.0000 (8.0000) lr 1.0000e-03 eta 0:00:04 user 2
epoch [1/1] batch [2/6] time 0.080 (0.534) data 0.000 (0.458) loss 0.1469 (0.1212) acc 93.7500 (95.3125) spf_gamma 0.0500 (0.0500) spf_rank 8.0000 (8.0000) lr 1.0000e-03 eta 0:00:02 user 2
epoch [1/1] batch [3/6] time 0.068 (0.379) data 0.000 (0.306) loss 0.2329 (0.1584) acc 90.6250 (93.7500) spf_gamma 0.0500 (0.0500) spf_rank 8.0000 (8.0000) lr 1.0000e-03 eta 0:00:01 user 2
epoch [1/1] batch [4/6] time 0.064 (0.300) data 0.000 (0.229) loss 0.1745 (0.1624) acc 96.8750 (94.5312) spf_gamma 0.0500 (0.0500) spf_rank 8.0000 (8.0000) lr 1.0000e-03 eta 0:00:00 user 2
epoch [1/1] batch [5/6] time 0.065 (0.253) data 0.000 (0.183) loss 0.0722 (0.1444) acc 100.0000 (95.6250) spf_gamma 0.0500 (0.0500) spf_rank 8.0000 (8.0000) lr 1.0000e-03 eta 0:00:00 user 2
epoch [1/1] batch [6/6] time 0.064 (0.222) data 0.000 (0.153) loss 0.2149 (0.1561) acc 96.8750 (95.8333) spf_gamma 0.0500 (0.0500) spf_rank 8.0000 (8.0000) lr 1.0000e-03 eta 0:00:00 user 2
Finish training: 2 user
Deploy the last-epoch model
2 User, Elapsed: 0:00:01
epoch [1/1] batch [1/5] time 0.899 (0.899) data 0.813 (0.813) loss 0.3316 (0.3316) acc 93.7500 (93.7500) spf_gamma 0.0500 (0.0500) spf_rank 8.0000 (8.0000) lr 1.0000e-03 eta 0:00:03 user 3
epoch [1/1] batch [2/5] time 0.064 (0.481) data 0.000 (0.406) loss 0.1271 (0.2293) acc 100.0000 (96.8750) spf_gamma 0.0500 (0.0500) spf_rank 8.0000 (8.0000) lr 1.0000e-03 eta 0:00:01 user 3
epoch [1/1] batch [3/5] time 0.064 (0.342) data 0.000 (0.271) loss 0.1065 (0.1884) acc 96.8750 (96.8750) spf_gamma 0.0500 (0.0500) spf_rank 8.0000 (8.0000) lr 1.0000e-03 eta 0:00:00 user 3
epoch [1/1] batch [4/5] time 0.064 (0.273) data 0.000 (0.203) loss 0.2630 (0.2070) acc 90.6250 (95.3125) spf_gamma 0.0500 (0.0500) spf_rank 8.0000 (8.0000) lr 1.0000e-03 eta 0:00:00 user 3
epoch [1/1] batch [5/5] time 0.066 (0.231) data 0.000 (0.163) loss 0.1601 (0.1976) acc 96.8750 (95.6250) spf_gamma 0.0500 (0.0500) spf_rank 8.0000 (8.0000) lr 1.0000e-03 eta 0:00:00 user 3
Finish training: 3 user
Deploy the last-epoch model
3 User, Elapsed: 0:00:01
epoch [1/1] batch [10/10] time 0.064 (0.134) data 0.000 (0.070) loss 0.0501 (0.2795) acc 100.0000 (92.8125) spf_gamma 0.0500 (0.0500) spf_rank 8.0000 (8.0000) lr 1.0000e-03 eta 0:00:00 user 4
Finish training: 4 user
Deploy the last-epoch model
4 User, Elapsed: 0:00:01
epoch [1/1] batch [1/9] time 0.729 (0.729) data 0.651 (0.651) loss 0.0564 (0.0564) acc 100.0000 (100.0000) spf_gamma 0.0500 (0.0500) spf_rank 8.0000 (8.0000) lr 1.0000e-03 eta 0:00:05 user 5
epoch [1/1] batch [2/9] time 0.071 (0.400) data 0.000 (0.326) loss 0.2246 (0.1405) acc 93.7500 (96.8750) spf_gamma 0.0500 (0.0500) spf_rank 8.0000 (8.0000) lr 1.0000e-03 eta 0:00:02 user 5
epoch [1/1] batch [3/9] time 0.074 (0.291) data 0.000 (0.217) loss 0.1604 (0.1472) acc 96.8750 (96.8750) spf_gamma 0.0500 (0.0500) spf_rank 8.0000 (8.0000) lr 1.0000e-03 eta 0:00:01 user 5
epoch [1/1] batch [4/9] time 0.072 (0.237) data 0.000 (0.163) loss 0.2569 (0.1746) acc 90.6250 (95.3125) spf_gamma 0.0500 (0.0500) spf_rank 8.0000 (8.0000) lr 1.0000e-03 eta 0:00:01 user 5
epoch [1/1] batch [5/9] time 0.071 (0.203) data 0.000 (0.130) loss 0.1725 (0.1742) acc 93.7500 (95.0000) spf_gamma 0.0500 (0.0500) spf_rank 8.0000 (8.0000) lr 1.0000e-03 eta 0:00:00 user 5
epoch [1/1] batch [6/9] time 0.071 (0.181) data 0.000 (0.109) loss 0.0763 (0.1579) acc 96.8750 (95.3125) spf_gamma 0.0500 (0.0500) spf_rank 8.0000 (8.0000) lr 1.0000e-03 eta 0:00:00 user 5
epoch [1/1] batch [7/9] time 0.071 (0.166) data 0.000 (0.093) loss 0.4624 (0.2014) acc 84.3750 (93.7500) spf_gamma 0.0500 (0.0500) spf_rank 8.0000 (8.0000) lr 1.0000e-03 eta 0:00:00 user 5
epoch [1/1] batch [8/9] time 0.071 (0.154) data 0.000 (0.081) loss 0.1624 (0.1965) acc 93.7500 (93.7500) spf_gamma 0.0500 (0.0500) spf_rank 8.0000 (8.0000) lr 1.0000e-03 eta 0:00:00 user 5
epoch [1/1] batch [9/9] time 0.072 (0.145) data 0.000 (0.072) loss 0.1988 (0.1967) acc 96.8750 (94.0972) spf_gamma 0.0500 (0.0500) spf_rank 8.0000 (8.0000) lr 1.0000e-03 eta 0:00:00 user 5
Finish training: 5 user
Deploy the last-epoch model
5 User, Elapsed: 0:00:01
------------local train finish epoch: 32 -------------
------------local test start-------------
Evaluate on the client0_test set
  0%|          | 0/3 [00:00<?, ?it/s] 33%|███▎      | 1/3 [00:01<00:02,  1.12s/it] 67%|██████▋   | 2/3 [00:01<00:00,  1.78it/s]100%|██████████| 3/3 [00:01<00:00,  2.11it/s]
=> result
* total: 269
* correct: 249
* accuracy: 92.6%
* error: 7.4%
* macro_f1: 90.8%
Evaluate on the client1_test set
  0%|          | 0/3 [00:00<?, ?it/s] 33%|███▎      | 1/3 [00:01<00:02,  1.10s/it] 67%|██████▋   | 2/3 [00:01<00:00,  1.82it/s]100%|██████████| 3/3 [00:01<00:00,  2.08it/s]
=> result
* total: 293
* correct: 262
* accuracy: 89.4%
* error: 10.6%
* macro_f1: 81.9%
Evaluate on the client2_test set
  0%|          | 0/1 [00:00<?, ?it/s]100%|██████████| 1/1 [00:01<00:00,  1.25s/it]100%|██████████| 1/1 [00:01<00:00,  1.35s/it]
=> result
* total: 44
* correct: 42
* accuracy: 95.5%
* error: 4.5%
* macro_f1: 95.4%
Evaluate on the client3_test set
  0%|          | 0/1 [00:00<?, ?it/s]100%|██████████| 1/1 [00:01<00:00,  1.29s/it]100%|██████████| 1/1 [00:01<00:00,  1.39s/it]
=> result
* total: 54
* correct: 50
* accuracy: 92.6%
* error: 7.4%
* macro_f1: 83.7%
Evaluate on the client4_test set
  0%|          | 0/1 [00:00<?, ?it/s]100%|██████████| 1/1 [00:00<00:00,  1.03it/s]100%|██████████| 1/1 [00:01<00:00,  1.07s/it]
=> result
* total: 69
* correct: 68
* accuracy: 98.6%
* error: 1.4%
* macro_f1: 99.1%
Evaluate on the client5_test set
  0%|          | 0/1 [00:00<?, ?it/s]100%|██████████| 1/1 [00:01<00:00,  1.11s/it]100%|██████████| 1/1 [00:01<00:00,  1.23s/it]=> result
* total: 89
* correct: 88
* accuracy: 98.9%
* error: 1.1%
* macro_f1: 95.7%
0 --Local test acc: 92.56505576208178
1 --Local test acc: 89.419795221843
2 --Local test acc: 95.45454545454545
3 --Local test acc: 92.5925925925926
4 --Local test acc: 98.55072463768116
5 --Local test acc: 98.87640449438203
--Global test acc: 94.57651969385434
Epoch:32
------------local test finish-------------
idxs_users [0, 1, 2, 3, 4, 5]
------------local train start epoch: 33 -------------

epoch [1/1] batch [10/35] time 0.066 (0.140) data 0.000 (0.067) loss 0.2554 (0.4491) acc 93.7500 (88.1250) spf_gamma 0.0500 (0.0500) spf_rank 8.0000 (8.0000) lr 1.0000e-03 eta 0:00:03 user 0
epoch [1/1] batch [20/35] time 0.070 (0.102) data 0.000 (0.033) loss 0.5508 (0.4039) acc 84.3750 (88.9062) spf_gamma 0.0500 (0.0500) spf_rank 8.0000 (8.0000) lr 1.0000e-03 eta 0:00:01 user 0
epoch [1/1] batch [30/35] time 0.064 (0.090) data 0.000 (0.022) loss 0.1575 (0.3446) acc 96.8750 (90.4167) spf_gamma 0.0500 (0.0500) spf_rank 8.0000 (8.0000) lr 1.0000e-03 eta 0:00:00 user 0
Finish training: 0 user
Deploy the last-epoch model
0 User, Elapsed: 0:00:03
epoch [1/1] batch [10/35] time 0.069 (0.140) data 0.000 (0.063) loss 0.5264 (0.4693) acc 84.3750 (86.5625) spf_gamma 0.0500 (0.0500) spf_rank 8.0000 (8.0000) lr 1.0000e-03 eta 0:00:03 user 1
epoch [1/1] batch [20/35] time 0.066 (0.106) data 0.000 (0.032) loss 0.8233 (0.4895) acc 75.0000 (85.0000) spf_gamma 0.0500 (0.0500) spf_rank 8.0000 (8.0000) lr 1.0000e-03 eta 0:00:01 user 1
epoch [1/1] batch [30/35] time 0.072 (0.095) data 0.000 (0.021) loss 0.3191 (0.4708) acc 93.7500 (86.0417) spf_gamma 0.0500 (0.0500) spf_rank 8.0000 (8.0000) lr 1.0000e-03 eta 0:00:00 user 1
Finish training: 1 user
Deploy the last-epoch model
1 User, Elapsed: 0:00:03
epoch [1/1] batch [1/6] time 1.029 (1.029) data 0.947 (0.947) loss 0.1488 (0.1488) acc 93.7500 (93.7500) spf_gamma 0.0500 (0.0500) spf_rank 8.0000 (8.0000) lr 1.0000e-03 eta 0:00:05 user 2
epoch [1/1] batch [2/6] time 0.098 (0.563) data 0.019 (0.483) loss 0.2311 (0.1900) acc 96.8750 (95.3125) spf_gamma 0.0500 (0.0500) spf_rank 8.0000 (8.0000) lr 1.0000e-03 eta 0:00:02 user 2
epoch [1/1] batch [3/6] time 0.073 (0.400) data 0.000 (0.322) loss 0.4446 (0.2748) acc 87.5000 (92.7083) spf_gamma 0.0500 (0.0500) spf_rank 8.0000 (8.0000) lr 1.0000e-03 eta 0:00:01 user 2
epoch [1/1] batch [4/6] time 0.067 (0.317) data 0.000 (0.241) loss 0.0441 (0.2171) acc 100.0000 (94.5312) spf_gamma 0.0500 (0.0500) spf_rank 8.0000 (8.0000) lr 1.0000e-03 eta 0:00:00 user 2
epoch [1/1] batch [5/6] time 0.066 (0.267) data 0.000 (0.193) loss 0.1160 (0.1969) acc 96.8750 (95.0000) spf_gamma 0.0500 (0.0500) spf_rank 8.0000 (8.0000) lr 1.0000e-03 eta 0:00:00 user 2
epoch [1/1] batch [6/6] time 0.067 (0.233) data 0.000 (0.161) loss 0.2252 (0.2016) acc 90.6250 (94.2708) spf_gamma 0.0500 (0.0500) spf_rank 8.0000 (8.0000) lr 1.0000e-03 eta 0:00:00 user 2
Finish training: 2 user
Deploy the last-epoch model
2 User, Elapsed: 0:00:02
epoch [1/1] batch [1/5] time 0.988 (0.988) data 0.913 (0.913) loss 0.2952 (0.2952) acc 87.5000 (87.5000) spf_gamma 0.0500 (0.0500) spf_rank 8.0000 (8.0000) lr 1.0000e-03 eta 0:00:03 user 3
epoch [1/1] batch [2/5] time 0.064 (0.526) data 0.000 (0.456) loss 0.1172 (0.2062) acc 96.8750 (92.1875) spf_gamma 0.0500 (0.0500) spf_rank 8.0000 (8.0000) lr 1.0000e-03 eta 0:00:01 user 3
epoch [1/1] batch [3/5] time 0.064 (0.372) data 0.000 (0.304) loss 0.0404 (0.1509) acc 100.0000 (94.7917) spf_gamma 0.0500 (0.0500) spf_rank 8.0000 (8.0000) lr 1.0000e-03 eta 0:00:00 user 3
epoch [1/1] batch [4/5] time 0.072 (0.297) data 0.000 (0.228) loss 0.0427 (0.1239) acc 100.0000 (96.0938) spf_gamma 0.0500 (0.0500) spf_rank 8.0000 (8.0000) lr 1.0000e-03 eta 0:00:00 user 3
epoch [1/1] batch [5/5] time 0.068 (0.251) data 0.000 (0.183) loss 0.0652 (0.1121) acc 100.0000 (96.8750) spf_gamma 0.0500 (0.0500) spf_rank 8.0000 (8.0000) lr 1.0000e-03 eta 0:00:00 user 3
Finish training: 3 user
Deploy the last-epoch model
3 User, Elapsed: 0:00:01
epoch [1/1] batch [10/10] time 0.065 (0.137) data 0.000 (0.068) loss 0.4739 (0.2957) acc 87.5000 (91.8750) spf_gamma 0.0500 (0.0500) spf_rank 8.0000 (8.0000) lr 1.0000e-03 eta 0:00:00 user 4
Finish training: 4 user
Deploy the last-epoch model
4 User, Elapsed: 0:00:01
epoch [1/1] batch [1/9] time 0.959 (0.959) data 0.890 (0.890) loss 0.2217 (0.2217) acc 93.7500 (93.7500) spf_gamma 0.0500 (0.0500) spf_rank 8.0000 (8.0000) lr 1.0000e-03 eta 0:00:07 user 5
epoch [1/1] batch [2/9] time 0.064 (0.512) data 0.000 (0.445) loss 0.2932 (0.2575) acc 90.6250 (92.1875) spf_gamma 0.0500 (0.0500) spf_rank 8.0000 (8.0000) lr 1.0000e-03 eta 0:00:03 user 5
epoch [1/1] batch [3/9] time 0.069 (0.364) data 0.000 (0.297) loss 0.1732 (0.2294) acc 96.8750 (93.7500) spf_gamma 0.0500 (0.0500) spf_rank 8.0000 (8.0000) lr 1.0000e-03 eta 0:00:02 user 5
epoch [1/1] batch [4/9] time 0.066 (0.290) data 0.000 (0.223) loss 0.1807 (0.2172) acc 93.7500 (93.7500) spf_gamma 0.0500 (0.0500) spf_rank 8.0000 (8.0000) lr 1.0000e-03 eta 0:00:01 user 5
epoch [1/1] batch [5/9] time 0.065 (0.245) data 0.000 (0.178) loss 0.4263 (0.2590) acc 90.6250 (93.1250) spf_gamma 0.0500 (0.0500) spf_rank 8.0000 (8.0000) lr 1.0000e-03 eta 0:00:00 user 5
epoch [1/1] batch [6/9] time 0.065 (0.215) data 0.000 (0.148) loss 0.2906 (0.2643) acc 87.5000 (92.1875) spf_gamma 0.0500 (0.0500) spf_rank 8.0000 (8.0000) lr 1.0000e-03 eta 0:00:00 user 5
epoch [1/1] batch [7/9] time 0.065 (0.193) data 0.000 (0.127) loss 0.7320 (0.3311) acc 87.5000 (91.5179) spf_gamma 0.0500 (0.0500) spf_rank 8.0000 (8.0000) lr 1.0000e-03 eta 0:00:00 user 5
epoch [1/1] batch [8/9] time 0.064 (0.177) data 0.000 (0.111) loss 0.2625 (0.3225) acc 90.6250 (91.4062) spf_gamma 0.0500 (0.0500) spf_rank 8.0000 (8.0000) lr 1.0000e-03 eta 0:00:00 user 5
epoch [1/1] batch [9/9] time 0.064 (0.165) data 0.000 (0.099) loss 0.4036 (0.3315) acc 90.6250 (91.3194) spf_gamma 0.0500 (0.0500) spf_rank 8.0000 (8.0000) lr 1.0000e-03 eta 0:00:00 user 5
Finish training: 5 user
Deploy the last-epoch model
5 User, Elapsed: 0:00:02
------------local train finish epoch: 33 -------------
------------local test start-------------
Evaluate on the client0_test set
  0%|          | 0/3 [00:00<?, ?it/s] 33%|███▎      | 1/3 [00:01<00:02,  1.28s/it] 67%|██████▋   | 2/3 [00:01<00:00,  1.59it/s]100%|██████████| 3/3 [00:01<00:00,  1.87it/s]
=> result
* total: 269
* correct: 247
* accuracy: 91.8%
* error: 8.2%
* macro_f1: 90.5%
Evaluate on the client1_test set
  0%|          | 0/3 [00:00<?, ?it/s] 33%|███▎      | 1/3 [00:01<00:02,  1.17s/it] 67%|██████▋   | 2/3 [00:01<00:00,  1.72it/s]100%|██████████| 3/3 [00:01<00:00,  1.97it/s]
=> result
* total: 293
* correct: 261
* accuracy: 89.1%
* error: 10.9%
* macro_f1: 81.9%
Evaluate on the client2_test set
  0%|          | 0/1 [00:00<?, ?it/s]100%|██████████| 1/1 [00:01<00:00,  1.06s/it]100%|██████████| 1/1 [00:01<00:00,  1.18s/it]
=> result
* total: 44
* correct: 42
* accuracy: 95.5%
* error: 4.5%
* macro_f1: 95.8%
Evaluate on the client3_test set
  0%|          | 0/1 [00:00<?, ?it/s]100%|██████████| 1/1 [00:01<00:00,  1.20s/it]100%|██████████| 1/1 [00:01<00:00,  1.29s/it]
=> result
* total: 54
* correct: 49
* accuracy: 90.7%
* error: 9.3%
* macro_f1: 80.2%
Evaluate on the client4_test set
  0%|          | 0/1 [00:00<?, ?it/s]100%|██████████| 1/1 [00:00<00:00,  1.04it/s]100%|██████████| 1/1 [00:01<00:00,  1.08s/it]
=> result
* total: 69
* correct: 68
* accuracy: 98.6%
* error: 1.4%
* macro_f1: 98.2%
Evaluate on the client5_test set
  0%|          | 0/1 [00:00<?, ?it/s]100%|██████████| 1/1 [00:01<00:00,  1.05s/it]100%|██████████| 1/1 [00:01<00:00,  1.17s/it]=> result
* total: 89
* correct: 86
* accuracy: 96.6%
* error: 3.4%
* macro_f1: 89.3%
0 --Local test acc: 91.82156133828997
1 --Local test acc: 89.07849829351535
2 --Local test acc: 95.45454545454545
3 --Local test acc: 90.74074074074075
4 --Local test acc: 98.55072463768116
5 --Local test acc: 96.62921348314607
--Global test acc: 93.71254732465313
Epoch:33
------------local test finish-------------
idxs_users [0, 1, 2, 3, 4, 5]
------------local train start epoch: 34 -------------

epoch [1/1] batch [10/35] time 0.066 (0.136) data 0.000 (0.062) loss 0.3313 (0.2605) acc 90.6250 (92.5000) spf_gamma 0.0500 (0.0500) spf_rank 8.0000 (8.0000) lr 1.0000e-03 eta 0:00:03 user 0
epoch [1/1] batch [20/35] time 0.065 (0.103) data 0.000 (0.031) loss 0.6460 (0.3004) acc 84.3750 (91.0938) spf_gamma 0.0500 (0.0500) spf_rank 8.0000 (8.0000) lr 1.0000e-03 eta 0:00:01 user 0
epoch [1/1] batch [30/35] time 0.067 (0.092) data 0.000 (0.021) loss 0.5137 (0.3495) acc 87.5000 (90.2083) spf_gamma 0.0500 (0.0500) spf_rank 8.0000 (8.0000) lr 1.0000e-03 eta 0:00:00 user 0
Finish training: 0 user
Deploy the last-epoch model
0 User, Elapsed: 0:00:03
epoch [1/1] batch [10/35] time 0.068 (0.139) data 0.000 (0.065) loss 0.6641 (0.4348) acc 81.2500 (88.1250) spf_gamma 0.0500 (0.0500) spf_rank 8.0000 (8.0000) lr 1.0000e-03 eta 0:00:03 user 1
epoch [1/1] batch [20/35] time 0.065 (0.101) data 0.000 (0.033) loss 0.4212 (0.4806) acc 84.3750 (85.9375) spf_gamma 0.0500 (0.0500) spf_rank 8.0000 (8.0000) lr 1.0000e-03 eta 0:00:01 user 1
epoch [1/1] batch [30/35] time 0.064 (0.091) data 0.000 (0.022) loss 0.5249 (0.4784) acc 84.3750 (85.6250) spf_gamma 0.0500 (0.0500) spf_rank 8.0000 (8.0000) lr 1.0000e-03 eta 0:00:00 user 1
Finish training: 1 user
Deploy the last-epoch model
1 User, Elapsed: 0:00:03
epoch [1/1] batch [1/6] time 0.999 (0.999) data 0.934 (0.934) loss 0.1509 (0.1509) acc 96.8750 (96.8750) spf_gamma 0.0500 (0.0500) spf_rank 8.0000 (8.0000) lr 1.0000e-03 eta 0:00:04 user 2
epoch [1/1] batch [2/6] time 0.066 (0.532) data 0.000 (0.467) loss 0.2771 (0.2140) acc 90.6250 (93.7500) spf_gamma 0.0500 (0.0500) spf_rank 8.0000 (8.0000) lr 1.0000e-03 eta 0:00:02 user 2
epoch [1/1] batch [3/6] time 0.067 (0.377) data 0.000 (0.311) loss 0.1204 (0.1828) acc 100.0000 (95.8333) spf_gamma 0.0500 (0.0500) spf_rank 8.0000 (8.0000) lr 1.0000e-03 eta 0:00:01 user 2
epoch [1/1] batch [4/6] time 0.064 (0.299) data 0.000 (0.233) loss 0.2649 (0.2033) acc 93.7500 (95.3125) spf_gamma 0.0500 (0.0500) spf_rank 8.0000 (8.0000) lr 1.0000e-03 eta 0:00:00 user 2
epoch [1/1] batch [5/6] time 0.081 (0.255) data 0.000 (0.187) loss 0.4568 (0.2540) acc 90.6250 (94.3750) spf_gamma 0.0500 (0.0500) spf_rank 8.0000 (8.0000) lr 1.0000e-03 eta 0:00:00 user 2
epoch [1/1] batch [6/6] time 0.065 (0.224) data 0.000 (0.156) loss 0.1217 (0.2320) acc 93.7500 (94.2708) spf_gamma 0.0500 (0.0500) spf_rank 8.0000 (8.0000) lr 1.0000e-03 eta 0:00:00 user 2
Finish training: 2 user
Deploy the last-epoch model
2 User, Elapsed: 0:00:01
epoch [1/1] batch [1/5] time 0.931 (0.931) data 0.862 (0.862) loss 0.1188 (0.1188) acc 96.8750 (96.8750) spf_gamma 0.0500 (0.0500) spf_rank 8.0000 (8.0000) lr 1.0000e-03 eta 0:00:03 user 3
epoch [1/1] batch [2/5] time 0.073 (0.502) data 0.000 (0.431) loss 0.0739 (0.0964) acc 100.0000 (98.4375) spf_gamma 0.0500 (0.0500) spf_rank 8.0000 (8.0000) lr 1.0000e-03 eta 0:00:01 user 3
epoch [1/1] batch [3/5] time 0.065 (0.357) data 0.000 (0.287) loss 0.2500 (0.1476) acc 90.6250 (95.8333) spf_gamma 0.0500 (0.0500) spf_rank 8.0000 (8.0000) lr 1.0000e-03 eta 0:00:00 user 3
epoch [1/1] batch [4/5] time 0.069 (0.285) data 0.000 (0.216) loss 0.2390 (0.1705) acc 93.7500 (95.3125) spf_gamma 0.0500 (0.0500) spf_rank 8.0000 (8.0000) lr 1.0000e-03 eta 0:00:00 user 3
epoch [1/1] batch [5/5] time 0.064 (0.241) data 0.000 (0.172) loss 0.1403 (0.1644) acc 96.8750 (95.6250) spf_gamma 0.0500 (0.0500) spf_rank 8.0000 (8.0000) lr 1.0000e-03 eta 0:00:00 user 3
Finish training: 3 user
Deploy the last-epoch model
3 User, Elapsed: 0:00:01
epoch [1/1] batch [10/10] time 0.073 (0.153) data 0.000 (0.078) loss 0.0791 (0.2226) acc 100.0000 (95.6250) spf_gamma 0.0500 (0.0500) spf_rank 8.0000 (8.0000) lr 1.0000e-03 eta 0:00:00 user 4
Finish training: 4 user
Deploy the last-epoch model
4 User, Elapsed: 0:00:02
epoch [1/1] batch [1/9] time 0.772 (0.772) data 0.695 (0.695) loss 0.3787 (0.3787) acc 90.6250 (90.6250) spf_gamma 0.0500 (0.0500) spf_rank 8.0000 (8.0000) lr 1.0000e-03 eta 0:00:06 user 5
epoch [1/1] batch [2/9] time 0.076 (0.424) data 0.000 (0.348) loss 0.1983 (0.2885) acc 96.8750 (93.7500) spf_gamma 0.0500 (0.0500) spf_rank 8.0000 (8.0000) lr 1.0000e-03 eta 0:00:02 user 5
epoch [1/1] batch [3/9] time 0.077 (0.308) data 0.000 (0.232) loss 0.0602 (0.2124) acc 96.8750 (94.7917) spf_gamma 0.0500 (0.0500) spf_rank 8.0000 (8.0000) lr 1.0000e-03 eta 0:00:01 user 5
epoch [1/1] batch [4/9] time 0.073 (0.249) data 0.000 (0.174) loss 0.4510 (0.2720) acc 84.3750 (92.1875) spf_gamma 0.0500 (0.0500) spf_rank 8.0000 (8.0000) lr 1.0000e-03 eta 0:00:01 user 5
epoch [1/1] batch [5/9] time 0.072 (0.214) data 0.000 (0.139) loss 0.1590 (0.2494) acc 93.7500 (92.5000) spf_gamma 0.0500 (0.0500) spf_rank 8.0000 (8.0000) lr 1.0000e-03 eta 0:00:00 user 5
epoch [1/1] batch [6/9] time 0.074 (0.190) data 0.000 (0.116) loss 0.1359 (0.2305) acc 96.8750 (93.2292) spf_gamma 0.0500 (0.0500) spf_rank 8.0000 (8.0000) lr 1.0000e-03 eta 0:00:00 user 5
epoch [1/1] batch [7/9] time 0.078 (0.174) data 0.000 (0.099) loss 0.2090 (0.2274) acc 96.8750 (93.7500) spf_gamma 0.0500 (0.0500) spf_rank 8.0000 (8.0000) lr 1.0000e-03 eta 0:00:00 user 5
epoch [1/1] batch [8/9] time 0.072 (0.162) data 0.000 (0.087) loss 0.1585 (0.2188) acc 93.7500 (93.7500) spf_gamma 0.0500 (0.0500) spf_rank 8.0000 (8.0000) lr 1.0000e-03 eta 0:00:00 user 5
epoch [1/1] batch [9/9] time 0.064 (0.151) data 0.000 (0.077) loss 0.3264 (0.2308) acc 93.7500 (93.7500) spf_gamma 0.0500 (0.0500) spf_rank 8.0000 (8.0000) lr 1.0000e-03 eta 0:00:00 user 5
Finish training: 5 user
Deploy the last-epoch model
5 User, Elapsed: 0:00:01
------------local train finish epoch: 34 -------------
------------local test start-------------
Evaluate on the client0_test set
  0%|          | 0/3 [00:00<?, ?it/s] 33%|███▎      | 1/3 [00:01<00:02,  1.10s/it] 67%|██████▋   | 2/3 [00:01<00:00,  1.82it/s]100%|██████████| 3/3 [00:01<00:00,  2.16it/s]
=> result
* total: 269
* correct: 246
* accuracy: 91.4%
* error: 8.6%
* macro_f1: 89.8%
Evaluate on the client1_test set
  0%|          | 0/3 [00:00<?, ?it/s] 33%|███▎      | 1/3 [00:01<00:02,  1.13s/it] 67%|██████▋   | 2/3 [00:01<00:00,  1.78it/s]100%|██████████| 3/3 [00:01<00:00,  2.01it/s]
=> result
* total: 293
* correct: 260
* accuracy: 88.7%
* error: 11.3%
* macro_f1: 80.9%
Evaluate on the client2_test set
  0%|          | 0/1 [00:00<?, ?it/s]100%|██████████| 1/1 [00:01<00:00,  1.19s/it]100%|██████████| 1/1 [00:01<00:00,  1.28s/it]
=> result
* total: 44
* correct: 43
* accuracy: 97.7%
* error: 2.3%
* macro_f1: 98.0%
Evaluate on the client3_test set
  0%|          | 0/1 [00:00<?, ?it/s]100%|██████████| 1/1 [00:01<00:00,  1.24s/it]100%|██████████| 1/1 [00:01<00:00,  1.33s/it]
=> result
* total: 54
* correct: 50
* accuracy: 92.6%
* error: 7.4%
* macro_f1: 83.7%
Evaluate on the client4_test set
  0%|          | 0/1 [00:00<?, ?it/s]100%|██████████| 1/1 [00:01<00:00,  1.03s/it]100%|██████████| 1/1 [00:01<00:00,  1.15s/it]
=> result
* total: 69
* correct: 64
* accuracy: 92.8%
* error: 7.2%
* macro_f1: 91.2%
Evaluate on the client5_test set
  0%|          | 0/1 [00:00<?, ?it/s]100%|██████████| 1/1 [00:01<00:00,  1.25s/it]100%|██████████| 1/1 [00:01<00:00,  1.35s/it]=> result
* total: 89
* correct: 88
* accuracy: 98.9%
* error: 1.1%
* macro_f1: 95.7%
0 --Local test acc: 91.44981412639405
1 --Local test acc: 88.73720136518772
2 --Local test acc: 97.72727272727273
3 --Local test acc: 92.5925925925926
4 --Local test acc: 92.7536231884058
5 --Local test acc: 98.87640449438203
--Global test acc: 93.68948474903915
Epoch:34
------------local test finish-------------
idxs_users [0, 1, 2, 3, 4, 5]
------------local train start epoch: 35 -------------

epoch [1/1] batch [10/35] time 0.064 (0.150) data 0.000 (0.077) loss 0.1260 (0.3076) acc 93.7500 (89.0625) spf_gamma 0.0500 (0.0500) spf_rank 8.0000 (8.0000) lr 1.0000e-03 eta 0:00:03 user 0
epoch [1/1] batch [20/35] time 0.065 (0.110) data 0.000 (0.039) loss 0.2908 (0.3375) acc 90.6250 (89.5312) spf_gamma 0.0500 (0.0500) spf_rank 8.0000 (8.0000) lr 1.0000e-03 eta 0:00:01 user 0
epoch [1/1] batch [30/35] time 0.064 (0.096) data 0.000 (0.026) loss 0.5274 (0.3374) acc 84.3750 (90.2083) spf_gamma 0.0500 (0.0500) spf_rank 8.0000 (8.0000) lr 1.0000e-03 eta 0:00:00 user 0
Finish training: 0 user
Deploy the last-epoch model
0 User, Elapsed: 0:00:03
epoch [1/1] batch [10/35] time 0.079 (0.139) data 0.000 (0.067) loss 0.4121 (0.4283) acc 81.2500 (86.8750) spf_gamma 0.0500 (0.0500) spf_rank 8.0000 (8.0000) lr 1.0000e-03 eta 0:00:03 user 1
epoch [1/1] batch [20/35] time 0.071 (0.106) data 0.000 (0.034) loss 0.9829 (0.4904) acc 71.8750 (85.4688) spf_gamma 0.0500 (0.0500) spf_rank 8.0000 (8.0000) lr 1.0000e-03 eta 0:00:01 user 1
epoch [1/1] batch [30/35] time 0.064 (0.093) data 0.000 (0.022) loss 0.2600 (0.4730) acc 90.6250 (85.8333) spf_gamma 0.0500 (0.0500) spf_rank 8.0000 (8.0000) lr 1.0000e-03 eta 0:00:00 user 1
Finish training: 1 user
Deploy the last-epoch model
1 User, Elapsed: 0:00:03
epoch [1/1] batch [1/6] time 0.939 (0.939) data 0.859 (0.859) loss 0.0785 (0.0785) acc 100.0000 (100.0000) spf_gamma 0.0500 (0.0500) spf_rank 8.0000 (8.0000) lr 1.0000e-03 eta 0:00:04 user 2
epoch [1/1] batch [2/6] time 0.067 (0.503) data 0.000 (0.429) loss 0.0691 (0.0738) acc 100.0000 (100.0000) spf_gamma 0.0500 (0.0500) spf_rank 8.0000 (8.0000) lr 1.0000e-03 eta 0:00:02 user 2
epoch [1/1] batch [3/6] time 0.081 (0.362) data 0.000 (0.286) loss 0.1137 (0.0871) acc 96.8750 (98.9583) spf_gamma 0.0500 (0.0500) spf_rank 8.0000 (8.0000) lr 1.0000e-03 eta 0:00:01 user 2
epoch [1/1] batch [4/6] time 0.064 (0.288) data 0.000 (0.215) loss 0.1959 (0.1143) acc 93.7500 (97.6562) spf_gamma 0.0500 (0.0500) spf_rank 8.0000 (8.0000) lr 1.0000e-03 eta 0:00:00 user 2
epoch [1/1] batch [5/6] time 0.063 (0.243) data 0.000 (0.172) loss 0.2453 (0.1405) acc 90.6250 (96.2500) spf_gamma 0.0500 (0.0500) spf_rank 8.0000 (8.0000) lr 1.0000e-03 eta 0:00:00 user 2
epoch [1/1] batch [6/6] time 0.064 (0.213) data 0.000 (0.143) loss 0.0546 (0.1262) acc 100.0000 (96.8750) spf_gamma 0.0500 (0.0500) spf_rank 8.0000 (8.0000) lr 1.0000e-03 eta 0:00:00 user 2
Finish training: 2 user
Deploy the last-epoch model
2 User, Elapsed: 0:00:01
epoch [1/1] batch [1/5] time 0.948 (0.948) data 0.875 (0.875) loss 0.1474 (0.1474) acc 96.8750 (96.8750) spf_gamma 0.0500 (0.0500) spf_rank 8.0000 (8.0000) lr 1.0000e-03 eta 0:00:03 user 3
epoch [1/1] batch [2/5] time 0.074 (0.511) data 0.000 (0.437) loss 0.2125 (0.1800) acc 93.7500 (95.3125) spf_gamma 0.0500 (0.0500) spf_rank 8.0000 (8.0000) lr 1.0000e-03 eta 0:00:01 user 3
epoch [1/1] batch [3/5] time 0.069 (0.364) data 0.000 (0.292) loss 0.1973 (0.1857) acc 96.8750 (95.8333) spf_gamma 0.0500 (0.0500) spf_rank 8.0000 (8.0000) lr 1.0000e-03 eta 0:00:00 user 3
epoch [1/1] batch [4/5] time 0.064 (0.289) data 0.000 (0.219) loss 0.0217 (0.1447) acc 100.0000 (96.8750) spf_gamma 0.0500 (0.0500) spf_rank 8.0000 (8.0000) lr 1.0000e-03 eta 0:00:00 user 3
epoch [1/1] batch [5/5] time 0.071 (0.245) data 0.000 (0.175) loss 0.1500 (0.1458) acc 93.7500 (96.2500) spf_gamma 0.0500 (0.0500) spf_rank 8.0000 (8.0000) lr 1.0000e-03 eta 0:00:00 user 3
Finish training: 3 user
Deploy the last-epoch model
3 User, Elapsed: 0:00:01
epoch [1/1] batch [10/10] time 0.068 (0.141) data 0.000 (0.070) loss 0.3003 (0.2206) acc 96.8750 (94.6875) spf_gamma 0.0500 (0.0500) spf_rank 8.0000 (8.0000) lr 1.0000e-03 eta 0:00:00 user 4
Finish training: 4 user
Deploy the last-epoch model
4 User, Elapsed: 0:00:02
epoch [1/1] batch [1/9] time 0.806 (0.806) data 0.722 (0.722) loss 0.4077 (0.4077) acc 90.6250 (90.6250) spf_gamma 0.0500 (0.0500) spf_rank 8.0000 (8.0000) lr 1.0000e-03 eta 0:00:06 user 5
epoch [1/1] batch [2/9] time 0.065 (0.436) data 0.000 (0.361) loss 0.7388 (0.5733) acc 87.5000 (89.0625) spf_gamma 0.0500 (0.0500) spf_rank 8.0000 (8.0000) lr 1.0000e-03 eta 0:00:03 user 5
epoch [1/1] batch [3/9] time 0.064 (0.312) data 0.000 (0.241) loss 0.4607 (0.5358) acc 87.5000 (88.5417) spf_gamma 0.0500 (0.0500) spf_rank 8.0000 (8.0000) lr 1.0000e-03 eta 0:00:01 user 5
epoch [1/1] batch [4/9] time 0.064 (0.250) data 0.000 (0.181) loss 0.3035 (0.4777) acc 93.7500 (89.8438) spf_gamma 0.0500 (0.0500) spf_rank 8.0000 (8.0000) lr 1.0000e-03 eta 0:00:01 user 5
epoch [1/1] batch [5/9] time 0.065 (0.213) data 0.000 (0.145) loss 0.1392 (0.4100) acc 96.8750 (91.2500) spf_gamma 0.0500 (0.0500) spf_rank 8.0000 (8.0000) lr 1.0000e-03 eta 0:00:00 user 5
epoch [1/1] batch [6/9] time 0.064 (0.188) data 0.000 (0.120) loss 0.5791 (0.4382) acc 81.2500 (89.5833) spf_gamma 0.0500 (0.0500) spf_rank 8.0000 (8.0000) lr 1.0000e-03 eta 0:00:00 user 5
epoch [1/1] batch [7/9] time 0.065 (0.170) data 0.000 (0.103) loss 0.0560 (0.3836) acc 100.0000 (91.0714) spf_gamma 0.0500 (0.0500) spf_rank 8.0000 (8.0000) lr 1.0000e-03 eta 0:00:00 user 5
epoch [1/1] batch [8/9] time 0.084 (0.160) data 0.000 (0.090) loss 0.0827 (0.3460) acc 100.0000 (92.1875) spf_gamma 0.0500 (0.0500) spf_rank 8.0000 (8.0000) lr 1.0000e-03 eta 0:00:00 user 5
epoch [1/1] batch [9/9] time 0.078 (0.151) data 0.000 (0.080) loss 0.3247 (0.3436) acc 90.6250 (92.0139) spf_gamma 0.0500 (0.0500) spf_rank 8.0000 (8.0000) lr 1.0000e-03 eta 0:00:00 user 5
Finish training: 5 user
Deploy the last-epoch model
5 User, Elapsed: 0:00:01
------------local train finish epoch: 35 -------------
------------local test start-------------
Evaluate on the client0_test set
  0%|          | 0/3 [00:00<?, ?it/s] 33%|███▎      | 1/3 [00:01<00:02,  1.22s/it] 67%|██████▋   | 2/3 [00:01<00:00,  1.66it/s]100%|██████████| 3/3 [00:01<00:00,  1.93it/s]
=> result
* total: 269
* correct: 248
* accuracy: 92.2%
* error: 7.8%
* macro_f1: 90.4%
Evaluate on the client1_test set
  0%|          | 0/3 [00:00<?, ?it/s] 33%|███▎      | 1/3 [00:01<00:02,  1.06s/it] 67%|██████▋   | 2/3 [00:01<00:00,  1.86it/s]100%|██████████| 3/3 [00:01<00:00,  2.15it/s]
=> result
* total: 293
* correct: 260
* accuracy: 88.7%
* error: 11.3%
* macro_f1: 81.5%
Evaluate on the client2_test set
  0%|          | 0/1 [00:00<?, ?it/s]100%|██████████| 1/1 [00:01<00:00,  1.19s/it]100%|██████████| 1/1 [00:01<00:00,  1.29s/it]
=> result
* total: 44
* correct: 43
* accuracy: 97.7%
* error: 2.3%
* macro_f1: 98.0%
Evaluate on the client3_test set
  0%|          | 0/1 [00:00<?, ?it/s]100%|██████████| 1/1 [00:01<00:00,  1.32s/it]100%|██████████| 1/1 [00:01<00:00,  1.42s/it]
=> result
* total: 54
* correct: 49
* accuracy: 90.7%
* error: 9.3%
* macro_f1: 80.9%
Evaluate on the client4_test set
  0%|          | 0/1 [00:00<?, ?it/s]100%|██████████| 1/1 [00:01<00:00,  1.03s/it]100%|██████████| 1/1 [00:01<00:00,  1.14s/it]
=> result
* total: 69
* correct: 67
* accuracy: 97.1%
* error: 2.9%
* macro_f1: 97.4%
Evaluate on the client5_test set
  0%|          | 0/1 [00:00<?, ?it/s]100%|██████████| 1/1 [00:01<00:00,  1.03s/it]100%|██████████| 1/1 [00:01<00:00,  1.13s/it]=> result
* total: 89
* correct: 86
* accuracy: 96.6%
* error: 3.4%
* macro_f1: 91.5%
0 --Local test acc: 92.19330855018588
1 --Local test acc: 88.73720136518772
2 --Local test acc: 97.72727272727273
3 --Local test acc: 90.74074074074075
4 --Local test acc: 97.10144927536231
5 --Local test acc: 96.62921348314607
--Global test acc: 93.85486435698259
Epoch:35
------------local test finish-------------
idxs_users [0, 1, 2, 3, 4, 5]
------------local train start epoch: 36 -------------

epoch [1/1] batch [10/35] time 0.067 (0.147) data 0.000 (0.070) loss 0.3863 (0.3471) acc 84.3750 (89.6875) spf_gamma 0.0500 (0.0500) spf_rank 8.0000 (8.0000) lr 1.0000e-03 eta 0:00:03 user 0
epoch [1/1] batch [20/35] time 0.084 (0.112) data 0.000 (0.035) loss 0.4639 (0.3467) acc 84.3750 (89.5312) spf_gamma 0.0500 (0.0500) spf_rank 8.0000 (8.0000) lr 1.0000e-03 eta 0:00:01 user 0
epoch [1/1] batch [30/35] time 0.071 (0.098) data 0.000 (0.024) loss 0.4175 (0.3485) acc 93.7500 (90.0000) spf_gamma 0.0500 (0.0500) spf_rank 8.0000 (8.0000) lr 1.0000e-03 eta 0:00:00 user 0
Finish training: 0 user
Deploy the last-epoch model
0 User, Elapsed: 0:00:03
epoch [1/1] batch [10/35] time 0.074 (0.144) data 0.000 (0.072) loss 0.3821 (0.4225) acc 87.5000 (86.8750) spf_gamma 0.0500 (0.0500) spf_rank 8.0000 (8.0000) lr 1.0000e-03 eta 0:00:03 user 1
epoch [1/1] batch [20/35] time 0.064 (0.106) data 0.000 (0.036) loss 0.6621 (0.4771) acc 75.0000 (84.3750) spf_gamma 0.0500 (0.0500) spf_rank 8.0000 (8.0000) lr 1.0000e-03 eta 0:00:01 user 1
epoch [1/1] batch [30/35] time 0.063 (0.092) data 0.000 (0.024) loss 0.2152 (0.4593) acc 96.8750 (85.5208) spf_gamma 0.0500 (0.0500) spf_rank 8.0000 (8.0000) lr 1.0000e-03 eta 0:00:00 user 1
Finish training: 1 user
Deploy the last-epoch model
1 User, Elapsed: 0:00:03
epoch [1/1] batch [1/6] time 0.931 (0.931) data 0.852 (0.852) loss 0.3606 (0.3606) acc 87.5000 (87.5000) spf_gamma 0.0500 (0.0500) spf_rank 8.0000 (8.0000) lr 1.0000e-03 eta 0:00:04 user 2
epoch [1/1] batch [2/6] time 0.142 (0.537) data 0.073 (0.463) loss 0.2294 (0.2950) acc 90.6250 (89.0625) spf_gamma 0.0500 (0.0500) spf_rank 8.0000 (8.0000) lr 1.0000e-03 eta 0:00:02 user 2
epoch [1/1] batch [3/6] time 0.069 (0.381) data 0.000 (0.309) loss 0.0283 (0.2061) acc 100.0000 (92.7083) spf_gamma 0.0500 (0.0500) spf_rank 8.0000 (8.0000) lr 1.0000e-03 eta 0:00:01 user 2
epoch [1/1] batch [4/6] time 0.065 (0.302) data 0.000 (0.232) loss 0.2693 (0.2219) acc 93.7500 (92.9688) spf_gamma 0.0500 (0.0500) spf_rank 8.0000 (8.0000) lr 1.0000e-03 eta 0:00:00 user 2
epoch [1/1] batch [5/6] time 0.064 (0.254) data 0.000 (0.185) loss 0.1819 (0.2139) acc 93.7500 (93.1250) spf_gamma 0.0500 (0.0500) spf_rank 8.0000 (8.0000) lr 1.0000e-03 eta 0:00:00 user 2
epoch [1/1] batch [6/6] time 0.064 (0.223) data 0.000 (0.154) loss 0.1551 (0.2041) acc 96.8750 (93.7500) spf_gamma 0.0500 (0.0500) spf_rank 8.0000 (8.0000) lr 1.0000e-03 eta 0:00:00 user 2
Finish training: 2 user
Deploy the last-epoch model
2 User, Elapsed: 0:00:01
epoch [1/1] batch [1/5] time 1.171 (1.171) data 1.090 (1.090) loss 0.0651 (0.0651) acc 100.0000 (100.0000) spf_gamma 0.0500 (0.0500) spf_rank 8.0000 (8.0000) lr 1.0000e-03 eta 0:00:04 user 3
epoch [1/1] batch [2/5] time 0.069 (0.620) data 0.000 (0.545) loss 0.3277 (0.1964) acc 90.6250 (95.3125) spf_gamma 0.0500 (0.0500) spf_rank 8.0000 (8.0000) lr 1.0000e-03 eta 0:00:01 user 3
epoch [1/1] batch [3/5] time 0.066 (0.435) data 0.000 (0.363) loss 0.4727 (0.2885) acc 90.6250 (93.7500) spf_gamma 0.0500 (0.0500) spf_rank 8.0000 (8.0000) lr 1.0000e-03 eta 0:00:00 user 3
epoch [1/1] batch [4/5] time 0.070 (0.344) data 0.000 (0.273) loss 0.2451 (0.2777) acc 90.6250 (92.9688) spf_gamma 0.0500 (0.0500) spf_rank 8.0000 (8.0000) lr 1.0000e-03 eta 0:00:00 user 3
epoch [1/1] batch [5/5] time 0.069 (0.289) data 0.000 (0.218) loss 0.1239 (0.2469) acc 93.7500 (93.1250) spf_gamma 0.0500 (0.0500) spf_rank 8.0000 (8.0000) lr 1.0000e-03 eta 0:00:00 user 3
Finish training: 3 user
Deploy the last-epoch model
3 User, Elapsed: 0:00:02
epoch [1/1] batch [10/10] time 0.067 (0.153) data 0.000 (0.082) loss 0.5728 (0.2564) acc 75.0000 (94.0625) spf_gamma 0.0500 (0.0500) spf_rank 8.0000 (8.0000) lr 1.0000e-03 eta 0:00:00 user 4
Finish training: 4 user
Deploy the last-epoch model
4 User, Elapsed: 0:00:02
epoch [1/1] batch [1/9] time 0.781 (0.781) data 0.699 (0.699) loss 0.1905 (0.1905) acc 93.7500 (93.7500) spf_gamma 0.0500 (0.0500) spf_rank 8.0000 (8.0000) lr 1.0000e-03 eta 0:00:06 user 5
epoch [1/1] batch [2/9] time 0.085 (0.433) data 0.000 (0.349) loss 0.3152 (0.2528) acc 90.6250 (92.1875) spf_gamma 0.0500 (0.0500) spf_rank 8.0000 (8.0000) lr 1.0000e-03 eta 0:00:03 user 5
epoch [1/1] batch [3/9] time 0.069 (0.312) data 0.000 (0.233) loss 0.1619 (0.2225) acc 100.0000 (94.7917) spf_gamma 0.0500 (0.0500) spf_rank 8.0000 (8.0000) lr 1.0000e-03 eta 0:00:01 user 5
epoch [1/1] batch [4/9] time 0.073 (0.252) data 0.000 (0.175) loss 0.3614 (0.2572) acc 90.6250 (93.7500) spf_gamma 0.0500 (0.0500) spf_rank 8.0000 (8.0000) lr 1.0000e-03 eta 0:00:01 user 5
epoch [1/1] batch [5/9] time 0.075 (0.217) data 0.000 (0.140) loss 0.3970 (0.2852) acc 90.6250 (93.1250) spf_gamma 0.0500 (0.0500) spf_rank 8.0000 (8.0000) lr 1.0000e-03 eta 0:00:00 user 5
epoch [1/1] batch [6/9] time 0.065 (0.191) data 0.000 (0.117) loss 0.0883 (0.2524) acc 100.0000 (94.2708) spf_gamma 0.0500 (0.0500) spf_rank 8.0000 (8.0000) lr 1.0000e-03 eta 0:00:00 user 5
epoch [1/1] batch [7/9] time 0.064 (0.173) data 0.000 (0.100) loss 0.5240 (0.2912) acc 81.2500 (92.4107) spf_gamma 0.0500 (0.0500) spf_rank 8.0000 (8.0000) lr 1.0000e-03 eta 0:00:00 user 5
epoch [1/1] batch [8/9] time 0.067 (0.160) data 0.000 (0.087) loss 0.3355 (0.2967) acc 90.6250 (92.1875) spf_gamma 0.0500 (0.0500) spf_rank 8.0000 (8.0000) lr 1.0000e-03 eta 0:00:00 user 5
epoch [1/1] batch [9/9] time 0.072 (0.150) data 0.000 (0.078) loss 0.3167 (0.2989) acc 90.6250 (92.0139) spf_gamma 0.0500 (0.0500) spf_rank 8.0000 (8.0000) lr 1.0000e-03 eta 0:00:00 user 5
Finish training: 5 user
Deploy the last-epoch model
5 User, Elapsed: 0:00:01
------------local train finish epoch: 36 -------------
------------local test start-------------
Evaluate on the client0_test set
  0%|          | 0/3 [00:00<?, ?it/s] 33%|███▎      | 1/3 [00:01<00:02,  1.38s/it] 67%|██████▋   | 2/3 [00:01<00:00,  1.50it/s]100%|██████████| 3/3 [00:01<00:00,  1.76it/s]
=> result
* total: 269
* correct: 249
* accuracy: 92.6%
* error: 7.4%
* macro_f1: 90.9%
Evaluate on the client1_test set
  0%|          | 0/3 [00:00<?, ?it/s] 33%|███▎      | 1/3 [00:01<00:02,  1.21s/it] 67%|██████▋   | 2/3 [00:01<00:00,  1.67it/s]100%|██████████| 3/3 [00:01<00:00,  1.90it/s]
=> result
* total: 293
* correct: 256
* accuracy: 87.4%
* error: 12.6%
* macro_f1: 80.1%
Evaluate on the client2_test set
  0%|          | 0/1 [00:00<?, ?it/s]100%|██████████| 1/1 [00:01<00:00,  1.27s/it]100%|██████████| 1/1 [00:01<00:00,  1.39s/it]
=> result
* total: 44
* correct: 44
* accuracy: 100.0%
* error: 0.0%
* macro_f1: 100.0%
Evaluate on the client3_test set
  0%|          | 0/1 [00:00<?, ?it/s]100%|██████████| 1/1 [00:01<00:00,  1.23s/it]100%|██████████| 1/1 [00:01<00:00,  1.33s/it]
=> result
* total: 54
* correct: 50
* accuracy: 92.6%
* error: 7.4%
* macro_f1: 84.1%
Evaluate on the client4_test set
  0%|          | 0/1 [00:00<?, ?it/s]100%|██████████| 1/1 [00:00<00:00,  1.09it/s]100%|██████████| 1/1 [00:01<00:00,  1.04s/it]
=> result
* total: 69
* correct: 67
* accuracy: 97.1%
* error: 2.9%
* macro_f1: 97.4%
Evaluate on the client5_test set
  0%|          | 0/1 [00:00<?, ?it/s]100%|██████████| 1/1 [00:01<00:00,  1.10s/it]100%|██████████| 1/1 [00:01<00:00,  1.20s/it]=> result
* total: 89
* correct: 88
* accuracy: 98.9%
* error: 1.1%
* macro_f1: 95.7%
0 --Local test acc: 92.56505576208178
1 --Local test acc: 87.37201365187714
2 --Local test acc: 100.0
3 --Local test acc: 92.5925925925926
4 --Local test acc: 97.10144927536231
5 --Local test acc: 98.87640449438203
--Global test acc: 94.75125262938263
Epoch:36
------------local test finish-------------
idxs_users [0, 1, 2, 3, 4, 5]
------------local train start epoch: 37 -------------

epoch [1/1] batch [10/35] time 0.073 (0.146) data 0.000 (0.067) loss 0.3804 (0.3759) acc 90.6250 (89.0625) spf_gamma 0.0500 (0.0500) spf_rank 8.0000 (8.0000) lr 1.0000e-03 eta 0:00:03 user 0
epoch [1/1] batch [20/35] time 0.064 (0.107) data 0.000 (0.034) loss 0.7544 (0.3845) acc 84.3750 (88.7500) spf_gamma 0.0500 (0.0500) spf_rank 8.0000 (8.0000) lr 1.0000e-03 eta 0:00:01 user 0
epoch [1/1] batch [30/35] time 0.063 (0.093) data 0.000 (0.023) loss 0.3889 (0.3861) acc 90.6250 (88.7500) spf_gamma 0.0500 (0.0500) spf_rank 8.0000 (8.0000) lr 1.0000e-03 eta 0:00:00 user 0
Finish training: 0 user
Deploy the last-epoch model
0 User, Elapsed: 0:00:03
epoch [1/1] batch [10/35] time 0.076 (0.139) data 0.000 (0.066) loss 0.4002 (0.3810) acc 84.3750 (90.0000) spf_gamma 0.0500 (0.0500) spf_rank 8.0000 (8.0000) lr 1.0000e-03 eta 0:00:03 user 1
epoch [1/1] batch [20/35] time 0.067 (0.104) data 0.000 (0.033) loss 0.4351 (0.4238) acc 90.6250 (87.9688) spf_gamma 0.0500 (0.0500) spf_rank 8.0000 (8.0000) lr 1.0000e-03 eta 0:00:01 user 1
epoch [1/1] batch [30/35] time 0.064 (0.092) data 0.000 (0.022) loss 0.5064 (0.4584) acc 81.2500 (86.6667) spf_gamma 0.0500 (0.0500) spf_rank 8.0000 (8.0000) lr 1.0000e-03 eta 0:00:00 user 1
Finish training: 1 user
Deploy the last-epoch model
1 User, Elapsed: 0:00:03
epoch [1/1] batch [1/6] time 0.922 (0.922) data 0.851 (0.851) loss 0.1308 (0.1308) acc 96.8750 (96.8750) spf_gamma 0.0500 (0.0500) spf_rank 8.0000 (8.0000) lr 1.0000e-03 eta 0:00:04 user 2
epoch [1/1] batch [2/6] time 0.075 (0.499) data 0.000 (0.426) loss 0.0895 (0.1101) acc 96.8750 (96.8750) spf_gamma 0.0500 (0.0500) spf_rank 8.0000 (8.0000) lr 1.0000e-03 eta 0:00:01 user 2
epoch [1/1] batch [3/6] time 0.065 (0.354) data 0.000 (0.284) loss 0.0331 (0.0844) acc 100.0000 (97.9167) spf_gamma 0.0500 (0.0500) spf_rank 8.0000 (8.0000) lr 1.0000e-03 eta 0:00:01 user 2
epoch [1/1] batch [4/6] time 0.064 (0.281) data 0.000 (0.213) loss 0.2586 (0.1280) acc 90.6250 (96.0938) spf_gamma 0.0500 (0.0500) spf_rank 8.0000 (8.0000) lr 1.0000e-03 eta 0:00:00 user 2
epoch [1/1] batch [5/6] time 0.064 (0.238) data 0.000 (0.170) loss 0.0542 (0.1132) acc 100.0000 (96.8750) spf_gamma 0.0500 (0.0500) spf_rank 8.0000 (8.0000) lr 1.0000e-03 eta 0:00:00 user 2
epoch [1/1] batch [6/6] time 0.064 (0.209) data 0.000 (0.142) loss 0.0704 (0.1061) acc 100.0000 (97.3958) spf_gamma 0.0500 (0.0500) spf_rank 8.0000 (8.0000) lr 1.0000e-03 eta 0:00:00 user 2
Finish training: 2 user
Deploy the last-epoch model
2 User, Elapsed: 0:00:01
epoch [1/1] batch [1/5] time 0.995 (0.995) data 0.923 (0.923) loss 0.0860 (0.0860) acc 96.8750 (96.8750) spf_gamma 0.0500 (0.0500) spf_rank 8.0000 (8.0000) lr 1.0000e-03 eta 0:00:03 user 3
epoch [1/1] batch [2/5] time 0.072 (0.533) data 0.000 (0.461) loss 0.2718 (0.1789) acc 93.7500 (95.3125) spf_gamma 0.0500 (0.0500) spf_rank 8.0000 (8.0000) lr 1.0000e-03 eta 0:00:01 user 3
epoch [1/1] batch [3/5] time 0.071 (0.379) data 0.000 (0.308) loss 0.2600 (0.2059) acc 93.7500 (94.7917) spf_gamma 0.0500 (0.0500) spf_rank 8.0000 (8.0000) lr 1.0000e-03 eta 0:00:00 user 3
epoch [1/1] batch [4/5] time 0.072 (0.302) data 0.000 (0.231) loss 0.1714 (0.1973) acc 93.7500 (94.5312) spf_gamma 0.0500 (0.0500) spf_rank 8.0000 (8.0000) lr 1.0000e-03 eta 0:00:00 user 3
epoch [1/1] batch [5/5] time 0.075 (0.257) data 0.000 (0.185) loss 0.1721 (0.1923) acc 100.0000 (95.6250) spf_gamma 0.0500 (0.0500) spf_rank 8.0000 (8.0000) lr 1.0000e-03 eta 0:00:00 user 3
Finish training: 3 user
Deploy the last-epoch model
3 User, Elapsed: 0:00:01
epoch [1/1] batch [10/10] time 0.064 (0.140) data 0.000 (0.071) loss 0.4043 (0.2616) acc 84.3750 (91.5625) spf_gamma 0.0500 (0.0500) spf_rank 8.0000 (8.0000) lr 1.0000e-03 eta 0:00:00 user 4
Finish training: 4 user
Deploy the last-epoch model
4 User, Elapsed: 0:00:01
epoch [1/1] batch [1/9] time 0.817 (0.817) data 0.741 (0.741) loss 0.0362 (0.0362) acc 100.0000 (100.0000) spf_gamma 0.0500 (0.0500) spf_rank 8.0000 (8.0000) lr 1.0000e-03 eta 0:00:06 user 5
epoch [1/1] batch [2/9] time 0.074 (0.446) data 0.000 (0.370) loss 0.0370 (0.0366) acc 100.0000 (100.0000) spf_gamma 0.0500 (0.0500) spf_rank 8.0000 (8.0000) lr 1.0000e-03 eta 0:00:03 user 5
epoch [1/1] batch [3/9] time 0.065 (0.319) data 0.000 (0.247) loss 0.1336 (0.0689) acc 96.8750 (98.9583) spf_gamma 0.0500 (0.0500) spf_rank 8.0000 (8.0000) lr 1.0000e-03 eta 0:00:01 user 5
epoch [1/1] batch [4/9] time 0.073 (0.257) data 0.000 (0.185) loss 0.2484 (0.1138) acc 90.6250 (96.8750) spf_gamma 0.0500 (0.0500) spf_rank 8.0000 (8.0000) lr 1.0000e-03 eta 0:00:01 user 5
epoch [1/1] batch [5/9] time 0.063 (0.219) data 0.000 (0.148) loss 0.2974 (0.1505) acc 90.6250 (95.6250) spf_gamma 0.0500 (0.0500) spf_rank 8.0000 (8.0000) lr 1.0000e-03 eta 0:00:00 user 5
epoch [1/1] batch [6/9] time 0.065 (0.193) data 0.000 (0.124) loss 0.0723 (0.1375) acc 100.0000 (96.3542) spf_gamma 0.0500 (0.0500) spf_rank 8.0000 (8.0000) lr 1.0000e-03 eta 0:00:00 user 5
epoch [1/1] batch [7/9] time 0.066 (0.175) data 0.000 (0.106) loss 0.2930 (0.1597) acc 96.8750 (96.4286) spf_gamma 0.0500 (0.0500) spf_rank 8.0000 (8.0000) lr 1.0000e-03 eta 0:00:00 user 5
epoch [1/1] batch [8/9] time 0.064 (0.161) data 0.000 (0.093) loss 0.1069 (0.1531) acc 100.0000 (96.8750) spf_gamma 0.0500 (0.0500) spf_rank 8.0000 (8.0000) lr 1.0000e-03 eta 0:00:00 user 5
epoch [1/1] batch [9/9] time 0.072 (0.151) data 0.000 (0.082) loss 0.4527 (0.1864) acc 87.5000 (95.8333) spf_gamma 0.0500 (0.0500) spf_rank 8.0000 (8.0000) lr 1.0000e-03 eta 0:00:00 user 5
Finish training: 5 user
Deploy the last-epoch model
5 User, Elapsed: 0:00:01
------------local train finish epoch: 37 -------------
------------local test start-------------
Evaluate on the client0_test set
  0%|          | 0/3 [00:00<?, ?it/s] 33%|███▎      | 1/3 [00:01<00:02,  1.23s/it] 67%|██████▋   | 2/3 [00:01<00:00,  1.65it/s]100%|██████████| 3/3 [00:01<00:00,  1.93it/s]
=> result
* total: 269
* correct: 248
* accuracy: 92.2%
* error: 7.8%
* macro_f1: 90.3%
Evaluate on the client1_test set
  0%|          | 0/3 [00:00<?, ?it/s] 33%|███▎      | 1/3 [00:01<00:02,  1.12s/it] 67%|██████▋   | 2/3 [00:01<00:00,  1.78it/s]100%|██████████| 3/3 [00:01<00:00,  2.00it/s]
=> result
* total: 293
* correct: 264
* accuracy: 90.1%
* error: 9.9%
* macro_f1: 82.2%
Evaluate on the client2_test set
  0%|          | 0/1 [00:00<?, ?it/s]100%|██████████| 1/1 [00:01<00:00,  1.18s/it]100%|██████████| 1/1 [00:01<00:00,  1.30s/it]
=> result
* total: 44
* correct: 43
* accuracy: 97.7%
* error: 2.3%
* macro_f1: 98.0%
Evaluate on the client3_test set
  0%|          | 0/1 [00:00<?, ?it/s]100%|██████████| 1/1 [00:01<00:00,  1.28s/it]100%|██████████| 1/1 [00:01<00:00,  1.40s/it]
=> result
* total: 54
* correct: 51
* accuracy: 94.4%
* error: 5.6%
* macro_f1: 88.0%
Evaluate on the client4_test set
  0%|          | 0/1 [00:00<?, ?it/s]100%|██████████| 1/1 [00:00<00:00,  1.05it/s]100%|██████████| 1/1 [00:01<00:00,  1.07s/it]
=> result
* total: 69
* correct: 67
* accuracy: 97.1%
* error: 2.9%
* macro_f1: 97.0%
Evaluate on the client5_test set
  0%|          | 0/1 [00:00<?, ?it/s]100%|██████████| 1/1 [00:01<00:00,  1.07s/it]100%|██████████| 1/1 [00:01<00:00,  1.21s/it]=> result
* total: 89
* correct: 86
* accuracy: 96.6%
* error: 3.4%
* macro_f1: 91.5%
0 --Local test acc: 92.19330855018588
1 --Local test acc: 90.10238907849829
2 --Local test acc: 97.72727272727273
3 --Local test acc: 94.44444444444444
4 --Local test acc: 97.10144927536231
5 --Local test acc: 96.62921348314607
--Global test acc: 94.69967959315163
Epoch:37
------------local test finish-------------
idxs_users [0, 1, 2, 3, 4, 5]
------------local train start epoch: 38 -------------

epoch [1/1] batch [10/35] time 0.063 (0.146) data 0.000 (0.073) loss 0.2282 (0.3025) acc 93.7500 (90.9375) spf_gamma 0.0500 (0.0500) spf_rank 8.0000 (8.0000) lr 1.0000e-03 eta 0:00:03 user 0
epoch [1/1] batch [20/35] time 0.064 (0.109) data 0.000 (0.036) loss 0.2128 (0.3907) acc 93.7500 (89.3750) spf_gamma 0.0500 (0.0500) spf_rank 8.0000 (8.0000) lr 1.0000e-03 eta 0:00:01 user 0
epoch [1/1] batch [30/35] time 0.074 (0.095) data 0.000 (0.024) loss 0.2066 (0.3558) acc 93.7500 (90.3125) spf_gamma 0.0500 (0.0500) spf_rank 8.0000 (8.0000) lr 1.0000e-03 eta 0:00:00 user 0
Finish training: 0 user
Deploy the last-epoch model
0 User, Elapsed: 0:00:03
epoch [1/1] batch [10/35] time 0.067 (0.154) data 0.000 (0.082) loss 0.3841 (0.4771) acc 87.5000 (85.3125) spf_gamma 0.0500 (0.0500) spf_rank 8.0000 (8.0000) lr 1.0000e-03 eta 0:00:03 user 1
epoch [1/1] batch [20/35] time 0.064 (0.111) data 0.000 (0.041) loss 0.3186 (0.4545) acc 93.7500 (86.2500) spf_gamma 0.0500 (0.0500) spf_rank 8.0000 (8.0000) lr 1.0000e-03 eta 0:00:01 user 1
epoch [1/1] batch [30/35] time 0.071 (0.097) data 0.000 (0.027) loss 0.3072 (0.4632) acc 87.5000 (86.6667) spf_gamma 0.0500 (0.0500) spf_rank 8.0000 (8.0000) lr 1.0000e-03 eta 0:00:00 user 1
Finish training: 1 user
Deploy the last-epoch model
1 User, Elapsed: 0:00:03
epoch [1/1] batch [1/6] time 1.024 (1.024) data 0.949 (0.949) loss 0.2377 (0.2377) acc 93.7500 (93.7500) spf_gamma 0.0500 (0.0500) spf_rank 8.0000 (8.0000) lr 1.0000e-03 eta 0:00:05 user 2
epoch [1/1] batch [2/6] time 0.071 (0.547) data 0.000 (0.474) loss 0.1195 (0.1786) acc 96.8750 (95.3125) spf_gamma 0.0500 (0.0500) spf_rank 8.0000 (8.0000) lr 1.0000e-03 eta 0:00:02 user 2
epoch [1/1] batch [3/6] time 0.072 (0.389) data 0.000 (0.316) loss 0.1847 (0.1806) acc 96.8750 (95.8333) spf_gamma 0.0500 (0.0500) spf_rank 8.0000 (8.0000) lr 1.0000e-03 eta 0:00:01 user 2
epoch [1/1] batch [4/6] time 0.064 (0.308) data 0.000 (0.237) loss 0.1664 (0.1771) acc 96.8750 (96.0938) spf_gamma 0.0500 (0.0500) spf_rank 8.0000 (8.0000) lr 1.0000e-03 eta 0:00:00 user 2
epoch [1/1] batch [5/6] time 0.074 (0.261) data 0.000 (0.190) loss 0.3369 (0.2091) acc 87.5000 (94.3750) spf_gamma 0.0500 (0.0500) spf_rank 8.0000 (8.0000) lr 1.0000e-03 eta 0:00:00 user 2
epoch [1/1] batch [6/6] time 0.076 (0.230) data 0.000 (0.158) loss 0.1808 (0.2044) acc 93.7500 (94.2708) spf_gamma 0.0500 (0.0500) spf_rank 8.0000 (8.0000) lr 1.0000e-03 eta 0:00:00 user 2
Finish training: 2 user
Deploy the last-epoch model
2 User, Elapsed: 0:00:01
epoch [1/1] batch [1/5] time 0.982 (0.982) data 0.906 (0.906) loss 0.4844 (0.4844) acc 87.5000 (87.5000) spf_gamma 0.0500 (0.0500) spf_rank 8.0000 (8.0000) lr 1.0000e-03 eta 0:00:03 user 3
epoch [1/1] batch [2/5] time 0.073 (0.528) data 0.000 (0.453) loss 0.3318 (0.4081) acc 90.6250 (89.0625) spf_gamma 0.0500 (0.0500) spf_rank 8.0000 (8.0000) lr 1.0000e-03 eta 0:00:01 user 3
epoch [1/1] batch [3/5] time 0.078 (0.378) data 0.000 (0.302) loss 0.1608 (0.3257) acc 96.8750 (91.6667) spf_gamma 0.0500 (0.0500) spf_rank 8.0000 (8.0000) lr 1.0000e-03 eta 0:00:00 user 3
epoch [1/1] batch [4/5] time 0.081 (0.303) data 0.000 (0.227) loss 0.2405 (0.3044) acc 96.8750 (92.9688) spf_gamma 0.0500 (0.0500) spf_rank 8.0000 (8.0000) lr 1.0000e-03 eta 0:00:00 user 3
epoch [1/1] batch [5/5] time 0.074 (0.258) data 0.000 (0.181) loss 0.3814 (0.3198) acc 90.6250 (92.5000) spf_gamma 0.0500 (0.0500) spf_rank 8.0000 (8.0000) lr 1.0000e-03 eta 0:00:00 user 3
Finish training: 3 user
Deploy the last-epoch model
3 User, Elapsed: 0:00:01
epoch [1/1] batch [10/10] time 0.065 (0.146) data 0.000 (0.074) loss 0.2705 (0.3215) acc 90.6250 (91.8750) spf_gamma 0.0500 (0.0500) spf_rank 8.0000 (8.0000) lr 1.0000e-03 eta 0:00:00 user 4
Finish training: 4 user
Deploy the last-epoch model
4 User, Elapsed: 0:00:02
epoch [1/1] batch [1/9] time 0.814 (0.814) data 0.747 (0.747) loss 0.2168 (0.2168) acc 96.8750 (96.8750) spf_gamma 0.0500 (0.0500) spf_rank 8.0000 (8.0000) lr 1.0000e-03 eta 0:00:06 user 5
epoch [1/1] batch [2/9] time 0.068 (0.441) data 0.000 (0.373) loss 0.5591 (0.3880) acc 84.3750 (90.6250) spf_gamma 0.0500 (0.0500) spf_rank 8.0000 (8.0000) lr 1.0000e-03 eta 0:00:03 user 5
epoch [1/1] batch [3/9] time 0.064 (0.315) data 0.000 (0.249) loss 0.0645 (0.2802) acc 100.0000 (93.7500) spf_gamma 0.0500 (0.0500) spf_rank 8.0000 (8.0000) lr 1.0000e-03 eta 0:00:01 user 5
epoch [1/1] batch [4/9] time 0.067 (0.253) data 0.000 (0.187) loss 0.1366 (0.2443) acc 96.8750 (94.5312) spf_gamma 0.0500 (0.0500) spf_rank 8.0000 (8.0000) lr 1.0000e-03 eta 0:00:01 user 5
epoch [1/1] batch [5/9] time 0.071 (0.217) data 0.000 (0.149) loss 0.1466 (0.2247) acc 96.8750 (95.0000) spf_gamma 0.0500 (0.0500) spf_rank 8.0000 (8.0000) lr 1.0000e-03 eta 0:00:00 user 5
epoch [1/1] batch [6/9] time 0.078 (0.194) data 0.000 (0.125) loss 0.0156 (0.1899) acc 100.0000 (95.8333) spf_gamma 0.0500 (0.0500) spf_rank 8.0000 (8.0000) lr 1.0000e-03 eta 0:00:00 user 5
epoch [1/1] batch [7/9] time 0.065 (0.175) data 0.000 (0.107) loss 0.1400 (0.1828) acc 100.0000 (96.4286) spf_gamma 0.0500 (0.0500) spf_rank 8.0000 (8.0000) lr 1.0000e-03 eta 0:00:00 user 5
epoch [1/1] batch [8/9] time 0.080 (0.163) data 0.000 (0.093) loss 0.1013 (0.1726) acc 100.0000 (96.8750) spf_gamma 0.0500 (0.0500) spf_rank 8.0000 (8.0000) lr 1.0000e-03 eta 0:00:00 user 5
epoch [1/1] batch [9/9] time 0.075 (0.153) data 0.000 (0.083) loss 0.1218 (0.1669) acc 96.8750 (96.8750) spf_gamma 0.0500 (0.0500) spf_rank 8.0000 (8.0000) lr 1.0000e-03 eta 0:00:00 user 5
Finish training: 5 user
Deploy the last-epoch model
5 User, Elapsed: 0:00:02
------------local train finish epoch: 38 -------------
------------local test start-------------
Evaluate on the client0_test set
  0%|          | 0/3 [00:00<?, ?it/s] 33%|███▎      | 1/3 [00:01<00:02,  1.23s/it] 67%|██████▋   | 2/3 [00:01<00:00,  1.65it/s]100%|██████████| 3/3 [00:01<00:00,  1.97it/s]
=> result
* total: 269
* correct: 251
* accuracy: 93.3%
* error: 6.7%
* macro_f1: 91.8%
Evaluate on the client1_test set
  0%|          | 0/3 [00:00<?, ?it/s] 33%|███▎      | 1/3 [00:01<00:02,  1.13s/it] 67%|██████▋   | 2/3 [00:01<00:00,  1.77it/s]100%|██████████| 3/3 [00:01<00:00,  2.02it/s]
=> result
* total: 293
* correct: 252
* accuracy: 86.0%
* error: 14.0%
* macro_f1: 77.8%
Evaluate on the client2_test set
  0%|          | 0/1 [00:00<?, ?it/s]100%|██████████| 1/1 [00:01<00:00,  1.10s/it]100%|██████████| 1/1 [00:01<00:00,  1.22s/it]
=> result
* total: 44
* correct: 43
* accuracy: 97.7%
* error: 2.3%
* macro_f1: 98.0%
Evaluate on the client3_test set
  0%|          | 0/1 [00:00<?, ?it/s]100%|██████████| 1/1 [00:01<00:00,  1.27s/it]100%|██████████| 1/1 [00:01<00:00,  1.39s/it]
=> result
* total: 54
* correct: 50
* accuracy: 92.6%
* error: 7.4%
* macro_f1: 84.1%
Evaluate on the client4_test set
  0%|          | 0/1 [00:00<?, ?it/s]100%|██████████| 1/1 [00:00<00:00,  1.02it/s]100%|██████████| 1/1 [00:01<00:00,  1.09s/it]
=> result
* total: 69
* correct: 67
* accuracy: 97.1%
* error: 2.9%
* macro_f1: 97.4%
Evaluate on the client5_test set
  0%|          | 0/1 [00:00<?, ?it/s]100%|██████████| 1/1 [00:01<00:00,  1.06s/it]100%|██████████| 1/1 [00:01<00:00,  1.18s/it]=> result
* total: 89
* correct: 86
* accuracy: 96.6%
* error: 3.4%
* macro_f1: 93.8%
0 --Local test acc: 93.3085501858736
1 --Local test acc: 86.00682593856655
2 --Local test acc: 97.72727272727273
3 --Local test acc: 92.5925925925926
4 --Local test acc: 97.10144927536231
5 --Local test acc: 96.62921348314607
--Global test acc: 93.89431736713566
Epoch:38
------------local test finish-------------
idxs_users [0, 1, 2, 3, 4, 5]
------------local train start epoch: 39 -------------

epoch [1/1] batch [10/35] time 0.069 (0.139) data 0.000 (0.063) loss 0.2774 (0.3590) acc 90.6250 (90.9375) spf_gamma 0.0500 (0.0500) spf_rank 8.0000 (8.0000) lr 1.0000e-03 eta 0:00:03 user 0
epoch [1/1] batch [20/35] time 0.074 (0.103) data 0.000 (0.031) loss 0.1404 (0.3612) acc 96.8750 (90.4688) spf_gamma 0.0500 (0.0500) spf_rank 8.0000 (8.0000) lr 1.0000e-03 eta 0:00:01 user 0
epoch [1/1] batch [30/35] time 0.063 (0.091) data 0.000 (0.021) loss 0.1505 (0.3600) acc 96.8750 (90.5208) spf_gamma 0.0500 (0.0500) spf_rank 8.0000 (8.0000) lr 1.0000e-03 eta 0:00:00 user 0
Finish training: 0 user
Deploy the last-epoch model
0 User, Elapsed: 0:00:03
epoch [1/1] batch [10/35] time 0.071 (0.142) data 0.000 (0.069) loss 0.3323 (0.3883) acc 84.3750 (88.4375) spf_gamma 0.0500 (0.0500) spf_rank 8.0000 (8.0000) lr 1.0000e-03 eta 0:00:03 user 1
epoch [1/1] batch [20/35] time 0.069 (0.104) data 0.000 (0.035) loss 0.1378 (0.4573) acc 96.8750 (85.7812) spf_gamma 0.0500 (0.0500) spf_rank 8.0000 (8.0000) lr 1.0000e-03 eta 0:00:01 user 1
epoch [1/1] batch [30/35] time 0.068 (0.094) data 0.000 (0.023) loss 0.5928 (0.4535) acc 81.2500 (85.7292) spf_gamma 0.0500 (0.0500) spf_rank 8.0000 (8.0000) lr 1.0000e-03 eta 0:00:00 user 1
Finish training: 1 user
Deploy the last-epoch model
1 User, Elapsed: 0:00:03
epoch [1/1] batch [1/6] time 0.958 (0.958) data 0.868 (0.868) loss 0.2309 (0.2309) acc 93.7500 (93.7500) spf_gamma 0.0500 (0.0500) spf_rank 8.0000 (8.0000) lr 1.0000e-03 eta 0:00:04 user 2
epoch [1/1] batch [2/6] time 0.071 (0.514) data 0.000 (0.434) loss 0.2659 (0.2484) acc 90.6250 (92.1875) spf_gamma 0.0500 (0.0500) spf_rank 8.0000 (8.0000) lr 1.0000e-03 eta 0:00:02 user 2
epoch [1/1] batch [3/6] time 0.072 (0.367) data 0.000 (0.289) loss 0.0478 (0.1815) acc 100.0000 (94.7917) spf_gamma 0.0500 (0.0500) spf_rank 8.0000 (8.0000) lr 1.0000e-03 eta 0:00:01 user 2
epoch [1/1] batch [4/6] time 0.075 (0.294) data 0.000 (0.217) loss 0.2251 (0.1924) acc 93.7500 (94.5312) spf_gamma 0.0500 (0.0500) spf_rank 8.0000 (8.0000) lr 1.0000e-03 eta 0:00:00 user 2
epoch [1/1] batch [5/6] time 0.073 (0.250) data 0.000 (0.174) loss 0.3308 (0.2201) acc 93.7500 (94.3750) spf_gamma 0.0500 (0.0500) spf_rank 8.0000 (8.0000) lr 1.0000e-03 eta 0:00:00 user 2
epoch [1/1] batch [6/6] time 0.068 (0.220) data 0.000 (0.145) loss 0.3184 (0.2365) acc 93.7500 (94.2708) spf_gamma 0.0500 (0.0500) spf_rank 8.0000 (8.0000) lr 1.0000e-03 eta 0:00:00 user 2
Finish training: 2 user
Deploy the last-epoch model
2 User, Elapsed: 0:00:01
epoch [1/1] batch [1/5] time 0.969 (0.969) data 0.899 (0.899) loss 0.2135 (0.2135) acc 87.5000 (87.5000) spf_gamma 0.0500 (0.0500) spf_rank 8.0000 (8.0000) lr 1.0000e-03 eta 0:00:03 user 3
epoch [1/1] batch [2/5] time 0.085 (0.527) data 0.019 (0.459) loss 0.1815 (0.1975) acc 93.7500 (90.6250) spf_gamma 0.0500 (0.0500) spf_rank 8.0000 (8.0000) lr 1.0000e-03 eta 0:00:01 user 3
epoch [1/1] batch [3/5] time 0.065 (0.373) data 0.000 (0.306) loss 0.2635 (0.2195) acc 90.6250 (90.6250) spf_gamma 0.0500 (0.0500) spf_rank 8.0000 (8.0000) lr 1.0000e-03 eta 0:00:00 user 3
epoch [1/1] batch [4/5] time 0.065 (0.296) data 0.000 (0.230) loss 0.3360 (0.2486) acc 87.5000 (89.8438) spf_gamma 0.0500 (0.0500) spf_rank 8.0000 (8.0000) lr 1.0000e-03 eta 0:00:00 user 3
epoch [1/1] batch [5/5] time 0.065 (0.250) data 0.000 (0.184) loss 0.1143 (0.2218) acc 100.0000 (91.8750) spf_gamma 0.0500 (0.0500) spf_rank 8.0000 (8.0000) lr 1.0000e-03 eta 0:00:00 user 3
Finish training: 3 user
Deploy the last-epoch model
3 User, Elapsed: 0:00:01
epoch [1/1] batch [10/10] time 0.067 (0.158) data 0.000 (0.089) loss 0.2038 (0.2826) acc 90.6250 (91.5625) spf_gamma 0.0500 (0.0500) spf_rank 8.0000 (8.0000) lr 1.0000e-03 eta 0:00:00 user 4
Finish training: 4 user
Deploy the last-epoch model
4 User, Elapsed: 0:00:02
epoch [1/1] batch [1/9] time 0.973 (0.973) data 0.880 (0.880) loss 0.3196 (0.3196) acc 90.6250 (90.6250) spf_gamma 0.0500 (0.0500) spf_rank 8.0000 (8.0000) lr 1.0000e-03 eta 0:00:07 user 5
epoch [1/1] batch [2/9] time 0.070 (0.521) data 0.000 (0.440) loss 0.2930 (0.3063) acc 90.6250 (90.6250) spf_gamma 0.0500 (0.0500) spf_rank 8.0000 (8.0000) lr 1.0000e-03 eta 0:00:03 user 5
epoch [1/1] batch [3/9] time 0.070 (0.371) data 0.000 (0.293) loss 0.3062 (0.3063) acc 90.6250 (90.6250) spf_gamma 0.0500 (0.0500) spf_rank 8.0000 (8.0000) lr 1.0000e-03 eta 0:00:02 user 5
epoch [1/1] batch [4/9] time 0.070 (0.296) data 0.000 (0.220) loss 0.3860 (0.3262) acc 87.5000 (89.8438) spf_gamma 0.0500 (0.0500) spf_rank 8.0000 (8.0000) lr 1.0000e-03 eta 0:00:01 user 5
epoch [1/1] batch [5/9] time 0.070 (0.251) data 0.000 (0.176) loss 0.2133 (0.3036) acc 93.7500 (90.6250) spf_gamma 0.0500 (0.0500) spf_rank 8.0000 (8.0000) lr 1.0000e-03 eta 0:00:01 user 5
epoch [1/1] batch [6/9] time 0.069 (0.220) data 0.000 (0.147) loss 0.4046 (0.3204) acc 90.6250 (90.6250) spf_gamma 0.0500 (0.0500) spf_rank 8.0000 (8.0000) lr 1.0000e-03 eta 0:00:00 user 5
epoch [1/1] batch [7/9] time 0.071 (0.199) data 0.000 (0.126) loss 0.1421 (0.2950) acc 93.7500 (91.0714) spf_gamma 0.0500 (0.0500) spf_rank 8.0000 (8.0000) lr 1.0000e-03 eta 0:00:00 user 5
epoch [1/1] batch [8/9] time 0.066 (0.182) data 0.000 (0.110) loss 0.4558 (0.3151) acc 87.5000 (90.6250) spf_gamma 0.0500 (0.0500) spf_rank 8.0000 (8.0000) lr 1.0000e-03 eta 0:00:00 user 5
epoch [1/1] batch [9/9] time 0.065 (0.169) data 0.000 (0.098) loss 0.1421 (0.2959) acc 96.8750 (91.3194) spf_gamma 0.0500 (0.0500) spf_rank 8.0000 (8.0000) lr 1.0000e-03 eta 0:00:00 user 5
Finish training: 5 user
Deploy the last-epoch model
5 User, Elapsed: 0:00:02
------------local train finish epoch: 39 -------------
------------local test start-------------
Evaluate on the client0_test set
  0%|          | 0/3 [00:00<?, ?it/s] 33%|███▎      | 1/3 [00:01<00:02,  1.11s/it] 67%|██████▋   | 2/3 [00:01<00:00,  1.80it/s]100%|██████████| 3/3 [00:01<00:00,  2.12it/s]
=> result
* total: 269
* correct: 251
* accuracy: 93.3%
* error: 6.7%
* macro_f1: 91.5%
Evaluate on the client1_test set
  0%|          | 0/3 [00:00<?, ?it/s] 33%|███▎      | 1/3 [00:01<00:02,  1.28s/it] 67%|██████▋   | 2/3 [00:01<00:00,  1.60it/s]100%|██████████| 3/3 [00:01<00:00,  1.84it/s]
=> result
* total: 293
* correct: 254
* accuracy: 86.7%
* error: 13.3%
* macro_f1: 79.5%
Evaluate on the client2_test set
  0%|          | 0/1 [00:00<?, ?it/s]100%|██████████| 1/1 [00:01<00:00,  1.29s/it]100%|██████████| 1/1 [00:01<00:00,  1.47s/it]
=> result
* total: 44
* correct: 43
* accuracy: 97.7%
* error: 2.3%
* macro_f1: 98.0%
Evaluate on the client3_test set
  0%|          | 0/1 [00:00<?, ?it/s]100%|██████████| 1/1 [00:01<00:00,  1.32s/it]100%|██████████| 1/1 [00:01<00:00,  1.44s/it]
=> result
* total: 54
* correct: 51
* accuracy: 94.4%
* error: 5.6%
* macro_f1: 88.0%
Evaluate on the client4_test set
  0%|          | 0/1 [00:00<?, ?it/s]100%|██████████| 1/1 [00:01<00:00,  1.02s/it]100%|██████████| 1/1 [00:01<00:00,  1.14s/it]
=> result
* total: 69
* correct: 67
* accuracy: 97.1%
* error: 2.9%
* macro_f1: 96.4%
Evaluate on the client5_test set
  0%|          | 0/1 [00:00<?, ?it/s]100%|██████████| 1/1 [00:01<00:00,  1.13s/it]100%|██████████| 1/1 [00:01<00:00,  1.22s/it]=> result
* total: 89
* correct: 87
* accuracy: 97.8%
* error: 2.2%
* macro_f1: 94.6%
0 --Local test acc: 93.3085501858736
1 --Local test acc: 86.68941979522184
2 --Local test acc: 97.72727272727273
3 --Local test acc: 94.44444444444444
4 --Local test acc: 97.10144927536231
5 --Local test acc: 97.75280898876404
--Global test acc: 94.50399090282316
Epoch:39
------------local test finish-------------
idxs_users [0, 1, 2, 3, 4, 5]
------------local train start epoch: 40 -------------

epoch [1/1] batch [10/35] time 0.077 (0.146) data 0.000 (0.072) loss 0.3111 (0.3013) acc 87.5000 (91.2500) spf_gamma 0.0500 (0.0500) spf_rank 8.0000 (8.0000) lr 1.0000e-03 eta 0:00:03 user 0
epoch [1/1] batch [20/35] time 0.064 (0.106) data 0.000 (0.036) loss 0.2024 (0.2888) acc 93.7500 (91.2500) spf_gamma 0.0500 (0.0500) spf_rank 8.0000 (8.0000) lr 1.0000e-03 eta 0:00:01 user 0
epoch [1/1] batch [30/35] time 0.067 (0.093) data 0.000 (0.024) loss 0.3753 (0.3202) acc 90.6250 (90.7292) spf_gamma 0.0500 (0.0500) spf_rank 8.0000 (8.0000) lr 1.0000e-03 eta 0:00:00 user 0
Finish training: 0 user
Deploy the last-epoch model
0 User, Elapsed: 0:00:03
epoch [1/1] batch [10/35] time 0.065 (0.138) data 0.000 (0.061) loss 0.6792 (0.5189) acc 78.1250 (83.1250) spf_gamma 0.0500 (0.0500) spf_rank 8.0000 (8.0000) lr 1.0000e-03 eta 0:00:03 user 1
epoch [1/1] batch [20/35] time 0.066 (0.105) data 0.000 (0.030) loss 0.1234 (0.4768) acc 96.8750 (84.8438) spf_gamma 0.0500 (0.0500) spf_rank 8.0000 (8.0000) lr 1.0000e-03 eta 0:00:01 user 1
epoch [1/1] batch [30/35] time 0.085 (0.093) data 0.000 (0.020) loss 0.7593 (0.4948) acc 81.2500 (84.5833) spf_gamma 0.0500 (0.0500) spf_rank 8.0000 (8.0000) lr 1.0000e-03 eta 0:00:00 user 1
Finish training: 1 user
Deploy the last-epoch model
1 User, Elapsed: 0:00:03
epoch [1/1] batch [1/6] time 0.987 (0.987) data 0.910 (0.910) loss 0.2305 (0.2305) acc 93.7500 (93.7500) spf_gamma 0.0500 (0.0500) spf_rank 8.0000 (8.0000) lr 1.0000e-03 eta 0:00:04 user 2
epoch [1/1] batch [2/6] time 0.071 (0.529) data 0.000 (0.455) loss 0.3098 (0.2702) acc 90.6250 (92.1875) spf_gamma 0.0500 (0.0500) spf_rank 8.0000 (8.0000) lr 1.0000e-03 eta 0:00:02 user 2
epoch [1/1] batch [3/6] time 0.068 (0.375) data 0.000 (0.304) loss 0.2901 (0.2768) acc 90.6250 (91.6667) spf_gamma 0.0500 (0.0500) spf_rank 8.0000 (8.0000) lr 1.0000e-03 eta 0:00:01 user 2
epoch [1/1] batch [4/6] time 0.063 (0.297) data 0.000 (0.228) loss 0.0529 (0.2208) acc 100.0000 (93.7500) spf_gamma 0.0500 (0.0500) spf_rank 8.0000 (8.0000) lr 1.0000e-03 eta 0:00:00 user 2
epoch [1/1] batch [5/6] time 0.069 (0.252) data 0.000 (0.182) loss 0.2522 (0.2271) acc 93.7500 (93.7500) spf_gamma 0.0500 (0.0500) spf_rank 8.0000 (8.0000) lr 1.0000e-03 eta 0:00:00 user 2
epoch [1/1] batch [6/6] time 0.063 (0.220) data 0.000 (0.152) loss 0.1386 (0.2123) acc 96.8750 (94.2708) spf_gamma 0.0500 (0.0500) spf_rank 8.0000 (8.0000) lr 1.0000e-03 eta 0:00:00 user 2
Finish training: 2 user
Deploy the last-epoch model
2 User, Elapsed: 0:00:01
epoch [1/1] batch [1/5] time 0.956 (0.956) data 0.890 (0.890) loss 0.1134 (0.1134) acc 96.8750 (96.8750) spf_gamma 0.0500 (0.0500) spf_rank 8.0000 (8.0000) lr 1.0000e-03 eta 0:00:03 user 3
epoch [1/1] batch [2/5] time 0.085 (0.521) data 0.000 (0.445) loss 0.2107 (0.1621) acc 93.7500 (95.3125) spf_gamma 0.0500 (0.0500) spf_rank 8.0000 (8.0000) lr 1.0000e-03 eta 0:00:01 user 3
epoch [1/1] batch [3/5] time 0.084 (0.375) data 0.000 (0.297) loss 0.3943 (0.2395) acc 90.6250 (93.7500) spf_gamma 0.0500 (0.0500) spf_rank 8.0000 (8.0000) lr 1.0000e-03 eta 0:00:00 user 3
epoch [1/1] batch [4/5] time 0.071 (0.299) data 0.000 (0.223) loss 0.3389 (0.2643) acc 90.6250 (92.9688) spf_gamma 0.0500 (0.0500) spf_rank 8.0000 (8.0000) lr 1.0000e-03 eta 0:00:00 user 3
epoch [1/1] batch [5/5] time 0.073 (0.254) data 0.000 (0.178) loss 0.2964 (0.2708) acc 90.6250 (92.5000) spf_gamma 0.0500 (0.0500) spf_rank 8.0000 (8.0000) lr 1.0000e-03 eta 0:00:00 user 3
Finish training: 3 user
Deploy the last-epoch model
3 User, Elapsed: 0:00:01
epoch [1/1] batch [10/10] time 0.067 (0.138) data 0.000 (0.070) loss 0.3721 (0.2465) acc 90.6250 (94.3750) spf_gamma 0.0500 (0.0500) spf_rank 8.0000 (8.0000) lr 1.0000e-03 eta 0:00:00 user 4
Finish training: 4 user
Deploy the last-epoch model
4 User, Elapsed: 0:00:01
epoch [1/1] batch [1/9] time 0.769 (0.769) data 0.695 (0.695) loss 0.4082 (0.4082) acc 87.5000 (87.5000) spf_gamma 0.0500 (0.0500) spf_rank 8.0000 (8.0000) lr 1.0000e-03 eta 0:00:06 user 5
epoch [1/1] batch [2/9] time 0.068 (0.419) data 0.000 (0.347) loss 0.4048 (0.4065) acc 87.5000 (87.5000) spf_gamma 0.0500 (0.0500) spf_rank 8.0000 (8.0000) lr 1.0000e-03 eta 0:00:02 user 5
epoch [1/1] batch [3/9] time 0.067 (0.301) data 0.000 (0.232) loss 0.0391 (0.2841) acc 100.0000 (91.6667) spf_gamma 0.0500 (0.0500) spf_rank 8.0000 (8.0000) lr 1.0000e-03 eta 0:00:01 user 5
epoch [1/1] batch [4/9] time 0.075 (0.245) data 0.000 (0.174) loss 0.1165 (0.2422) acc 96.8750 (92.9688) spf_gamma 0.0500 (0.0500) spf_rank 8.0000 (8.0000) lr 1.0000e-03 eta 0:00:01 user 5
epoch [1/1] batch [5/9] time 0.067 (0.209) data 0.000 (0.139) loss 0.1347 (0.2207) acc 96.8750 (93.7500) spf_gamma 0.0500 (0.0500) spf_rank 8.0000 (8.0000) lr 1.0000e-03 eta 0:00:00 user 5
epoch [1/1] batch [6/9] time 0.075 (0.187) data 0.000 (0.116) loss 0.2274 (0.2218) acc 93.7500 (93.7500) spf_gamma 0.0500 (0.0500) spf_rank 8.0000 (8.0000) lr 1.0000e-03 eta 0:00:00 user 5
epoch [1/1] batch [7/9] time 0.077 (0.171) data 0.000 (0.099) loss 0.2722 (0.2290) acc 93.7500 (93.7500) spf_gamma 0.0500 (0.0500) spf_rank 8.0000 (8.0000) lr 1.0000e-03 eta 0:00:00 user 5
epoch [1/1] batch [8/9] time 0.064 (0.158) data 0.000 (0.087) loss 0.1862 (0.2237) acc 93.7500 (93.7500) spf_gamma 0.0500 (0.0500) spf_rank 8.0000 (8.0000) lr 1.0000e-03 eta 0:00:00 user 5
epoch [1/1] batch [9/9] time 0.074 (0.148) data 0.000 (0.077) loss 0.4156 (0.2450) acc 90.6250 (93.4028) spf_gamma 0.0500 (0.0500) spf_rank 8.0000 (8.0000) lr 1.0000e-03 eta 0:00:00 user 5
Finish training: 5 user
Deploy the last-epoch model
5 User, Elapsed: 0:00:01
------------local train finish epoch: 40 -------------
------------local test start-------------
Evaluate on the client0_test set
  0%|          | 0/3 [00:00<?, ?it/s] 33%|███▎      | 1/3 [00:01<00:02,  1.11s/it] 67%|██████▋   | 2/3 [00:01<00:00,  1.79it/s]100%|██████████| 3/3 [00:01<00:00,  2.08it/s]
=> result
* total: 269
* correct: 246
* accuracy: 91.4%
* error: 8.6%
* macro_f1: 89.4%
Evaluate on the client1_test set
  0%|          | 0/3 [00:00<?, ?it/s] 33%|███▎      | 1/3 [00:01<00:02,  1.13s/it] 67%|██████▋   | 2/3 [00:01<00:00,  1.77it/s]100%|██████████| 3/3 [00:01<00:00,  2.02it/s]
=> result
* total: 293
* correct: 255
* accuracy: 87.0%
* error: 13.0%
* macro_f1: 80.7%
Evaluate on the client2_test set
  0%|          | 0/1 [00:00<?, ?it/s]100%|██████████| 1/1 [00:01<00:00,  1.16s/it]100%|██████████| 1/1 [00:01<00:00,  1.26s/it]
=> result
* total: 44
* correct: 44
* accuracy: 100.0%
* error: 0.0%
* macro_f1: 100.0%
Evaluate on the client3_test set
  0%|          | 0/1 [00:00<?, ?it/s]100%|██████████| 1/1 [00:01<00:00,  1.28s/it]100%|██████████| 1/1 [00:01<00:00,  1.38s/it]
=> result
* total: 54
* correct: 50
* accuracy: 92.6%
* error: 7.4%
* macro_f1: 84.1%
Evaluate on the client4_test set
  0%|          | 0/1 [00:00<?, ?it/s]100%|██████████| 1/1 [00:00<00:00,  1.05it/s]100%|██████████| 1/1 [00:01<00:00,  1.07s/it]
=> result
* total: 69
* correct: 68
* accuracy: 98.6%
* error: 1.4%
* macro_f1: 98.2%
Evaluate on the client5_test set
  0%|          | 0/1 [00:00<?, ?it/s]100%|██████████| 1/1 [00:01<00:00,  1.10s/it]100%|██████████| 1/1 [00:01<00:00,  1.22s/it]=> result
* total: 89
* correct: 86
* accuracy: 96.6%
* error: 3.4%
* macro_f1: 91.2%
0 --Local test acc: 91.44981412639405
1 --Local test acc: 87.03071672354949
2 --Local test acc: 100.0
3 --Local test acc: 92.5925925925926
4 --Local test acc: 98.55072463768116
5 --Local test acc: 96.62921348314607
--Global test acc: 94.37551026056055
Epoch:40
------------local test finish-------------
idxs_users [0, 1, 2, 3, 4, 5]
------------local train start epoch: 41 -------------

epoch [1/1] batch [10/35] time 0.064 (0.139) data 0.000 (0.065) loss 0.1056 (0.3697) acc 93.7500 (87.5000) spf_gamma 0.0500 (0.0500) spf_rank 8.0000 (8.0000) lr 1.0000e-03 eta 0:00:03 user 0
epoch [1/1] batch [20/35] time 0.074 (0.103) data 0.000 (0.033) loss 0.2177 (0.3294) acc 96.8750 (90.0000) spf_gamma 0.0500 (0.0500) spf_rank 8.0000 (8.0000) lr 1.0000e-03 eta 0:00:01 user 0
epoch [1/1] batch [30/35] time 0.074 (0.091) data 0.000 (0.022) loss 0.3941 (0.3250) acc 90.6250 (90.1042) spf_gamma 0.0500 (0.0500) spf_rank 8.0000 (8.0000) lr 1.0000e-03 eta 0:00:00 user 0
Finish training: 0 user
Deploy the last-epoch model
0 User, Elapsed: 0:00:03
epoch [1/1] batch [10/35] time 0.073 (0.145) data 0.000 (0.073) loss 0.5645 (0.4227) acc 78.1250 (86.5625) spf_gamma 0.0500 (0.0500) spf_rank 8.0000 (8.0000) lr 1.0000e-03 eta 0:00:03 user 1
epoch [1/1] batch [20/35] time 0.069 (0.109) data 0.000 (0.036) loss 0.4964 (0.4283) acc 87.5000 (86.4062) spf_gamma 0.0500 (0.0500) spf_rank 8.0000 (8.0000) lr 1.0000e-03 eta 0:00:01 user 1
epoch [1/1] batch [30/35] time 0.070 (0.095) data 0.000 (0.024) loss 0.5689 (0.4729) acc 81.2500 (85.1042) spf_gamma 0.0500 (0.0500) spf_rank 8.0000 (8.0000) lr 1.0000e-03 eta 0:00:00 user 1
Finish training: 1 user
Deploy the last-epoch model
1 User, Elapsed: 0:00:03
epoch [1/1] batch [1/6] time 1.014 (1.014) data 0.936 (0.936) loss 0.0901 (0.0901) acc 96.8750 (96.8750) spf_gamma 0.0500 (0.0500) spf_rank 8.0000 (8.0000) lr 1.0000e-03 eta 0:00:05 user 2
epoch [1/1] batch [2/6] time 0.064 (0.539) data 0.000 (0.468) loss 0.2353 (0.1627) acc 90.6250 (93.7500) spf_gamma 0.0500 (0.0500) spf_rank 8.0000 (8.0000) lr 1.0000e-03 eta 0:00:02 user 2
epoch [1/1] batch [3/6] time 0.079 (0.386) data 0.000 (0.312) loss 0.0600 (0.1285) acc 96.8750 (94.7917) spf_gamma 0.0500 (0.0500) spf_rank 8.0000 (8.0000) lr 1.0000e-03 eta 0:00:01 user 2
epoch [1/1] batch [4/6] time 0.080 (0.309) data 0.000 (0.234) loss 0.3162 (0.1754) acc 90.6250 (93.7500) spf_gamma 0.0500 (0.0500) spf_rank 8.0000 (8.0000) lr 1.0000e-03 eta 0:00:00 user 2
epoch [1/1] batch [5/6] time 0.064 (0.260) data 0.000 (0.187) loss 0.0664 (0.1536) acc 100.0000 (95.0000) spf_gamma 0.0500 (0.0500) spf_rank 8.0000 (8.0000) lr 1.0000e-03 eta 0:00:00 user 2
epoch [1/1] batch [6/6] time 0.072 (0.229) data 0.000 (0.156) loss 0.1968 (0.1608) acc 96.8750 (95.3125) spf_gamma 0.0500 (0.0500) spf_rank 8.0000 (8.0000) lr 1.0000e-03 eta 0:00:00 user 2
Finish training: 2 user
Deploy the last-epoch model
2 User, Elapsed: 0:00:01
epoch [1/1] batch [1/5] time 0.956 (0.956) data 0.872 (0.872) loss 0.1108 (0.1108) acc 96.8750 (96.8750) spf_gamma 0.0500 (0.0500) spf_rank 8.0000 (8.0000) lr 1.0000e-03 eta 0:00:03 user 3
epoch [1/1] batch [2/5] time 0.071 (0.514) data 0.000 (0.436) loss 0.1051 (0.1079) acc 100.0000 (98.4375) spf_gamma 0.0500 (0.0500) spf_rank 8.0000 (8.0000) lr 1.0000e-03 eta 0:00:01 user 3
epoch [1/1] batch [3/5] time 0.074 (0.367) data 0.000 (0.291) loss 0.0960 (0.1039) acc 100.0000 (98.9583) spf_gamma 0.0500 (0.0500) spf_rank 8.0000 (8.0000) lr 1.0000e-03 eta 0:00:00 user 3
epoch [1/1] batch [4/5] time 0.078 (0.295) data 0.000 (0.218) loss 0.4602 (0.1930) acc 90.6250 (96.8750) spf_gamma 0.0500 (0.0500) spf_rank 8.0000 (8.0000) lr 1.0000e-03 eta 0:00:00 user 3
epoch [1/1] batch [5/5] time 0.068 (0.249) data 0.000 (0.174) loss 0.3440 (0.2232) acc 93.7500 (96.2500) spf_gamma 0.0500 (0.0500) spf_rank 8.0000 (8.0000) lr 1.0000e-03 eta 0:00:00 user 3
Finish training: 3 user
Deploy the last-epoch model
3 User, Elapsed: 0:00:01
epoch [1/1] batch [10/10] time 0.074 (0.145) data 0.000 (0.073) loss 0.3137 (0.2476) acc 87.5000 (91.5625) spf_gamma 0.0500 (0.0500) spf_rank 8.0000 (8.0000) lr 1.0000e-03 eta 0:00:00 user 4
Finish training: 4 user
Deploy the last-epoch model
4 User, Elapsed: 0:00:02
epoch [1/1] batch [1/9] time 0.790 (0.790) data 0.708 (0.708) loss 0.2786 (0.2786) acc 90.6250 (90.6250) spf_gamma 0.0500 (0.0500) spf_rank 8.0000 (8.0000) lr 1.0000e-03 eta 0:00:06 user 5
epoch [1/1] batch [2/9] time 0.068 (0.429) data 0.000 (0.354) loss 0.0585 (0.1686) acc 100.0000 (95.3125) spf_gamma 0.0500 (0.0500) spf_rank 8.0000 (8.0000) lr 1.0000e-03 eta 0:00:03 user 5
epoch [1/1] batch [3/9] time 0.067 (0.308) data 0.000 (0.236) loss 0.1286 (0.1552) acc 96.8750 (95.8333) spf_gamma 0.0500 (0.0500) spf_rank 8.0000 (8.0000) lr 1.0000e-03 eta 0:00:01 user 5
epoch [1/1] batch [4/9] time 0.071 (0.249) data 0.000 (0.177) loss 0.0991 (0.1412) acc 96.8750 (96.0938) spf_gamma 0.0500 (0.0500) spf_rank 8.0000 (8.0000) lr 1.0000e-03 eta 0:00:01 user 5
epoch [1/1] batch [5/9] time 0.070 (0.213) data 0.000 (0.142) loss 0.0949 (0.1320) acc 96.8750 (96.2500) spf_gamma 0.0500 (0.0500) spf_rank 8.0000 (8.0000) lr 1.0000e-03 eta 0:00:00 user 5
epoch [1/1] batch [6/9] time 0.065 (0.189) data 0.000 (0.118) loss 0.1945 (0.1424) acc 93.7500 (95.8333) spf_gamma 0.0500 (0.0500) spf_rank 8.0000 (8.0000) lr 1.0000e-03 eta 0:00:00 user 5
epoch [1/1] batch [7/9] time 0.065 (0.171) data 0.000 (0.101) loss 0.0891 (0.1348) acc 96.8750 (95.9821) spf_gamma 0.0500 (0.0500) spf_rank 8.0000 (8.0000) lr 1.0000e-03 eta 0:00:00 user 5
epoch [1/1] batch [8/9] time 0.064 (0.157) data 0.000 (0.089) loss 0.2962 (0.1549) acc 90.6250 (95.3125) spf_gamma 0.0500 (0.0500) spf_rank 8.0000 (8.0000) lr 1.0000e-03 eta 0:00:00 user 5
epoch [1/1] batch [9/9] time 0.064 (0.147) data 0.000 (0.079) loss 0.0370 (0.1418) acc 100.0000 (95.8333) spf_gamma 0.0500 (0.0500) spf_rank 8.0000 (8.0000) lr 1.0000e-03 eta 0:00:00 user 5
Finish training: 5 user
Deploy the last-epoch model
5 User, Elapsed: 0:00:01
------------local train finish epoch: 41 -------------
------------local test start-------------
Evaluate on the client0_test set
  0%|          | 0/3 [00:00<?, ?it/s] 33%|███▎      | 1/3 [00:01<00:02,  1.10s/it] 67%|██████▋   | 2/3 [00:01<00:00,  1.81it/s]100%|██████████| 3/3 [00:01<00:00,  2.13it/s]
=> result
* total: 269
* correct: 249
* accuracy: 92.6%
* error: 7.4%
* macro_f1: 91.4%
Evaluate on the client1_test set
  0%|          | 0/3 [00:00<?, ?it/s] 33%|███▎      | 1/3 [00:01<00:02,  1.20s/it] 67%|██████▋   | 2/3 [00:01<00:00,  1.69it/s]100%|██████████| 3/3 [00:01<00:00,  1.95it/s]
=> result
* total: 293
* correct: 256
* accuracy: 87.4%
* error: 12.6%
* macro_f1: 80.8%
Evaluate on the client2_test set
  0%|          | 0/1 [00:00<?, ?it/s]100%|██████████| 1/1 [00:01<00:00,  1.21s/it]100%|██████████| 1/1 [00:01<00:00,  1.31s/it]
=> result
* total: 44
* correct: 44
* accuracy: 100.0%
* error: 0.0%
* macro_f1: 100.0%
Evaluate on the client3_test set
  0%|          | 0/1 [00:00<?, ?it/s]100%|██████████| 1/1 [00:01<00:00,  1.40s/it]100%|██████████| 1/1 [00:01<00:00,  1.50s/it]
=> result
* total: 54
* correct: 50
* accuracy: 92.6%
* error: 7.4%
* macro_f1: 83.7%
Evaluate on the client4_test set
  0%|          | 0/1 [00:00<?, ?it/s]100%|██████████| 1/1 [00:00<00:00,  1.07it/s]100%|██████████| 1/1 [00:01<00:00,  1.03s/it]
=> result
* total: 69
* correct: 66
* accuracy: 95.7%
* error: 4.3%
* macro_f1: 94.6%
Evaluate on the client5_test set
  0%|          | 0/1 [00:00<?, ?it/s]100%|██████████| 1/1 [00:01<00:00,  1.11s/it]100%|██████████| 1/1 [00:01<00:00,  1.21s/it]=> result
* total: 89
* correct: 87
* accuracy: 97.8%
* error: 2.2%
* macro_f1: 95.0%
0 --Local test acc: 92.56505576208178
1 --Local test acc: 87.37201365187714
2 --Local test acc: 100.0
3 --Local test acc: 92.5925925925926
4 --Local test acc: 95.65217391304348
5 --Local test acc: 97.75280898876404
--Global test acc: 94.32244081805983
Epoch:41
------------local test finish-------------
idxs_users [0, 1, 2, 3, 4, 5]
------------local train start epoch: 42 -------------

epoch [1/1] batch [10/35] time 0.066 (0.136) data 0.000 (0.065) loss 0.2261 (0.3216) acc 93.7500 (89.6875) spf_gamma 0.0500 (0.0500) spf_rank 8.0000 (8.0000) lr 1.0000e-03 eta 0:00:03 user 0
epoch [1/1] batch [20/35] time 0.074 (0.105) data 0.000 (0.033) loss 0.4243 (0.3259) acc 87.5000 (90.7812) spf_gamma 0.0500 (0.0500) spf_rank 8.0000 (8.0000) lr 1.0000e-03 eta 0:00:01 user 0
epoch [1/1] batch [30/35] time 0.077 (0.095) data 0.000 (0.022) loss 0.4685 (0.3234) acc 84.3750 (90.8333) spf_gamma 0.0500 (0.0500) spf_rank 8.0000 (8.0000) lr 1.0000e-03 eta 0:00:00 user 0
Finish training: 0 user
Deploy the last-epoch model
0 User, Elapsed: 0:00:03
epoch [1/1] batch [10/35] time 0.073 (0.137) data 0.000 (0.062) loss 0.5279 (0.3921) acc 81.2500 (88.1250) spf_gamma 0.0500 (0.0500) spf_rank 8.0000 (8.0000) lr 1.0000e-03 eta 0:00:03 user 1
epoch [1/1] batch [20/35] time 0.075 (0.105) data 0.000 (0.031) loss 1.2100 (0.4683) acc 68.7500 (85.3125) spf_gamma 0.0500 (0.0500) spf_rank 8.0000 (8.0000) lr 1.0000e-03 eta 0:00:01 user 1
epoch [1/1] batch [30/35] time 0.063 (0.092) data 0.000 (0.021) loss 0.4397 (0.5071) acc 84.3750 (84.1667) spf_gamma 0.0500 (0.0500) spf_rank 8.0000 (8.0000) lr 1.0000e-03 eta 0:00:00 user 1
Finish training: 1 user
Deploy the last-epoch model
1 User, Elapsed: 0:00:03
epoch [1/1] batch [1/6] time 0.969 (0.969) data 0.895 (0.895) loss 0.2898 (0.2898) acc 90.6250 (90.6250) spf_gamma 0.0500 (0.0500) spf_rank 8.0000 (8.0000) lr 1.0000e-03 eta 0:00:04 user 2
epoch [1/1] batch [2/6] time 0.064 (0.517) data 0.000 (0.447) loss 0.2283 (0.2591) acc 90.6250 (90.6250) spf_gamma 0.0500 (0.0500) spf_rank 8.0000 (8.0000) lr 1.0000e-03 eta 0:00:02 user 2
epoch [1/1] batch [3/6] time 0.064 (0.366) data 0.000 (0.298) loss 0.2979 (0.2720) acc 93.7500 (91.6667) spf_gamma 0.0500 (0.0500) spf_rank 8.0000 (8.0000) lr 1.0000e-03 eta 0:00:01 user 2
epoch [1/1] batch [4/6] time 0.063 (0.290) data 0.000 (0.224) loss 0.1097 (0.2314) acc 93.7500 (92.1875) spf_gamma 0.0500 (0.0500) spf_rank 8.0000 (8.0000) lr 1.0000e-03 eta 0:00:00 user 2
epoch [1/1] batch [5/6] time 0.063 (0.245) data 0.000 (0.179) loss 0.1266 (0.2105) acc 96.8750 (93.1250) spf_gamma 0.0500 (0.0500) spf_rank 8.0000 (8.0000) lr 1.0000e-03 eta 0:00:00 user 2
epoch [1/1] batch [6/6] time 0.065 (0.215) data 0.000 (0.149) loss 0.0701 (0.1871) acc 100.0000 (94.2708) spf_gamma 0.0500 (0.0500) spf_rank 8.0000 (8.0000) lr 1.0000e-03 eta 0:00:00 user 2
Finish training: 2 user
Deploy the last-epoch model
2 User, Elapsed: 0:00:01
epoch [1/1] batch [1/5] time 0.942 (0.942) data 0.869 (0.869) loss 0.2591 (0.2591) acc 90.6250 (90.6250) spf_gamma 0.0500 (0.0500) spf_rank 8.0000 (8.0000) lr 1.0000e-03 eta 0:00:03 user 3
epoch [1/1] batch [2/5] time 0.070 (0.506) data 0.000 (0.434) loss 0.0690 (0.1640) acc 100.0000 (95.3125) spf_gamma 0.0500 (0.0500) spf_rank 8.0000 (8.0000) lr 1.0000e-03 eta 0:00:01 user 3
epoch [1/1] batch [3/5] time 0.077 (0.363) data 0.000 (0.290) loss 0.2930 (0.2070) acc 93.7500 (94.7917) spf_gamma 0.0500 (0.0500) spf_rank 8.0000 (8.0000) lr 1.0000e-03 eta 0:00:00 user 3
epoch [1/1] batch [4/5] time 0.070 (0.290) data 0.000 (0.217) loss 0.2544 (0.2189) acc 87.5000 (92.9688) spf_gamma 0.0500 (0.0500) spf_rank 8.0000 (8.0000) lr 1.0000e-03 eta 0:00:00 user 3
epoch [1/1] batch [5/5] time 0.065 (0.245) data 0.000 (0.174) loss 0.4483 (0.2647) acc 90.6250 (92.5000) spf_gamma 0.0500 (0.0500) spf_rank 8.0000 (8.0000) lr 1.0000e-03 eta 0:00:00 user 3
Finish training: 3 user
Deploy the last-epoch model
3 User, Elapsed: 0:00:01
epoch [1/1] batch [10/10] time 0.066 (0.143) data 0.000 (0.074) loss 0.1181 (0.2908) acc 96.8750 (91.8750) spf_gamma 0.0500 (0.0500) spf_rank 8.0000 (8.0000) lr 1.0000e-03 eta 0:00:00 user 4
Finish training: 4 user
Deploy the last-epoch model
4 User, Elapsed: 0:00:02
epoch [1/1] batch [1/9] time 0.876 (0.876) data 0.786 (0.786) loss 0.2313 (0.2313) acc 93.7500 (93.7500) spf_gamma 0.0500 (0.0500) spf_rank 8.0000 (8.0000) lr 1.0000e-03 eta 0:00:07 user 5
epoch [1/1] batch [2/9] time 0.100 (0.488) data 0.032 (0.409) loss 0.1724 (0.2019) acc 96.8750 (95.3125) spf_gamma 0.0500 (0.0500) spf_rank 8.0000 (8.0000) lr 1.0000e-03 eta 0:00:03 user 5
epoch [1/1] batch [3/9] time 0.076 (0.351) data 0.000 (0.273) loss 0.2740 (0.2259) acc 93.7500 (94.7917) spf_gamma 0.0500 (0.0500) spf_rank 8.0000 (8.0000) lr 1.0000e-03 eta 0:00:02 user 5
epoch [1/1] batch [4/9] time 0.073 (0.281) data 0.000 (0.205) loss 0.2605 (0.2346) acc 90.6250 (93.7500) spf_gamma 0.0500 (0.0500) spf_rank 8.0000 (8.0000) lr 1.0000e-03 eta 0:00:01 user 5
epoch [1/1] batch [5/9] time 0.069 (0.239) data 0.000 (0.164) loss 0.0705 (0.2017) acc 96.8750 (94.3750) spf_gamma 0.0500 (0.0500) spf_rank 8.0000 (8.0000) lr 1.0000e-03 eta 0:00:00 user 5
epoch [1/1] batch [6/9] time 0.065 (0.210) data 0.000 (0.136) loss 0.5918 (0.2668) acc 84.3750 (92.7083) spf_gamma 0.0500 (0.0500) spf_rank 8.0000 (8.0000) lr 1.0000e-03 eta 0:00:00 user 5
epoch [1/1] batch [7/9] time 0.064 (0.189) data 0.000 (0.117) loss 0.2578 (0.2655) acc 93.7500 (92.8571) spf_gamma 0.0500 (0.0500) spf_rank 8.0000 (8.0000) lr 1.0000e-03 eta 0:00:00 user 5
epoch [1/1] batch [8/9] time 0.064 (0.173) data 0.000 (0.102) loss 0.0530 (0.2389) acc 100.0000 (93.7500) spf_gamma 0.0500 (0.0500) spf_rank 8.0000 (8.0000) lr 1.0000e-03 eta 0:00:00 user 5
epoch [1/1] batch [9/9] time 0.065 (0.161) data 0.000 (0.091) loss 0.1857 (0.2330) acc 90.6250 (93.4028) spf_gamma 0.0500 (0.0500) spf_rank 8.0000 (8.0000) lr 1.0000e-03 eta 0:00:00 user 5
Finish training: 5 user
Deploy the last-epoch model
5 User, Elapsed: 0:00:02
------------local train finish epoch: 42 -------------
------------local test start-------------
Evaluate on the client0_test set
  0%|          | 0/3 [00:00<?, ?it/s] 33%|███▎      | 1/3 [00:01<00:02,  1.40s/it] 67%|██████▋   | 2/3 [00:01<00:00,  1.48it/s]100%|██████████| 3/3 [00:01<00:00,  1.73it/s]
=> result
* total: 269
* correct: 247
* accuracy: 91.8%
* error: 8.2%
* macro_f1: 90.4%
Evaluate on the client1_test set
  0%|          | 0/3 [00:00<?, ?it/s] 33%|███▎      | 1/3 [00:01<00:02,  1.24s/it] 67%|██████▋   | 2/3 [00:01<00:00,  1.65it/s]100%|██████████| 3/3 [00:01<00:00,  1.90it/s]
=> result
* total: 293
* correct: 258
* accuracy: 88.1%
* error: 11.9%
* macro_f1: 80.9%
Evaluate on the client2_test set
  0%|          | 0/1 [00:00<?, ?it/s]100%|██████████| 1/1 [00:01<00:00,  1.09s/it]100%|██████████| 1/1 [00:01<00:00,  1.21s/it]
=> result
* total: 44
* correct: 43
* accuracy: 97.7%
* error: 2.3%
* macro_f1: 98.0%
Evaluate on the client3_test set
  0%|          | 0/1 [00:00<?, ?it/s]100%|██████████| 1/1 [00:01<00:00,  1.45s/it]100%|██████████| 1/1 [00:01<00:00,  1.57s/it]
=> result
* total: 54
* correct: 51
* accuracy: 94.4%
* error: 5.6%
* macro_f1: 88.0%
Evaluate on the client4_test set
  0%|          | 0/1 [00:00<?, ?it/s]100%|██████████| 1/1 [00:01<00:00,  1.10s/it]100%|██████████| 1/1 [00:01<00:00,  1.28s/it]
=> result
* total: 69
* correct: 69
* accuracy: 100.0%
* error: 0.0%
* macro_f1: 100.0%
Evaluate on the client5_test set
  0%|          | 0/1 [00:00<?, ?it/s]100%|██████████| 1/1 [00:01<00:00,  1.20s/it]100%|██████████| 1/1 [00:01<00:00,  1.30s/it]=> result
* total: 89
* correct: 88
* accuracy: 98.9%
* error: 1.1%
* macro_f1: 95.7%
0 --Local test acc: 91.82156133828997
1 --Local test acc: 88.05460750853243
2 --Local test acc: 97.72727272727273
3 --Local test acc: 94.44444444444444
4 --Local test acc: 100.0
5 --Local test acc: 98.87640449438203
--Global test acc: 95.15404841882027
Epoch:42
------------local test finish-------------
idxs_users [0, 1, 2, 3, 4, 5]
------------local train start epoch: 43 -------------

epoch [1/1] batch [10/35] time 0.065 (0.138) data 0.000 (0.070) loss 0.3699 (0.3239) acc 87.5000 (90.3125) spf_gamma 0.0500 (0.0500) spf_rank 8.0000 (8.0000) lr 1.0000e-03 eta 0:00:03 user 0
epoch [1/1] batch [20/35] time 0.063 (0.101) data 0.000 (0.035) loss 0.2290 (0.3182) acc 90.6250 (90.4688) spf_gamma 0.0500 (0.0500) spf_rank 8.0000 (8.0000) lr 1.0000e-03 eta 0:00:01 user 0
epoch [1/1] batch [30/35] time 0.063 (0.088) data 0.000 (0.023) loss 0.3340 (0.3363) acc 90.6250 (90.0000) spf_gamma 0.0500 (0.0500) spf_rank 8.0000 (8.0000) lr 1.0000e-03 eta 0:00:00 user 0
Finish training: 0 user
Deploy the last-epoch model
0 User, Elapsed: 0:00:03
epoch [1/1] batch [10/35] time 0.067 (0.138) data 0.000 (0.064) loss 0.6875 (0.4196) acc 84.3750 (88.1250) spf_gamma 0.0500 (0.0500) spf_rank 8.0000 (8.0000) lr 1.0000e-03 eta 0:00:03 user 1
epoch [1/1] batch [20/35] time 0.067 (0.106) data 0.000 (0.032) loss 0.3377 (0.4309) acc 90.6250 (87.6562) spf_gamma 0.0500 (0.0500) spf_rank 8.0000 (8.0000) lr 1.0000e-03 eta 0:00:01 user 1
epoch [1/1] batch [30/35] time 0.069 (0.093) data 0.000 (0.021) loss 0.4639 (0.4569) acc 84.3750 (86.6667) spf_gamma 0.0500 (0.0500) spf_rank 8.0000 (8.0000) lr 1.0000e-03 eta 0:00:00 user 1
Finish training: 1 user
Deploy the last-epoch model
1 User, Elapsed: 0:00:03
epoch [1/1] batch [1/6] time 0.964 (0.964) data 0.894 (0.894) loss 0.1463 (0.1463) acc 96.8750 (96.8750) spf_gamma 0.0500 (0.0500) spf_rank 8.0000 (8.0000) lr 1.0000e-03 eta 0:00:04 user 2
epoch [1/1] batch [2/6] time 0.071 (0.517) data 0.000 (0.447) loss 0.1396 (0.1429) acc 93.7500 (95.3125) spf_gamma 0.0500 (0.0500) spf_rank 8.0000 (8.0000) lr 1.0000e-03 eta 0:00:02 user 2
epoch [1/1] batch [3/6] time 0.075 (0.370) data 0.000 (0.298) loss 0.0627 (0.1162) acc 100.0000 (96.8750) spf_gamma 0.0500 (0.0500) spf_rank 8.0000 (8.0000) lr 1.0000e-03 eta 0:00:01 user 2
epoch [1/1] batch [4/6] time 0.066 (0.294) data 0.000 (0.224) loss 0.3531 (0.1754) acc 90.6250 (95.3125) spf_gamma 0.0500 (0.0500) spf_rank 8.0000 (8.0000) lr 1.0000e-03 eta 0:00:00 user 2
epoch [1/1] batch [5/6] time 0.070 (0.249) data 0.000 (0.179) loss 0.1865 (0.1776) acc 93.7500 (95.0000) spf_gamma 0.0500 (0.0500) spf_rank 8.0000 (8.0000) lr 1.0000e-03 eta 0:00:00 user 2
epoch [1/1] batch [6/6] time 0.079 (0.221) data 0.000 (0.149) loss 0.0427 (0.1551) acc 100.0000 (95.8333) spf_gamma 0.0500 (0.0500) spf_rank 8.0000 (8.0000) lr 1.0000e-03 eta 0:00:00 user 2
Finish training: 2 user
Deploy the last-epoch model
2 User, Elapsed: 0:00:01
epoch [1/1] batch [1/5] time 0.947 (0.947) data 0.872 (0.872) loss 0.0396 (0.0396) acc 100.0000 (100.0000) spf_gamma 0.0500 (0.0500) spf_rank 8.0000 (8.0000) lr 1.0000e-03 eta 0:00:03 user 3
epoch [1/1] batch [2/5] time 0.066 (0.506) data 0.000 (0.436) loss 0.0690 (0.0543) acc 100.0000 (100.0000) spf_gamma 0.0500 (0.0500) spf_rank 8.0000 (8.0000) lr 1.0000e-03 eta 0:00:01 user 3
epoch [1/1] batch [3/5] time 0.068 (0.360) data 0.000 (0.291) loss 0.4627 (0.1904) acc 90.6250 (96.8750) spf_gamma 0.0500 (0.0500) spf_rank 8.0000 (8.0000) lr 1.0000e-03 eta 0:00:00 user 3
epoch [1/1] batch [4/5] time 0.072 (0.288) data 0.000 (0.218) loss 0.1707 (0.1855) acc 96.8750 (96.8750) spf_gamma 0.0500 (0.0500) spf_rank 8.0000 (8.0000) lr 1.0000e-03 eta 0:00:00 user 3
epoch [1/1] batch [5/5] time 0.080 (0.246) data 0.000 (0.174) loss 0.2903 (0.2064) acc 93.7500 (96.2500) spf_gamma 0.0500 (0.0500) spf_rank 8.0000 (8.0000) lr 1.0000e-03 eta 0:00:00 user 3
Finish training: 3 user
Deploy the last-epoch model
3 User, Elapsed: 0:00:01
epoch [1/1] batch [10/10] time 0.064 (0.143) data 0.000 (0.072) loss 0.2749 (0.2124) acc 90.6250 (93.4375) spf_gamma 0.0500 (0.0500) spf_rank 8.0000 (8.0000) lr 1.0000e-03 eta 0:00:00 user 4
Finish training: 4 user
Deploy the last-epoch model
4 User, Elapsed: 0:00:02
epoch [1/1] batch [1/9] time 0.802 (0.802) data 0.737 (0.737) loss 0.0419 (0.0419) acc 100.0000 (100.0000) spf_gamma 0.0500 (0.0500) spf_rank 8.0000 (8.0000) lr 1.0000e-03 eta 0:00:06 user 5
epoch [1/1] batch [2/9] time 0.069 (0.436) data 0.000 (0.368) loss 0.3401 (0.1910) acc 87.5000 (93.7500) spf_gamma 0.0500 (0.0500) spf_rank 8.0000 (8.0000) lr 1.0000e-03 eta 0:00:03 user 5
epoch [1/1] batch [3/9] time 0.069 (0.313) data 0.000 (0.246) loss 0.2884 (0.2235) acc 87.5000 (91.6667) spf_gamma 0.0500 (0.0500) spf_rank 8.0000 (8.0000) lr 1.0000e-03 eta 0:00:01 user 5
epoch [1/1] batch [4/9] time 0.066 (0.251) data 0.000 (0.184) loss 0.1746 (0.2112) acc 93.7500 (92.1875) spf_gamma 0.0500 (0.0500) spf_rank 8.0000 (8.0000) lr 1.0000e-03 eta 0:00:01 user 5
epoch [1/1] batch [5/9] time 0.072 (0.216) data 0.000 (0.147) loss 0.1814 (0.2053) acc 90.6250 (91.8750) spf_gamma 0.0500 (0.0500) spf_rank 8.0000 (8.0000) lr 1.0000e-03 eta 0:00:00 user 5
epoch [1/1] batch [6/9] time 0.077 (0.192) data 0.000 (0.123) loss 0.0616 (0.1813) acc 100.0000 (93.2292) spf_gamma 0.0500 (0.0500) spf_rank 8.0000 (8.0000) lr 1.0000e-03 eta 0:00:00 user 5
epoch [1/1] batch [7/9] time 0.079 (0.176) data 0.000 (0.105) loss 0.4444 (0.2189) acc 87.5000 (92.4107) spf_gamma 0.0500 (0.0500) spf_rank 8.0000 (8.0000) lr 1.0000e-03 eta 0:00:00 user 5
epoch [1/1] batch [8/9] time 0.067 (0.163) data 0.000 (0.092) loss 0.2119 (0.2180) acc 96.8750 (92.9688) spf_gamma 0.0500 (0.0500) spf_rank 8.0000 (8.0000) lr 1.0000e-03 eta 0:00:00 user 5
epoch [1/1] batch [9/9] time 0.065 (0.152) data 0.000 (0.082) loss 0.0166 (0.1956) acc 100.0000 (93.7500) spf_gamma 0.0500 (0.0500) spf_rank 8.0000 (8.0000) lr 1.0000e-03 eta 0:00:00 user 5
Finish training: 5 user
Deploy the last-epoch model
5 User, Elapsed: 0:00:01
------------local train finish epoch: 43 -------------
------------local test start-------------
Evaluate on the client0_test set
  0%|          | 0/3 [00:00<?, ?it/s] 33%|███▎      | 1/3 [00:01<00:02,  1.12s/it] 67%|██████▋   | 2/3 [00:01<00:00,  1.78it/s]100%|██████████| 3/3 [00:01<00:00,  2.08it/s]
=> result
* total: 269
* correct: 250
* accuracy: 92.9%
* error: 7.1%
* macro_f1: 90.5%
Evaluate on the client1_test set
  0%|          | 0/3 [00:00<?, ?it/s] 33%|███▎      | 1/3 [00:01<00:02,  1.06s/it] 67%|██████▋   | 2/3 [00:01<00:00,  1.86it/s]100%|██████████| 3/3 [00:01<00:00,  2.17it/s]
=> result
* total: 293
* correct: 250
* accuracy: 85.3%
* error: 14.7%
* macro_f1: 77.1%
Evaluate on the client2_test set
  0%|          | 0/1 [00:00<?, ?it/s]100%|██████████| 1/1 [00:01<00:00,  1.13s/it]100%|██████████| 1/1 [00:01<00:00,  1.21s/it]
=> result
* total: 44
* correct: 44
* accuracy: 100.0%
* error: 0.0%
* macro_f1: 100.0%
Evaluate on the client3_test set
  0%|          | 0/1 [00:00<?, ?it/s]100%|██████████| 1/1 [00:01<00:00,  1.27s/it]100%|██████████| 1/1 [00:01<00:00,  1.39s/it]
=> result
* total: 54
* correct: 50
* accuracy: 92.6%
* error: 7.4%
* macro_f1: 83.7%
Evaluate on the client4_test set
  0%|          | 0/1 [00:00<?, ?it/s]100%|██████████| 1/1 [00:00<00:00,  1.07it/s]100%|██████████| 1/1 [00:01<00:00,  1.02s/it]
=> result
* total: 69
* correct: 66
* accuracy: 95.7%
* error: 4.3%
* macro_f1: 96.1%
Evaluate on the client5_test set
  0%|          | 0/1 [00:00<?, ?it/s]100%|██████████| 1/1 [00:01<00:00,  1.05s/it]100%|██████████| 1/1 [00:01<00:00,  1.15s/it]=> result
* total: 89
* correct: 87
* accuracy: 97.8%
* error: 2.2%
* macro_f1: 95.0%
0 --Local test acc: 92.93680297397769
1 --Local test acc: 85.32423208191126
2 --Local test acc: 100.0
3 --Local test acc: 92.5925925925926
4 --Local test acc: 95.65217391304348
5 --Local test acc: 97.75280898876404
--Global test acc: 94.04310175838151
Epoch:43
------------local test finish-------------
idxs_users [0, 1, 2, 3, 4, 5]
------------local train start epoch: 44 -------------

epoch [1/1] batch [10/35] time 0.067 (0.141) data 0.000 (0.060) loss 0.3257 (0.3888) acc 84.3750 (89.0625) spf_gamma 0.0500 (0.0500) spf_rank 8.0000 (8.0000) lr 1.0000e-03 eta 0:00:03 user 0
epoch [1/1] batch [20/35] time 0.075 (0.107) data 0.000 (0.030) loss 0.2827 (0.3533) acc 90.6250 (90.1562) spf_gamma 0.0500 (0.0500) spf_rank 8.0000 (8.0000) lr 1.0000e-03 eta 0:00:01 user 0
epoch [1/1] batch [30/35] time 0.074 (0.095) data 0.000 (0.020) loss 0.2910 (0.3456) acc 93.7500 (90.3125) spf_gamma 0.0500 (0.0500) spf_rank 8.0000 (8.0000) lr 1.0000e-03 eta 0:00:00 user 0
Finish training: 0 user
Deploy the last-epoch model
0 User, Elapsed: 0:00:03
epoch [1/1] batch [10/35] time 0.070 (0.142) data 0.000 (0.063) loss 0.1566 (0.4254) acc 96.8750 (85.6250) spf_gamma 0.0500 (0.0500) spf_rank 8.0000 (8.0000) lr 1.0000e-03 eta 0:00:03 user 1
epoch [1/1] batch [20/35] time 0.073 (0.106) data 0.000 (0.031) loss 0.3572 (0.4907) acc 93.7500 (83.9062) spf_gamma 0.0500 (0.0500) spf_rank 8.0000 (8.0000) lr 1.0000e-03 eta 0:00:01 user 1
epoch [1/1] batch [30/35] time 0.063 (0.094) data 0.000 (0.021) loss 0.3355 (0.4827) acc 93.7500 (85.1042) spf_gamma 0.0500 (0.0500) spf_rank 8.0000 (8.0000) lr 1.0000e-03 eta 0:00:00 user 1
Finish training: 1 user
Deploy the last-epoch model
1 User, Elapsed: 0:00:03
epoch [1/1] batch [1/6] time 0.934 (0.934) data 0.856 (0.856) loss 0.1651 (0.1651) acc 93.7500 (93.7500) spf_gamma 0.0500 (0.0500) spf_rank 8.0000 (8.0000) lr 1.0000e-03 eta 0:00:04 user 2
epoch [1/1] batch [2/6] time 0.073 (0.503) data 0.000 (0.428) loss 0.1378 (0.1515) acc 96.8750 (95.3125) spf_gamma 0.0500 (0.0500) spf_rank 8.0000 (8.0000) lr 1.0000e-03 eta 0:00:02 user 2
epoch [1/1] batch [3/6] time 0.063 (0.357) data 0.000 (0.285) loss 0.0618 (0.1216) acc 100.0000 (96.8750) spf_gamma 0.0500 (0.0500) spf_rank 8.0000 (8.0000) lr 1.0000e-03 eta 0:00:01 user 2
epoch [1/1] batch [4/6] time 0.067 (0.284) data 0.000 (0.214) loss 0.0315 (0.0991) acc 100.0000 (97.6562) spf_gamma 0.0500 (0.0500) spf_rank 8.0000 (8.0000) lr 1.0000e-03 eta 0:00:00 user 2
epoch [1/1] batch [5/6] time 0.073 (0.242) data 0.000 (0.171) loss 0.1781 (0.1149) acc 93.7500 (96.8750) spf_gamma 0.0500 (0.0500) spf_rank 8.0000 (8.0000) lr 1.0000e-03 eta 0:00:00 user 2
epoch [1/1] batch [6/6] time 0.067 (0.213) data 0.000 (0.143) loss 0.1136 (0.1147) acc 96.8750 (96.8750) spf_gamma 0.0500 (0.0500) spf_rank 8.0000 (8.0000) lr 1.0000e-03 eta 0:00:00 user 2
Finish training: 2 user
Deploy the last-epoch model
2 User, Elapsed: 0:00:01
epoch [1/1] batch [1/5] time 0.986 (0.986) data 0.918 (0.918) loss 0.0305 (0.0305) acc 100.0000 (100.0000) spf_gamma 0.0500 (0.0500) spf_rank 8.0000 (8.0000) lr 1.0000e-03 eta 0:00:03 user 3
epoch [1/1] batch [2/5] time 0.064 (0.525) data 0.000 (0.459) loss 0.0772 (0.0539) acc 96.8750 (98.4375) spf_gamma 0.0500 (0.0500) spf_rank 8.0000 (8.0000) lr 1.0000e-03 eta 0:00:01 user 3
epoch [1/1] batch [3/5] time 0.078 (0.376) data 0.000 (0.306) loss 0.0766 (0.0614) acc 96.8750 (97.9167) spf_gamma 0.0500 (0.0500) spf_rank 8.0000 (8.0000) lr 1.0000e-03 eta 0:00:00 user 3
epoch [1/1] batch [4/5] time 0.072 (0.300) data 0.000 (0.230) loss 0.1111 (0.0739) acc 96.8750 (97.6562) spf_gamma 0.0500 (0.0500) spf_rank 8.0000 (8.0000) lr 1.0000e-03 eta 0:00:00 user 3
epoch [1/1] batch [5/5] time 0.076 (0.255) data 0.000 (0.184) loss 0.2207 (0.1032) acc 96.8750 (97.5000) spf_gamma 0.0500 (0.0500) spf_rank 8.0000 (8.0000) lr 1.0000e-03 eta 0:00:00 user 3
Finish training: 3 user
Deploy the last-epoch model
3 User, Elapsed: 0:00:01
epoch [1/1] batch [10/10] time 0.076 (0.134) data 0.000 (0.065) loss 0.0831 (0.1992) acc 100.0000 (94.6875) spf_gamma 0.0500 (0.0500) spf_rank 8.0000 (8.0000) lr 1.0000e-03 eta 0:00:00 user 4
Finish training: 4 user
Deploy the last-epoch model
4 User, Elapsed: 0:00:01
epoch [1/1] batch [1/9] time 0.838 (0.838) data 0.759 (0.759) loss 0.2147 (0.2147) acc 90.6250 (90.6250) spf_gamma 0.0500 (0.0500) spf_rank 8.0000 (8.0000) lr 1.0000e-03 eta 0:00:06 user 5
epoch [1/1] batch [2/9] time 0.073 (0.455) data 0.000 (0.379) loss 0.1374 (0.1761) acc 93.7500 (92.1875) spf_gamma 0.0500 (0.0500) spf_rank 8.0000 (8.0000) lr 1.0000e-03 eta 0:00:03 user 5
epoch [1/1] batch [3/9] time 0.064 (0.325) data 0.000 (0.253) loss 0.3069 (0.2197) acc 90.6250 (91.6667) spf_gamma 0.0500 (0.0500) spf_rank 8.0000 (8.0000) lr 1.0000e-03 eta 0:00:01 user 5
epoch [1/1] batch [4/9] time 0.065 (0.260) data 0.000 (0.190) loss 0.2246 (0.2209) acc 93.7500 (92.1875) spf_gamma 0.0500 (0.0500) spf_rank 8.0000 (8.0000) lr 1.0000e-03 eta 0:00:01 user 5
epoch [1/1] batch [5/9] time 0.065 (0.221) data 0.000 (0.152) loss 0.2884 (0.2344) acc 93.7500 (92.5000) spf_gamma 0.0500 (0.0500) spf_rank 8.0000 (8.0000) lr 1.0000e-03 eta 0:00:00 user 5
epoch [1/1] batch [6/9] time 0.077 (0.197) data 0.000 (0.127) loss 0.2228 (0.2325) acc 96.8750 (93.2292) spf_gamma 0.0500 (0.0500) spf_rank 8.0000 (8.0000) lr 1.0000e-03 eta 0:00:00 user 5
epoch [1/1] batch [7/9] time 0.067 (0.179) data 0.000 (0.108) loss 0.1355 (0.2186) acc 93.7500 (93.3036) spf_gamma 0.0500 (0.0500) spf_rank 8.0000 (8.0000) lr 1.0000e-03 eta 0:00:00 user 5
epoch [1/1] batch [8/9] time 0.071 (0.165) data 0.000 (0.095) loss 0.1363 (0.2083) acc 96.8750 (93.7500) spf_gamma 0.0500 (0.0500) spf_rank 8.0000 (8.0000) lr 1.0000e-03 eta 0:00:00 user 5
epoch [1/1] batch [9/9] time 0.074 (0.155) data 0.000 (0.084) loss 0.1322 (0.1999) acc 96.8750 (94.0972) spf_gamma 0.0500 (0.0500) spf_rank 8.0000 (8.0000) lr 1.0000e-03 eta 0:00:00 user 5
Finish training: 5 user
Deploy the last-epoch model
5 User, Elapsed: 0:00:02
------------local train finish epoch: 44 -------------
------------local test start-------------
Evaluate on the client0_test set
  0%|          | 0/3 [00:00<?, ?it/s] 33%|███▎      | 1/3 [00:01<00:02,  1.13s/it] 67%|██████▋   | 2/3 [00:01<00:00,  1.77it/s]100%|██████████| 3/3 [00:01<00:00,  2.07it/s]
=> result
* total: 269
* correct: 251
* accuracy: 93.3%
* error: 6.7%
* macro_f1: 91.6%
Evaluate on the client1_test set
  0%|          | 0/3 [00:00<?, ?it/s] 33%|███▎      | 1/3 [00:01<00:02,  1.19s/it] 67%|██████▋   | 2/3 [00:01<00:00,  1.70it/s]100%|██████████| 3/3 [00:01<00:00,  1.97it/s]
=> result
* total: 293
* correct: 254
* accuracy: 86.7%
* error: 13.3%
* macro_f1: 82.8%
Evaluate on the client2_test set
  0%|          | 0/1 [00:00<?, ?it/s]100%|██████████| 1/1 [00:01<00:00,  1.14s/it]100%|██████████| 1/1 [00:01<00:00,  1.23s/it]
=> result
* total: 44
* correct: 44
* accuracy: 100.0%
* error: 0.0%
* macro_f1: 100.0%
Evaluate on the client3_test set
  0%|          | 0/1 [00:00<?, ?it/s]100%|██████████| 1/1 [00:01<00:00,  1.39s/it]100%|██████████| 1/1 [00:01<00:00,  1.51s/it]
=> result
* total: 54
* correct: 50
* accuracy: 92.6%
* error: 7.4%
* macro_f1: 84.1%
Evaluate on the client4_test set
  0%|          | 0/1 [00:00<?, ?it/s]100%|██████████| 1/1 [00:00<00:00,  1.04it/s]100%|██████████| 1/1 [00:01<00:00,  1.08s/it]
=> result
* total: 69
* correct: 68
* accuracy: 98.6%
* error: 1.4%
* macro_f1: 98.3%
Evaluate on the client5_test set
  0%|          | 0/1 [00:00<?, ?it/s]100%|██████████| 1/1 [00:01<00:00,  1.11s/it]100%|██████████| 1/1 [00:01<00:00,  1.24s/it]=> result
* total: 89
* correct: 87
* accuracy: 97.8%
* error: 2.2%
* macro_f1: 95.0%
0 --Local test acc: 93.3085501858736
1 --Local test acc: 86.68941979522184
2 --Local test acc: 100.0
3 --Local test acc: 92.5925925925926
4 --Local test acc: 98.55072463768116
5 --Local test acc: 97.75280898876404
--Global test acc: 94.81568270002221
Epoch:44
------------local test finish-------------
idxs_users [0, 1, 2, 3, 4, 5]
------------local train start epoch: 45 -------------

epoch [1/1] batch [10/35] time 0.063 (0.129) data 0.000 (0.060) loss 0.4417 (0.4144) acc 87.5000 (87.8125) spf_gamma 0.0500 (0.0500) spf_rank 8.0000 (8.0000) lr 1.0000e-03 eta 0:00:03 user 0
epoch [1/1] batch [20/35] time 0.069 (0.099) data 0.000 (0.030) loss 0.8472 (0.3873) acc 84.3750 (88.2812) spf_gamma 0.0500 (0.0500) spf_rank 8.0000 (8.0000) lr 1.0000e-03 eta 0:00:01 user 0
epoch [1/1] batch [30/35] time 0.064 (0.088) data 0.000 (0.020) loss 0.3050 (0.3831) acc 93.7500 (88.7500) spf_gamma 0.0500 (0.0500) spf_rank 8.0000 (8.0000) lr 1.0000e-03 eta 0:00:00 user 0
Finish training: 0 user
Deploy the last-epoch model
0 User, Elapsed: 0:00:03
epoch [1/1] batch [10/35] time 0.065 (0.137) data 0.000 (0.065) loss 0.4339 (0.4242) acc 84.3750 (87.8125) spf_gamma 0.0500 (0.0500) spf_rank 8.0000 (8.0000) lr 1.0000e-03 eta 0:00:03 user 1
epoch [1/1] batch [20/35] time 0.079 (0.103) data 0.000 (0.032) loss 0.6607 (0.4121) acc 81.2500 (87.1875) spf_gamma 0.0500 (0.0500) spf_rank 8.0000 (8.0000) lr 1.0000e-03 eta 0:00:01 user 1
epoch [1/1] batch [30/35] time 0.064 (0.090) data 0.000 (0.022) loss 0.4634 (0.4648) acc 84.3750 (85.8333) spf_gamma 0.0500 (0.0500) spf_rank 8.0000 (8.0000) lr 1.0000e-03 eta 0:00:00 user 1
Finish training: 1 user
Deploy the last-epoch model
1 User, Elapsed: 0:00:03
epoch [1/1] batch [1/6] time 0.986 (0.986) data 0.915 (0.915) loss 0.1388 (0.1388) acc 96.8750 (96.8750) spf_gamma 0.0500 (0.0500) spf_rank 8.0000 (8.0000) lr 1.0000e-03 eta 0:00:04 user 2
epoch [1/1] batch [2/6] time 0.071 (0.528) data 0.000 (0.458) loss 0.0894 (0.1141) acc 96.8750 (96.8750) spf_gamma 0.0500 (0.0500) spf_rank 8.0000 (8.0000) lr 1.0000e-03 eta 0:00:02 user 2
epoch [1/1] batch [3/6] time 0.072 (0.376) data 0.000 (0.305) loss 0.0889 (0.1057) acc 96.8750 (96.8750) spf_gamma 0.0500 (0.0500) spf_rank 8.0000 (8.0000) lr 1.0000e-03 eta 0:00:01 user 2
epoch [1/1] batch [4/6] time 0.069 (0.299) data 0.000 (0.229) loss 0.1781 (0.1238) acc 93.7500 (96.0938) spf_gamma 0.0500 (0.0500) spf_rank 8.0000 (8.0000) lr 1.0000e-03 eta 0:00:00 user 2
epoch [1/1] batch [5/6] time 0.067 (0.253) data 0.000 (0.183) loss 0.2216 (0.1434) acc 93.7500 (95.6250) spf_gamma 0.0500 (0.0500) spf_rank 8.0000 (8.0000) lr 1.0000e-03 eta 0:00:00 user 2
epoch [1/1] batch [6/6] time 0.067 (0.222) data 0.000 (0.153) loss 0.2876 (0.1674) acc 93.7500 (95.3125) spf_gamma 0.0500 (0.0500) spf_rank 8.0000 (8.0000) lr 1.0000e-03 eta 0:00:00 user 2
Finish training: 2 user
Deploy the last-epoch model
2 User, Elapsed: 0:00:01
epoch [1/1] batch [1/5] time 0.968 (0.968) data 0.891 (0.891) loss 0.2068 (0.2068) acc 90.6250 (90.6250) spf_gamma 0.0500 (0.0500) spf_rank 8.0000 (8.0000) lr 1.0000e-03 eta 0:00:03 user 3
epoch [1/1] batch [2/5] time 0.066 (0.517) data 0.000 (0.445) loss 0.6475 (0.4271) acc 87.5000 (89.0625) spf_gamma 0.0500 (0.0500) spf_rank 8.0000 (8.0000) lr 1.0000e-03 eta 0:00:01 user 3
epoch [1/1] batch [3/5] time 0.072 (0.369) data 0.000 (0.297) loss 0.0647 (0.3063) acc 96.8750 (91.6667) spf_gamma 0.0500 (0.0500) spf_rank 8.0000 (8.0000) lr 1.0000e-03 eta 0:00:00 user 3
epoch [1/1] batch [4/5] time 0.066 (0.293) data 0.000 (0.223) loss 0.3162 (0.3088) acc 93.7500 (92.1875) spf_gamma 0.0500 (0.0500) spf_rank 8.0000 (8.0000) lr 1.0000e-03 eta 0:00:00 user 3
epoch [1/1] batch [5/5] time 0.073 (0.249) data 0.000 (0.178) loss 0.1054 (0.2681) acc 93.7500 (92.5000) spf_gamma 0.0500 (0.0500) spf_rank 8.0000 (8.0000) lr 1.0000e-03 eta 0:00:00 user 3
Finish training: 3 user
Deploy the last-epoch model
3 User, Elapsed: 0:00:01
epoch [1/1] batch [10/10] time 0.064 (0.140) data 0.000 (0.073) loss 0.1824 (0.2269) acc 93.7500 (93.4375) spf_gamma 0.0500 (0.0500) spf_rank 8.0000 (8.0000) lr 1.0000e-03 eta 0:00:00 user 4
Finish training: 4 user
Deploy the last-epoch model
4 User, Elapsed: 0:00:01
epoch [1/1] batch [1/9] time 0.732 (0.732) data 0.655 (0.655) loss 0.0980 (0.0980) acc 96.8750 (96.8750) spf_gamma 0.0500 (0.0500) spf_rank 8.0000 (8.0000) lr 1.0000e-03 eta 0:00:05 user 5
epoch [1/1] batch [2/9] time 0.069 (0.400) data 0.000 (0.328) loss 0.0961 (0.0970) acc 96.8750 (96.8750) spf_gamma 0.0500 (0.0500) spf_rank 8.0000 (8.0000) lr 1.0000e-03 eta 0:00:02 user 5
epoch [1/1] batch [3/9] time 0.073 (0.291) data 0.000 (0.219) loss 0.1887 (0.1276) acc 93.7500 (95.8333) spf_gamma 0.0500 (0.0500) spf_rank 8.0000 (8.0000) lr 1.0000e-03 eta 0:00:01 user 5
epoch [1/1] batch [4/9] time 0.078 (0.238) data 0.000 (0.164) loss 0.2013 (0.1460) acc 90.6250 (94.5312) spf_gamma 0.0500 (0.0500) spf_rank 8.0000 (8.0000) lr 1.0000e-03 eta 0:00:01 user 5
epoch [1/1] batch [5/9] time 0.073 (0.205) data 0.000 (0.131) loss 0.1966 (0.1561) acc 93.7500 (94.3750) spf_gamma 0.0500 (0.0500) spf_rank 8.0000 (8.0000) lr 1.0000e-03 eta 0:00:00 user 5
epoch [1/1] batch [6/9] time 0.074 (0.183) data 0.000 (0.109) loss 0.1267 (0.1512) acc 96.8750 (94.7917) spf_gamma 0.0500 (0.0500) spf_rank 8.0000 (8.0000) lr 1.0000e-03 eta 0:00:00 user 5
epoch [1/1] batch [7/9] time 0.065 (0.166) data 0.000 (0.094) loss 0.1051 (0.1446) acc 93.7500 (94.6429) spf_gamma 0.0500 (0.0500) spf_rank 8.0000 (8.0000) lr 1.0000e-03 eta 0:00:00 user 5
epoch [1/1] batch [8/9] time 0.071 (0.154) data 0.000 (0.082) loss 0.1997 (0.1515) acc 93.7500 (94.5312) spf_gamma 0.0500 (0.0500) spf_rank 8.0000 (8.0000) lr 1.0000e-03 eta 0:00:00 user 5
epoch [1/1] batch [9/9] time 0.072 (0.145) data 0.000 (0.073) loss 0.0809 (0.1437) acc 100.0000 (95.1389) spf_gamma 0.0500 (0.0500) spf_rank 8.0000 (8.0000) lr 1.0000e-03 eta 0:00:00 user 5
Finish training: 5 user
Deploy the last-epoch model
5 User, Elapsed: 0:00:01
------------local train finish epoch: 45 -------------
------------local test start-------------
Evaluate on the client0_test set
  0%|          | 0/3 [00:00<?, ?it/s] 33%|███▎      | 1/3 [00:01<00:02,  1.13s/it] 67%|██████▋   | 2/3 [00:01<00:00,  1.77it/s]100%|██████████| 3/3 [00:01<00:00,  2.04it/s]
=> result
* total: 269
* correct: 251
* accuracy: 93.3%
* error: 6.7%
* macro_f1: 91.9%
Evaluate on the client1_test set
  0%|          | 0/3 [00:00<?, ?it/s] 33%|███▎      | 1/3 [00:01<00:02,  1.33s/it] 67%|██████▋   | 2/3 [00:01<00:00,  1.54it/s]100%|██████████| 3/3 [00:01<00:00,  1.78it/s]
=> result
* total: 293
* correct: 258
* accuracy: 88.1%
* error: 11.9%
* macro_f1: 80.9%
Evaluate on the client2_test set
  0%|          | 0/1 [00:00<?, ?it/s]100%|██████████| 1/1 [00:01<00:00,  1.22s/it]100%|██████████| 1/1 [00:01<00:00,  1.39s/it]
=> result
* total: 44
* correct: 44
* accuracy: 100.0%
* error: 0.0%
* macro_f1: 100.0%
Evaluate on the client3_test set
  0%|          | 0/1 [00:00<?, ?it/s]100%|██████████| 1/1 [00:01<00:00,  1.37s/it]100%|██████████| 1/1 [00:01<00:00,  1.47s/it]
=> result
* total: 54
* correct: 49
* accuracy: 90.7%
* error: 9.3%
* macro_f1: 80.9%
Evaluate on the client4_test set
  0%|          | 0/1 [00:00<?, ?it/s]100%|██████████| 1/1 [00:00<00:00,  1.08it/s]100%|██████████| 1/1 [00:01<00:00,  1.06s/it]
=> result
* total: 69
* correct: 67
* accuracy: 97.1%
* error: 2.9%
* macro_f1: 97.3%
Evaluate on the client5_test set
  0%|          | 0/1 [00:00<?, ?it/s]100%|██████████| 1/1 [00:01<00:00,  1.16s/it]100%|██████████| 1/1 [00:01<00:00,  1.27s/it]=> result
* total: 89
* correct: 88
* accuracy: 98.9%
* error: 1.1%
* macro_f1: 95.7%
0 --Local test acc: 93.3085501858736
1 --Local test acc: 88.05460750853243
2 --Local test acc: 100.0
3 --Local test acc: 90.74074074074075
4 --Local test acc: 97.10144927536231
5 --Local test acc: 98.87640449438203
--Global test acc: 94.68029203414852
Epoch:45
------------local test finish-------------
idxs_users [0, 1, 2, 3, 4, 5]
------------local train start epoch: 46 -------------

epoch [1/1] batch [10/35] time 0.069 (0.158) data 0.000 (0.081) loss 0.2547 (0.3895) acc 96.8750 (90.9375) spf_gamma 0.0500 (0.0500) spf_rank 8.0000 (8.0000) lr 1.0000e-03 eta 0:00:03 user 0
epoch [1/1] batch [20/35] time 0.071 (0.114) data 0.000 (0.041) loss 0.3174 (0.3732) acc 93.7500 (90.0000) spf_gamma 0.0500 (0.0500) spf_rank 8.0000 (8.0000) lr 1.0000e-03 eta 0:00:01 user 0
epoch [1/1] batch [30/35] time 0.067 (0.099) data 0.000 (0.027) loss 0.2128 (0.3582) acc 90.6250 (89.7917) spf_gamma 0.0500 (0.0500) spf_rank 8.0000 (8.0000) lr 1.0000e-03 eta 0:00:00 user 0
Finish training: 0 user
Deploy the last-epoch model
0 User, Elapsed: 0:00:03
epoch [1/1] batch [10/35] time 0.091 (0.144) data 0.000 (0.066) loss 0.3924 (0.4254) acc 90.6250 (87.1875) spf_gamma 0.0500 (0.0500) spf_rank 8.0000 (8.0000) lr 1.0000e-03 eta 0:00:03 user 1
epoch [1/1] batch [20/35] time 0.065 (0.106) data 0.000 (0.033) loss 0.5171 (0.4390) acc 81.2500 (86.7188) spf_gamma 0.0500 (0.0500) spf_rank 8.0000 (8.0000) lr 1.0000e-03 eta 0:00:01 user 1
epoch [1/1] batch [30/35] time 0.074 (0.093) data 0.000 (0.022) loss 0.3367 (0.4297) acc 90.6250 (87.2917) spf_gamma 0.0500 (0.0500) spf_rank 8.0000 (8.0000) lr 1.0000e-03 eta 0:00:00 user 1
Finish training: 1 user
Deploy the last-epoch model
1 User, Elapsed: 0:00:03
epoch [1/1] batch [1/6] time 0.943 (0.943) data 0.869 (0.869) loss 0.0308 (0.0308) acc 100.0000 (100.0000) spf_gamma 0.0500 (0.0500) spf_rank 8.0000 (8.0000) lr 1.0000e-03 eta 0:00:04 user 2
epoch [1/1] batch [2/6] time 0.073 (0.508) data 0.000 (0.434) loss 0.1977 (0.1142) acc 90.6250 (95.3125) spf_gamma 0.0500 (0.0500) spf_rank 8.0000 (8.0000) lr 1.0000e-03 eta 0:00:02 user 2
epoch [1/1] batch [3/6] time 0.066 (0.361) data 0.000 (0.290) loss 0.2442 (0.1575) acc 93.7500 (94.7917) spf_gamma 0.0500 (0.0500) spf_rank 8.0000 (8.0000) lr 1.0000e-03 eta 0:00:01 user 2
epoch [1/1] batch [4/6] time 0.080 (0.291) data 0.000 (0.217) loss 0.0960 (0.1422) acc 96.8750 (95.3125) spf_gamma 0.0500 (0.0500) spf_rank 8.0000 (8.0000) lr 1.0000e-03 eta 0:00:00 user 2
epoch [1/1] batch [5/6] time 0.065 (0.245) data 0.000 (0.174) loss 0.1670 (0.1471) acc 96.8750 (95.6250) spf_gamma 0.0500 (0.0500) spf_rank 8.0000 (8.0000) lr 1.0000e-03 eta 0:00:00 user 2
epoch [1/1] batch [6/6] time 0.072 (0.217) data 0.000 (0.145) loss 0.2334 (0.1615) acc 93.7500 (95.3125) spf_gamma 0.0500 (0.0500) spf_rank 8.0000 (8.0000) lr 1.0000e-03 eta 0:00:00 user 2
Finish training: 2 user
Deploy the last-epoch model
2 User, Elapsed: 0:00:01
epoch [1/1] batch [1/5] time 0.931 (0.931) data 0.856 (0.856) loss 0.2342 (0.2342) acc 96.8750 (96.8750) spf_gamma 0.0500 (0.0500) spf_rank 8.0000 (8.0000) lr 1.0000e-03 eta 0:00:03 user 3
epoch [1/1] batch [2/5] time 0.082 (0.506) data 0.000 (0.428) loss 0.1565 (0.1953) acc 96.8750 (96.8750) spf_gamma 0.0500 (0.0500) spf_rank 8.0000 (8.0000) lr 1.0000e-03 eta 0:00:01 user 3
epoch [1/1] batch [3/5] time 0.071 (0.361) data 0.000 (0.285) loss 0.1255 (0.1721) acc 93.7500 (95.8333) spf_gamma 0.0500 (0.0500) spf_rank 8.0000 (8.0000) lr 1.0000e-03 eta 0:00:00 user 3
epoch [1/1] batch [4/5] time 0.075 (0.290) data 0.000 (0.214) loss 0.2014 (0.1794) acc 90.6250 (94.5312) spf_gamma 0.0500 (0.0500) spf_rank 8.0000 (8.0000) lr 1.0000e-03 eta 0:00:00 user 3
epoch [1/1] batch [5/5] time 0.074 (0.247) data 0.000 (0.171) loss 0.1109 (0.1657) acc 100.0000 (95.6250) spf_gamma 0.0500 (0.0500) spf_rank 8.0000 (8.0000) lr 1.0000e-03 eta 0:00:00 user 3
Finish training: 3 user
Deploy the last-epoch model
3 User, Elapsed: 0:00:01
epoch [1/1] batch [10/10] time 0.073 (0.141) data 0.000 (0.069) loss 0.1239 (0.2689) acc 96.8750 (93.1250) spf_gamma 0.0500 (0.0500) spf_rank 8.0000 (8.0000) lr 1.0000e-03 eta 0:00:00 user 4
Finish training: 4 user
Deploy the last-epoch model
4 User, Elapsed: 0:00:02
epoch [1/1] batch [1/9] time 0.770 (0.770) data 0.687 (0.687) loss 0.2871 (0.2871) acc 93.7500 (93.7500) spf_gamma 0.0500 (0.0500) spf_rank 8.0000 (8.0000) lr 1.0000e-03 eta 0:00:06 user 5
epoch [1/1] batch [2/9] time 0.072 (0.421) data 0.000 (0.344) loss 0.0770 (0.1821) acc 96.8750 (95.3125) spf_gamma 0.0500 (0.0500) spf_rank 8.0000 (8.0000) lr 1.0000e-03 eta 0:00:02 user 5
epoch [1/1] batch [3/9] time 0.080 (0.307) data 0.000 (0.229) loss 0.2508 (0.2050) acc 93.7500 (94.7917) spf_gamma 0.0500 (0.0500) spf_rank 8.0000 (8.0000) lr 1.0000e-03 eta 0:00:01 user 5
epoch [1/1] batch [4/9] time 0.079 (0.250) data 0.000 (0.172) loss 0.0610 (0.1690) acc 96.8750 (95.3125) spf_gamma 0.0500 (0.0500) spf_rank 8.0000 (8.0000) lr 1.0000e-03 eta 0:00:01 user 5
epoch [1/1] batch [5/9] time 0.074 (0.215) data 0.000 (0.138) loss 0.0464 (0.1445) acc 100.0000 (96.2500) spf_gamma 0.0500 (0.0500) spf_rank 8.0000 (8.0000) lr 1.0000e-03 eta 0:00:00 user 5
epoch [1/1] batch [6/9] time 0.069 (0.191) data 0.000 (0.115) loss 0.5611 (0.2139) acc 81.2500 (93.7500) spf_gamma 0.0500 (0.0500) spf_rank 8.0000 (8.0000) lr 1.0000e-03 eta 0:00:00 user 5
epoch [1/1] batch [7/9] time 0.065 (0.173) data 0.000 (0.098) loss 0.1750 (0.2083) acc 96.8750 (94.1964) spf_gamma 0.0500 (0.0500) spf_rank 8.0000 (8.0000) lr 1.0000e-03 eta 0:00:00 user 5
epoch [1/1] batch [8/9] time 0.071 (0.160) data 0.000 (0.086) loss 0.1222 (0.1976) acc 96.8750 (94.5312) spf_gamma 0.0500 (0.0500) spf_rank 8.0000 (8.0000) lr 1.0000e-03 eta 0:00:00 user 5
epoch [1/1] batch [9/9] time 0.073 (0.150) data 0.000 (0.076) loss 0.2674 (0.2053) acc 90.6250 (94.0972) spf_gamma 0.0500 (0.0500) spf_rank 8.0000 (8.0000) lr 1.0000e-03 eta 0:00:00 user 5
Finish training: 5 user
Deploy the last-epoch model
5 User, Elapsed: 0:00:01
------------local train finish epoch: 46 -------------
------------local test start-------------
Evaluate on the client0_test set
  0%|          | 0/3 [00:00<?, ?it/s] 33%|███▎      | 1/3 [00:01<00:02,  1.09s/it] 67%|██████▋   | 2/3 [00:01<00:00,  1.82it/s]100%|██████████| 3/3 [00:01<00:00,  2.15it/s]
=> result
* total: 269
* correct: 250
* accuracy: 92.9%
* error: 7.1%
* macro_f1: 91.0%
Evaluate on the client1_test set
  0%|          | 0/3 [00:00<?, ?it/s] 33%|███▎      | 1/3 [00:01<00:02,  1.13s/it] 67%|██████▋   | 2/3 [00:01<00:00,  1.76it/s]100%|██████████| 3/3 [00:01<00:00,  2.05it/s]
=> result
* total: 293
* correct: 257
* accuracy: 87.7%
* error: 12.3%
* macro_f1: 83.3%
Evaluate on the client2_test set
  0%|          | 0/1 [00:00<?, ?it/s]100%|██████████| 1/1 [00:01<00:00,  1.08s/it]100%|██████████| 1/1 [00:01<00:00,  1.20s/it]
=> result
* total: 44
* correct: 44
* accuracy: 100.0%
* error: 0.0%
* macro_f1: 100.0%
Evaluate on the client3_test set
  0%|          | 0/1 [00:00<?, ?it/s]100%|██████████| 1/1 [00:01<00:00,  1.22s/it]100%|██████████| 1/1 [00:01<00:00,  1.31s/it]
=> result
* total: 54
* correct: 50
* accuracy: 92.6%
* error: 7.4%
* macro_f1: 84.1%
Evaluate on the client4_test set
  0%|          | 0/1 [00:00<?, ?it/s]100%|██████████| 1/1 [00:01<00:00,  1.01s/it]100%|██████████| 1/1 [00:01<00:00,  1.13s/it]
=> result
* total: 69
* correct: 67
* accuracy: 97.1%
* error: 2.9%
* macro_f1: 97.3%
Evaluate on the client5_test set
  0%|          | 0/1 [00:00<?, ?it/s]100%|██████████| 1/1 [00:01<00:00,  1.06s/it]100%|██████████| 1/1 [00:01<00:00,  1.17s/it]=> result
* total: 89
* correct: 89
* accuracy: 100.0%
* error: 0.0%
* macro_f1: 100.0%
0 --Local test acc: 92.93680297397769
1 --Local test acc: 87.71331058020478
2 --Local test acc: 100.0
3 --Local test acc: 92.5925925925926
4 --Local test acc: 97.10144927536231
5 --Local test acc: 100.0
--Global test acc: 95.05735923702291
Epoch:46
------------local test finish-------------
idxs_users [0, 1, 2, 3, 4, 5]
------------local train start epoch: 47 -------------

epoch [1/1] batch [10/35] time 0.065 (0.141) data 0.000 (0.069) loss 0.2874 (0.2722) acc 90.6250 (91.2500) spf_gamma 0.0500 (0.0500) spf_rank 8.0000 (8.0000) lr 1.0000e-03 eta 0:00:03 user 0
epoch [1/1] batch [20/35] time 0.068 (0.105) data 0.000 (0.034) loss 0.4292 (0.3127) acc 90.6250 (91.0938) spf_gamma 0.0500 (0.0500) spf_rank 8.0000 (8.0000) lr 1.0000e-03 eta 0:00:01 user 0
epoch [1/1] batch [30/35] time 0.064 (0.092) data 0.000 (0.023) loss 0.6646 (0.3396) acc 81.2500 (90.4167) spf_gamma 0.0500 (0.0500) spf_rank 8.0000 (8.0000) lr 1.0000e-03 eta 0:00:00 user 0
Finish training: 0 user
Deploy the last-epoch model
0 User, Elapsed: 0:00:03
epoch [1/1] batch [10/35] time 0.064 (0.142) data 0.000 (0.068) loss 0.2431 (0.3755) acc 87.5000 (88.1250) spf_gamma 0.0500 (0.0500) spf_rank 8.0000 (8.0000) lr 1.0000e-03 eta 0:00:03 user 1
epoch [1/1] batch [20/35] time 0.077 (0.108) data 0.000 (0.034) loss 0.5025 (0.3969) acc 78.1250 (87.5000) spf_gamma 0.0500 (0.0500) spf_rank 8.0000 (8.0000) lr 1.0000e-03 eta 0:00:01 user 1
epoch [1/1] batch [30/35] time 0.070 (0.096) data 0.000 (0.023) loss 0.4861 (0.4313) acc 84.3750 (85.7292) spf_gamma 0.0500 (0.0500) spf_rank 8.0000 (8.0000) lr 1.0000e-03 eta 0:00:00 user 1
Finish training: 1 user
Deploy the last-epoch model
1 User, Elapsed: 0:00:03
epoch [1/1] batch [1/6] time 1.098 (1.098) data 1.026 (1.026) loss 0.0130 (0.0130) acc 100.0000 (100.0000) spf_gamma 0.0500 (0.0500) spf_rank 8.0000 (8.0000) lr 1.0000e-03 eta 0:00:05 user 2
epoch [1/1] batch [2/6] time 0.068 (0.583) data 0.000 (0.513) loss 0.1886 (0.1008) acc 93.7500 (96.8750) spf_gamma 0.0500 (0.0500) spf_rank 8.0000 (8.0000) lr 1.0000e-03 eta 0:00:02 user 2
epoch [1/1] batch [3/6] time 0.067 (0.411) data 0.000 (0.342) loss 0.0534 (0.0850) acc 100.0000 (97.9167) spf_gamma 0.0500 (0.0500) spf_rank 8.0000 (8.0000) lr 1.0000e-03 eta 0:00:01 user 2
epoch [1/1] batch [4/6] time 0.073 (0.326) data 0.000 (0.257) loss 0.5054 (0.1901) acc 87.5000 (95.3125) spf_gamma 0.0500 (0.0500) spf_rank 8.0000 (8.0000) lr 1.0000e-03 eta 0:00:00 user 2
epoch [1/1] batch [5/6] time 0.072 (0.276) data 0.000 (0.205) loss 0.1886 (0.1898) acc 93.7500 (95.0000) spf_gamma 0.0500 (0.0500) spf_rank 8.0000 (8.0000) lr 1.0000e-03 eta 0:00:00 user 2
epoch [1/1] batch [6/6] time 0.072 (0.242) data 0.000 (0.171) loss 0.1559 (0.1842) acc 96.8750 (95.3125) spf_gamma 0.0500 (0.0500) spf_rank 8.0000 (8.0000) lr 1.0000e-03 eta 0:00:00 user 2
Finish training: 2 user
Deploy the last-epoch model
2 User, Elapsed: 0:00:02
epoch [1/1] batch [1/5] time 0.885 (0.885) data 0.811 (0.811) loss 0.1164 (0.1164) acc 96.8750 (96.8750) spf_gamma 0.0500 (0.0500) spf_rank 8.0000 (8.0000) lr 1.0000e-03 eta 0:00:03 user 3
epoch [1/1] batch [2/5] time 0.063 (0.474) data 0.000 (0.406) loss 0.3296 (0.2230) acc 90.6250 (93.7500) spf_gamma 0.0500 (0.0500) spf_rank 8.0000 (8.0000) lr 1.0000e-03 eta 0:00:01 user 3
epoch [1/1] batch [3/5] time 0.067 (0.339) data 0.000 (0.270) loss 0.2722 (0.2394) acc 93.7500 (93.7500) spf_gamma 0.0500 (0.0500) spf_rank 8.0000 (8.0000) lr 1.0000e-03 eta 0:00:00 user 3
epoch [1/1] batch [4/5] time 0.064 (0.270) data 0.000 (0.203) loss 0.0982 (0.2041) acc 96.8750 (94.5312) spf_gamma 0.0500 (0.0500) spf_rank 8.0000 (8.0000) lr 1.0000e-03 eta 0:00:00 user 3
epoch [1/1] batch [5/5] time 0.070 (0.230) data 0.000 (0.162) loss 0.1078 (0.1849) acc 96.8750 (95.0000) spf_gamma 0.0500 (0.0500) spf_rank 8.0000 (8.0000) lr 1.0000e-03 eta 0:00:00 user 3
Finish training: 3 user
Deploy the last-epoch model
3 User, Elapsed: 0:00:01
epoch [1/1] batch [10/10] time 0.065 (0.133) data 0.000 (0.063) loss 0.3113 (0.2813) acc 93.7500 (91.8750) spf_gamma 0.0500 (0.0500) spf_rank 8.0000 (8.0000) lr 1.0000e-03 eta 0:00:00 user 4
Finish training: 4 user
Deploy the last-epoch model
4 User, Elapsed: 0:00:01
epoch [1/1] batch [1/9] time 0.818 (0.818) data 0.746 (0.746) loss 0.1422 (0.1422) acc 90.6250 (90.6250) spf_gamma 0.0500 (0.0500) spf_rank 8.0000 (8.0000) lr 1.0000e-03 eta 0:00:06 user 5
epoch [1/1] batch [2/9] time 0.073 (0.446) data 0.000 (0.373) loss 0.3701 (0.2562) acc 93.7500 (92.1875) spf_gamma 0.0500 (0.0500) spf_rank 8.0000 (8.0000) lr 1.0000e-03 eta 0:00:03 user 5
epoch [1/1] batch [3/9] time 0.075 (0.322) data 0.000 (0.249) loss 0.1608 (0.2244) acc 96.8750 (93.7500) spf_gamma 0.0500 (0.0500) spf_rank 8.0000 (8.0000) lr 1.0000e-03 eta 0:00:01 user 5
epoch [1/1] batch [4/9] time 0.071 (0.259) data 0.000 (0.187) loss 0.2464 (0.2299) acc 90.6250 (92.9688) spf_gamma 0.0500 (0.0500) spf_rank 8.0000 (8.0000) lr 1.0000e-03 eta 0:00:01 user 5
epoch [1/1] batch [5/9] time 0.073 (0.222) data 0.000 (0.149) loss 0.1698 (0.2179) acc 93.7500 (93.1250) spf_gamma 0.0500 (0.0500) spf_rank 8.0000 (8.0000) lr 1.0000e-03 eta 0:00:00 user 5
epoch [1/1] batch [6/9] time 0.071 (0.197) data 0.000 (0.124) loss 0.2387 (0.2213) acc 93.7500 (93.2292) spf_gamma 0.0500 (0.0500) spf_rank 8.0000 (8.0000) lr 1.0000e-03 eta 0:00:00 user 5
epoch [1/1] batch [7/9] time 0.065 (0.178) data 0.000 (0.107) loss 0.2403 (0.2240) acc 96.8750 (93.7500) spf_gamma 0.0500 (0.0500) spf_rank 8.0000 (8.0000) lr 1.0000e-03 eta 0:00:00 user 5
epoch [1/1] batch [8/9] time 0.082 (0.166) data 0.000 (0.093) loss 0.1730 (0.2177) acc 93.7500 (93.7500) spf_gamma 0.0500 (0.0500) spf_rank 8.0000 (8.0000) lr 1.0000e-03 eta 0:00:00 user 5
epoch [1/1] batch [9/9] time 0.073 (0.156) data 0.000 (0.083) loss 0.1598 (0.2112) acc 93.7500 (93.7500) spf_gamma 0.0500 (0.0500) spf_rank 8.0000 (8.0000) lr 1.0000e-03 eta 0:00:00 user 5
Finish training: 5 user
Deploy the last-epoch model
5 User, Elapsed: 0:00:02
------------local train finish epoch: 47 -------------
------------local test start-------------
Evaluate on the client0_test set
  0%|          | 0/3 [00:00<?, ?it/s] 33%|███▎      | 1/3 [00:01<00:02,  1.08s/it] 67%|██████▋   | 2/3 [00:01<00:00,  1.84it/s]100%|██████████| 3/3 [00:01<00:00,  2.19it/s]
=> result
* total: 269
* correct: 250
* accuracy: 92.9%
* error: 7.1%
* macro_f1: 91.2%
Evaluate on the client1_test set
  0%|          | 0/3 [00:00<?, ?it/s] 33%|███▎      | 1/3 [00:01<00:02,  1.14s/it] 67%|██████▋   | 2/3 [00:01<00:00,  1.76it/s]100%|██████████| 3/3 [00:01<00:00,  2.02it/s]
=> result
* total: 293
* correct: 259
* accuracy: 88.4%
* error: 11.6%
* macro_f1: 80.9%
Evaluate on the client2_test set
  0%|          | 0/1 [00:00<?, ?it/s]100%|██████████| 1/1 [00:01<00:00,  1.15s/it]100%|██████████| 1/1 [00:01<00:00,  1.26s/it]
=> result
* total: 44
* correct: 44
* accuracy: 100.0%
* error: 0.0%
* macro_f1: 100.0%
Evaluate on the client3_test set
  0%|          | 0/1 [00:00<?, ?it/s]100%|██████████| 1/1 [00:01<00:00,  1.25s/it]100%|██████████| 1/1 [00:01<00:00,  1.35s/it]
=> result
* total: 54
* correct: 49
* accuracy: 90.7%
* error: 9.3%
* macro_f1: 80.2%
Evaluate on the client4_test set
  0%|          | 0/1 [00:00<?, ?it/s]100%|██████████| 1/1 [00:00<00:00,  1.05it/s]100%|██████████| 1/1 [00:01<00:00,  1.05s/it]
=> result
* total: 69
* correct: 69
* accuracy: 100.0%
* error: 0.0%
* macro_f1: 100.0%
Evaluate on the client5_test set
  0%|          | 0/1 [00:00<?, ?it/s]100%|██████████| 1/1 [00:01<00:00,  1.15s/it]100%|██████████| 1/1 [00:01<00:00,  1.25s/it]=> result
* total: 89
* correct: 88
* accuracy: 98.9%
* error: 1.1%
* macro_f1: 95.7%
0 --Local test acc: 92.93680297397769
1 --Local test acc: 88.39590443686006
2 --Local test acc: 100.0
3 --Local test acc: 90.74074074074075
4 --Local test acc: 100.0
5 --Local test acc: 98.87640449438203
--Global test acc: 95.15830877432677
Epoch:47
------------local test finish-------------
idxs_users [0, 1, 2, 3, 4, 5]
------------local train start epoch: 48 -------------

epoch [1/1] batch [10/35] time 0.080 (0.143) data 0.000 (0.066) loss 0.1863 (0.3064) acc 96.8750 (90.6250) spf_gamma 0.0500 (0.0500) spf_rank 8.0000 (8.0000) lr 1.0000e-03 eta 0:00:03 user 0
epoch [1/1] batch [20/35] time 0.074 (0.106) data 0.000 (0.033) loss 0.1905 (0.3357) acc 96.8750 (89.6875) spf_gamma 0.0500 (0.0500) spf_rank 8.0000 (8.0000) lr 1.0000e-03 eta 0:00:01 user 0
epoch [1/1] batch [30/35] time 0.062 (0.092) data 0.000 (0.022) loss 0.6284 (0.3209) acc 84.3750 (90.0000) spf_gamma 0.0500 (0.0500) spf_rank 8.0000 (8.0000) lr 1.0000e-03 eta 0:00:00 user 0
Finish training: 0 user
Deploy the last-epoch model
0 User, Elapsed: 0:00:03
epoch [1/1] batch [10/35] time 0.064 (0.135) data 0.000 (0.064) loss 0.4663 (0.4021) acc 87.5000 (89.0625) spf_gamma 0.0500 (0.0500) spf_rank 8.0000 (8.0000) lr 1.0000e-03 eta 0:00:03 user 1
epoch [1/1] batch [20/35] time 0.066 (0.103) data 0.000 (0.032) loss 0.5235 (0.4398) acc 84.3750 (86.5625) spf_gamma 0.0500 (0.0500) spf_rank 8.0000 (8.0000) lr 1.0000e-03 eta 0:00:01 user 1
epoch [1/1] batch [30/35] time 0.064 (0.090) data 0.000 (0.021) loss 0.6094 (0.4729) acc 81.2500 (85.2083) spf_gamma 0.0500 (0.0500) spf_rank 8.0000 (8.0000) lr 1.0000e-03 eta 0:00:00 user 1
Finish training: 1 user
Deploy the last-epoch model
1 User, Elapsed: 0:00:03
epoch [1/1] batch [1/6] time 0.918 (0.918) data 0.838 (0.838) loss 0.2427 (0.2427) acc 93.7500 (93.7500) spf_gamma 0.0500 (0.0500) spf_rank 8.0000 (8.0000) lr 1.0000e-03 eta 0:00:04 user 2
epoch [1/1] batch [2/6] time 0.076 (0.497) data 0.000 (0.419) loss 0.1149 (0.1788) acc 100.0000 (96.8750) spf_gamma 0.0500 (0.0500) spf_rank 8.0000 (8.0000) lr 1.0000e-03 eta 0:00:01 user 2
epoch [1/1] batch [3/6] time 0.068 (0.354) data 0.000 (0.279) loss 0.2381 (0.1986) acc 96.8750 (96.8750) spf_gamma 0.0500 (0.0500) spf_rank 8.0000 (8.0000) lr 1.0000e-03 eta 0:00:01 user 2
epoch [1/1] batch [4/6] time 0.078 (0.285) data 0.000 (0.210) loss 0.1110 (0.1767) acc 96.8750 (96.8750) spf_gamma 0.0500 (0.0500) spf_rank 8.0000 (8.0000) lr 1.0000e-03 eta 0:00:00 user 2
epoch [1/1] batch [5/6] time 0.073 (0.243) data 0.000 (0.168) loss 0.1087 (0.1631) acc 96.8750 (96.8750) spf_gamma 0.0500 (0.0500) spf_rank 8.0000 (8.0000) lr 1.0000e-03 eta 0:00:00 user 2
epoch [1/1] batch [6/6] time 0.065 (0.213) data 0.000 (0.140) loss 0.0289 (0.1407) acc 100.0000 (97.3958) spf_gamma 0.0500 (0.0500) spf_rank 8.0000 (8.0000) lr 1.0000e-03 eta 0:00:00 user 2
Finish training: 2 user
Deploy the last-epoch model
2 User, Elapsed: 0:00:01
epoch [1/1] batch [1/5] time 0.966 (0.966) data 0.886 (0.886) loss 0.0497 (0.0497) acc 96.8750 (96.8750) spf_gamma 0.0500 (0.0500) spf_rank 8.0000 (8.0000) lr 1.0000e-03 eta 0:00:03 user 3
epoch [1/1] batch [2/5] time 0.065 (0.515) data 0.000 (0.443) loss 0.0681 (0.0589) acc 96.8750 (96.8750) spf_gamma 0.0500 (0.0500) spf_rank 8.0000 (8.0000) lr 1.0000e-03 eta 0:00:01 user 3
epoch [1/1] batch [3/5] time 0.063 (0.365) data 0.000 (0.296) loss 0.0411 (0.0530) acc 100.0000 (97.9167) spf_gamma 0.0500 (0.0500) spf_rank 8.0000 (8.0000) lr 1.0000e-03 eta 0:00:00 user 3
epoch [1/1] batch [4/5] time 0.063 (0.289) data 0.000 (0.222) loss 0.0618 (0.0552) acc 100.0000 (98.4375) spf_gamma 0.0500 (0.0500) spf_rank 8.0000 (8.0000) lr 1.0000e-03 eta 0:00:00 user 3
epoch [1/1] batch [5/5] time 0.063 (0.244) data 0.000 (0.177) loss 0.0176 (0.0477) acc 100.0000 (98.7500) spf_gamma 0.0500 (0.0500) spf_rank 8.0000 (8.0000) lr 1.0000e-03 eta 0:00:00 user 3
Finish training: 3 user
Deploy the last-epoch model
3 User, Elapsed: 0:00:01
epoch [1/1] batch [10/10] time 0.071 (0.144) data 0.000 (0.074) loss 0.1975 (0.1906) acc 90.6250 (93.1250) spf_gamma 0.0500 (0.0500) spf_rank 8.0000 (8.0000) lr 1.0000e-03 eta 0:00:00 user 4
Finish training: 4 user
Deploy the last-epoch model
4 User, Elapsed: 0:00:02
epoch [1/1] batch [1/9] time 0.769 (0.769) data 0.687 (0.687) loss 0.1374 (0.1374) acc 96.8750 (96.8750) spf_gamma 0.0500 (0.0500) spf_rank 8.0000 (8.0000) lr 1.0000e-03 eta 0:00:06 user 5
epoch [1/1] batch [2/9] time 0.080 (0.424) data 0.000 (0.344) loss 0.0960 (0.1167) acc 96.8750 (96.8750) spf_gamma 0.0500 (0.0500) spf_rank 8.0000 (8.0000) lr 1.0000e-03 eta 0:00:02 user 5
epoch [1/1] batch [3/9] time 0.074 (0.308) data 0.000 (0.229) loss 0.2808 (0.1714) acc 90.6250 (94.7917) spf_gamma 0.0500 (0.0500) spf_rank 8.0000 (8.0000) lr 1.0000e-03 eta 0:00:01 user 5
epoch [1/1] batch [4/9] time 0.064 (0.247) data 0.000 (0.172) loss 0.3933 (0.2269) acc 87.5000 (92.9688) spf_gamma 0.0500 (0.0500) spf_rank 8.0000 (8.0000) lr 1.0000e-03 eta 0:00:01 user 5
epoch [1/1] batch [5/9] time 0.080 (0.213) data 0.000 (0.137) loss 0.0446 (0.1904) acc 100.0000 (94.3750) spf_gamma 0.0500 (0.0500) spf_rank 8.0000 (8.0000) lr 1.0000e-03 eta 0:00:00 user 5
epoch [1/1] batch [6/9] time 0.072 (0.190) data 0.000 (0.115) loss 0.0815 (0.1723) acc 96.8750 (94.7917) spf_gamma 0.0500 (0.0500) spf_rank 8.0000 (8.0000) lr 1.0000e-03 eta 0:00:00 user 5
epoch [1/1] batch [7/9] time 0.072 (0.173) data 0.000 (0.098) loss 0.4043 (0.2054) acc 90.6250 (94.1964) spf_gamma 0.0500 (0.0500) spf_rank 8.0000 (8.0000) lr 1.0000e-03 eta 0:00:00 user 5
epoch [1/1] batch [8/9] time 0.067 (0.160) data 0.000 (0.086) loss 0.0727 (0.1888) acc 100.0000 (94.9219) spf_gamma 0.0500 (0.0500) spf_rank 8.0000 (8.0000) lr 1.0000e-03 eta 0:00:00 user 5
epoch [1/1] batch [9/9] time 0.075 (0.150) data 0.000 (0.076) loss 0.1013 (0.1791) acc 96.8750 (95.1389) spf_gamma 0.0500 (0.0500) spf_rank 8.0000 (8.0000) lr 1.0000e-03 eta 0:00:00 user 5
Finish training: 5 user
Deploy the last-epoch model
5 User, Elapsed: 0:00:01
------------local train finish epoch: 48 -------------
------------local test start-------------
Evaluate on the client0_test set
  0%|          | 0/3 [00:00<?, ?it/s] 33%|███▎      | 1/3 [00:01<00:02,  1.10s/it] 67%|██████▋   | 2/3 [00:01<00:00,  1.82it/s]100%|██████████| 3/3 [00:01<00:00,  2.12it/s]
=> result
* total: 269
* correct: 246
* accuracy: 91.4%
* error: 8.6%
* macro_f1: 89.1%
Evaluate on the client1_test set
  0%|          | 0/3 [00:00<?, ?it/s] 33%|███▎      | 1/3 [00:01<00:02,  1.14s/it] 67%|██████▋   | 2/3 [00:01<00:00,  1.77it/s]100%|██████████| 3/3 [00:01<00:00,  1.99it/s]
=> result
* total: 293
* correct: 255
* accuracy: 87.0%
* error: 13.0%
* macro_f1: 79.8%
Evaluate on the client2_test set
  0%|          | 0/1 [00:00<?, ?it/s]100%|██████████| 1/1 [00:01<00:00,  1.11s/it]100%|██████████| 1/1 [00:01<00:00,  1.24s/it]
=> result
* total: 44
* correct: 44
* accuracy: 100.0%
* error: 0.0%
* macro_f1: 100.0%
Evaluate on the client3_test set
  0%|          | 0/1 [00:00<?, ?it/s]100%|██████████| 1/1 [00:01<00:00,  1.52s/it]100%|██████████| 1/1 [00:01<00:00,  1.64s/it]
=> result
* total: 54
* correct: 50
* accuracy: 92.6%
* error: 7.4%
* macro_f1: 84.1%
Evaluate on the client4_test set
  0%|          | 0/1 [00:00<?, ?it/s]100%|██████████| 1/1 [00:01<00:00,  1.18s/it]100%|██████████| 1/1 [00:01<00:00,  1.28s/it]
=> result
* total: 69
* correct: 67
* accuracy: 97.1%
* error: 2.9%
* macro_f1: 96.4%
Evaluate on the client5_test set
  0%|          | 0/1 [00:00<?, ?it/s]100%|██████████| 1/1 [00:01<00:00,  1.17s/it]100%|██████████| 1/1 [00:01<00:00,  1.27s/it]=> result
* total: 89
* correct: 88
* accuracy: 98.9%
* error: 1.1%
* macro_f1: 95.7%
0 --Local test acc: 91.44981412639405
1 --Local test acc: 87.03071672354949
2 --Local test acc: 100.0
3 --Local test acc: 92.5925925925926
4 --Local test acc: 97.10144927536231
5 --Local test acc: 98.87640449438203
--Global test acc: 94.50849620204674
Epoch:48
------------local test finish-------------
idxs_users [0, 1, 2, 3, 4, 5]
------------local train start epoch: 49 -------------

epoch [1/1] batch [10/35] time 0.073 (0.152) data 0.000 (0.076) loss 0.1450 (0.2857) acc 93.7500 (89.6875) spf_gamma 0.0500 (0.0500) spf_rank 8.0000 (8.0000) lr 1.0000e-03 eta 0:00:03 user 0
epoch [1/1] batch [20/35] time 0.071 (0.111) data 0.000 (0.038) loss 0.3582 (0.2983) acc 93.7500 (90.3125) spf_gamma 0.0500 (0.0500) spf_rank 8.0000 (8.0000) lr 1.0000e-03 eta 0:00:01 user 0
epoch [1/1] batch [30/35] time 0.075 (0.097) data 0.000 (0.026) loss 0.3423 (0.3356) acc 90.6250 (89.1667) spf_gamma 0.0500 (0.0500) spf_rank 8.0000 (8.0000) lr 1.0000e-03 eta 0:00:00 user 0
Finish training: 0 user
Deploy the last-epoch model
0 User, Elapsed: 0:00:03
epoch [1/1] batch [10/35] time 0.071 (0.149) data 0.000 (0.071) loss 0.5845 (0.4631) acc 78.1250 (85.6250) spf_gamma 0.0500 (0.0500) spf_rank 8.0000 (8.0000) lr 1.0000e-03 eta 0:00:03 user 1
epoch [1/1] batch [20/35] time 0.064 (0.111) data 0.000 (0.036) loss 0.3589 (0.4412) acc 90.6250 (85.7812) spf_gamma 0.0500 (0.0500) spf_rank 8.0000 (8.0000) lr 1.0000e-03 eta 0:00:01 user 1
epoch [1/1] batch [30/35] time 0.073 (0.097) data 0.000 (0.024) loss 0.5747 (0.4387) acc 75.0000 (85.6250) spf_gamma 0.0500 (0.0500) spf_rank 8.0000 (8.0000) lr 1.0000e-03 eta 0:00:00 user 1
Finish training: 1 user
Deploy the last-epoch model
1 User, Elapsed: 0:00:03
epoch [1/1] batch [1/6] time 0.951 (0.951) data 0.879 (0.879) loss 0.2493 (0.2493) acc 96.8750 (96.8750) spf_gamma 0.0500 (0.0500) spf_rank 8.0000 (8.0000) lr 1.0000e-03 eta 0:00:04 user 2
epoch [1/1] batch [2/6] time 0.071 (0.511) data 0.000 (0.439) loss 0.0967 (0.1730) acc 100.0000 (98.4375) spf_gamma 0.0500 (0.0500) spf_rank 8.0000 (8.0000) lr 1.0000e-03 eta 0:00:02 user 2
epoch [1/1] batch [3/6] time 0.063 (0.362) data 0.000 (0.293) loss 0.2583 (0.2014) acc 96.8750 (97.9167) spf_gamma 0.0500 (0.0500) spf_rank 8.0000 (8.0000) lr 1.0000e-03 eta 0:00:01 user 2
epoch [1/1] batch [4/6] time 0.063 (0.287) data 0.000 (0.220) loss 0.2270 (0.2078) acc 90.6250 (96.0938) spf_gamma 0.0500 (0.0500) spf_rank 8.0000 (8.0000) lr 1.0000e-03 eta 0:00:00 user 2
epoch [1/1] batch [5/6] time 0.064 (0.242) data 0.000 (0.176) loss 0.1006 (0.1864) acc 96.8750 (96.2500) spf_gamma 0.0500 (0.0500) spf_rank 8.0000 (8.0000) lr 1.0000e-03 eta 0:00:00 user 2
epoch [1/1] batch [6/6] time 0.064 (0.213) data 0.000 (0.147) loss 0.0580 (0.1650) acc 100.0000 (96.8750) spf_gamma 0.0500 (0.0500) spf_rank 8.0000 (8.0000) lr 1.0000e-03 eta 0:00:00 user 2
Finish training: 2 user
Deploy the last-epoch model
2 User, Elapsed: 0:00:01
epoch [1/1] batch [1/5] time 0.933 (0.933) data 0.855 (0.855) loss 0.1885 (0.1885) acc 90.6250 (90.6250) spf_gamma 0.0500 (0.0500) spf_rank 8.0000 (8.0000) lr 1.0000e-03 eta 0:00:03 user 3
epoch [1/1] batch [2/5] time 0.072 (0.503) data 0.000 (0.428) loss 0.2166 (0.2025) acc 90.6250 (90.6250) spf_gamma 0.0500 (0.0500) spf_rank 8.0000 (8.0000) lr 1.0000e-03 eta 0:00:01 user 3
epoch [1/1] batch [3/5] time 0.063 (0.356) data 0.000 (0.285) loss 0.2678 (0.2243) acc 90.6250 (90.6250) spf_gamma 0.0500 (0.0500) spf_rank 8.0000 (8.0000) lr 1.0000e-03 eta 0:00:00 user 3
epoch [1/1] batch [4/5] time 0.063 (0.283) data 0.000 (0.214) loss 0.1121 (0.1963) acc 100.0000 (92.9688) spf_gamma 0.0500 (0.0500) spf_rank 8.0000 (8.0000) lr 1.0000e-03 eta 0:00:00 user 3
epoch [1/1] batch [5/5] time 0.064 (0.239) data 0.000 (0.171) loss 0.0899 (0.1750) acc 100.0000 (94.3750) spf_gamma 0.0500 (0.0500) spf_rank 8.0000 (8.0000) lr 1.0000e-03 eta 0:00:00 user 3
Finish training: 3 user
Deploy the last-epoch model
3 User, Elapsed: 0:00:01
epoch [1/1] batch [10/10] time 0.065 (0.137) data 0.000 (0.071) loss 0.2608 (0.2751) acc 90.6250 (92.8125) spf_gamma 0.0500 (0.0500) spf_rank 8.0000 (8.0000) lr 1.0000e-03 eta 0:00:00 user 4
Finish training: 4 user
Deploy the last-epoch model
4 User, Elapsed: 0:00:01
epoch [1/1] batch [1/9] time 0.793 (0.793) data 0.710 (0.710) loss 0.2207 (0.2207) acc 93.7500 (93.7500) spf_gamma 0.0500 (0.0500) spf_rank 8.0000 (8.0000) lr 1.0000e-03 eta 0:00:06 user 5
epoch [1/1] batch [2/9] time 0.063 (0.428) data 0.000 (0.355) loss 0.2525 (0.2366) acc 96.8750 (95.3125) spf_gamma 0.0500 (0.0500) spf_rank 8.0000 (8.0000) lr 1.0000e-03 eta 0:00:02 user 5
epoch [1/1] batch [3/9] time 0.072 (0.310) data 0.000 (0.237) loss 0.0673 (0.1802) acc 96.8750 (95.8333) spf_gamma 0.0500 (0.0500) spf_rank 8.0000 (8.0000) lr 1.0000e-03 eta 0:00:01 user 5
epoch [1/1] batch [4/9] time 0.072 (0.250) data 0.000 (0.177) loss 0.2947 (0.2088) acc 93.7500 (95.3125) spf_gamma 0.0500 (0.0500) spf_rank 8.0000 (8.0000) lr 1.0000e-03 eta 0:00:01 user 5
epoch [1/1] batch [5/9] time 0.073 (0.215) data 0.000 (0.142) loss 0.2801 (0.2230) acc 93.7500 (95.0000) spf_gamma 0.0500 (0.0500) spf_rank 8.0000 (8.0000) lr 1.0000e-03 eta 0:00:00 user 5
epoch [1/1] batch [6/9] time 0.072 (0.191) data 0.000 (0.118) loss 0.4180 (0.2555) acc 87.5000 (93.7500) spf_gamma 0.0500 (0.0500) spf_rank 8.0000 (8.0000) lr 1.0000e-03 eta 0:00:00 user 5
epoch [1/1] batch [7/9] time 0.071 (0.174) data 0.000 (0.101) loss 0.2598 (0.2561) acc 93.7500 (93.7500) spf_gamma 0.0500 (0.0500) spf_rank 8.0000 (8.0000) lr 1.0000e-03 eta 0:00:00 user 5
epoch [1/1] batch [8/9] time 0.072 (0.161) data 0.000 (0.089) loss 0.2068 (0.2500) acc 93.7500 (93.7500) spf_gamma 0.0500 (0.0500) spf_rank 8.0000 (8.0000) lr 1.0000e-03 eta 0:00:00 user 5
epoch [1/1] batch [9/9] time 0.075 (0.152) data 0.000 (0.079) loss 0.1548 (0.2394) acc 93.7500 (93.7500) spf_gamma 0.0500 (0.0500) spf_rank 8.0000 (8.0000) lr 1.0000e-03 eta 0:00:00 user 5
Finish training: 5 user
Deploy the last-epoch model
5 User, Elapsed: 0:00:01
------------local train finish epoch: 49 -------------
------------local test start-------------
Evaluate on the client0_test set
  0%|          | 0/3 [00:00<?, ?it/s] 33%|███▎      | 1/3 [00:01<00:02,  1.14s/it] 67%|██████▋   | 2/3 [00:01<00:00,  1.76it/s]100%|██████████| 3/3 [00:01<00:00,  2.07it/s]
=> result
* total: 269
* correct: 244
* accuracy: 90.7%
* error: 9.3%
* macro_f1: 88.3%
Evaluate on the client1_test set
  0%|          | 0/3 [00:00<?, ?it/s] 33%|███▎      | 1/3 [00:01<00:02,  1.10s/it] 67%|██████▋   | 2/3 [00:01<00:00,  1.82it/s]100%|██████████| 3/3 [00:01<00:00,  2.09it/s]
=> result
* total: 293
* correct: 260
* accuracy: 88.7%
* error: 11.3%
* macro_f1: 81.4%
Evaluate on the client2_test set
  0%|          | 0/1 [00:00<?, ?it/s]100%|██████████| 1/1 [00:01<00:00,  1.13s/it]100%|██████████| 1/1 [00:01<00:00,  1.26s/it]
=> result
* total: 44
* correct: 44
* accuracy: 100.0%
* error: 0.0%
* macro_f1: 100.0%
Evaluate on the client3_test set
  0%|          | 0/1 [00:00<?, ?it/s]100%|██████████| 1/1 [00:01<00:00,  1.28s/it]100%|██████████| 1/1 [00:01<00:00,  1.37s/it]
=> result
* total: 54
* correct: 48
* accuracy: 88.9%
* error: 11.1%
* macro_f1: 77.0%
Evaluate on the client4_test set
  0%|          | 0/1 [00:00<?, ?it/s]100%|██████████| 1/1 [00:00<00:00,  1.00it/s]100%|██████████| 1/1 [00:01<00:00,  1.10s/it]
=> result
* total: 69
* correct: 68
* accuracy: 98.6%
* error: 1.4%
* macro_f1: 99.1%
Evaluate on the client5_test set
  0%|          | 0/1 [00:00<?, ?it/s]100%|██████████| 1/1 [00:01<00:00,  1.06s/it]100%|██████████| 1/1 [00:01<00:00,  1.17s/it]
=> result
* total: 89
* correct: 88
* accuracy: 98.9%
* error: 1.1%
* macro_f1: 95.7%
0 --Local test acc: 90.70631970260223
1 --Local test acc: 88.73720136518772
2 --Local test acc: 100.0
3 --Local test acc: 88.88888888888889
4 --Local test acc: 98.55072463768116
5 --Local test acc: 98.87640449438203
--Global test acc: 94.29325651479034
Epoch:49
------------local test finish-------------
Total time Elapsed: 0:16:46
Total time Elapsed: 0:16:46
Total time Elapsed: 0:16:46
Total time Elapsed: 0:16:46
Total time Elapsed: 0:16:46
Total time Elapsed: 0:16:46
0 global_test_acc_list: [88.47583643122677, 88.84758364312268, 89.59107806691449, 90.70631970260223, 90.33457249070632, 90.33457249070632, 90.70631970260223, 91.44981412639405, 90.70631970260223, 91.82156133828997, 91.44981412639405, 90.70631970260223, 91.07806691449814, 91.07806691449814, 91.44981412639405, 91.07806691449814, 89.96282527881041, 91.82156133828997, 91.44981412639405, 91.44981412639405, 91.82156133828997, 91.82156133828997, 91.07806691449814, 92.19330855018588, 91.44981412639405, 92.19330855018588, 92.19330855018588, 91.44981412639405, 92.56505576208178, 92.19330855018588, 91.82156133828997, 92.19330855018588, 92.56505576208178, 91.82156133828997, 91.44981412639405, 92.19330855018588, 92.56505576208178, 92.19330855018588, 93.3085501858736, 93.3085501858736, 91.44981412639405, 92.56505576208178, 91.82156133828997, 92.93680297397769, 93.3085501858736, 93.3085501858736, 92.93680297397769, 92.93680297397769, 91.44981412639405, 90.70631970260223]
0 maximum test acc: 93.3085501858736
0 mean of acc: 92.26765799256506
0 std of acc: 1.0085249045539424
1 global_test_acc_list: [83.95904436860069, 83.61774744027304, 85.66552901023891, 87.03071672354949, 87.03071672354949, 87.37201365187714, 87.03071672354949, 87.71331058020478, 87.71331058020478, 87.71331058020478, 88.05460750853243, 87.03071672354949, 87.03071672354949, 86.68941979522184, 88.73720136518772, 86.68941979522184, 87.71331058020478, 86.68941979522184, 88.73720136518772, 87.37201365187714, 87.71331058020478, 88.39590443686006, 88.39590443686006, 88.73720136518772, 88.39590443686006, 88.39590443686006, 88.39590443686006, 89.419795221843, 88.05460750853243, 89.07849829351535, 88.39590443686006, 89.419795221843, 89.419795221843, 89.07849829351535, 88.73720136518772, 88.73720136518772, 87.37201365187714, 90.10238907849829, 86.00682593856655, 86.68941979522184, 87.03071672354949, 87.37201365187714, 88.05460750853243, 85.32423208191126, 86.68941979522184, 88.05460750853243, 87.71331058020478, 88.39590443686006, 87.03071672354949, 88.73720136518772]
1 maximum test acc: 90.10238907849829
1 mean of acc: 87.98634812286689
1 std of acc: 0.5871894380233875
2 global_test_acc_list: [86.36363636363636, 88.63636363636364, 86.36363636363636, 93.18181818181819, 93.18181818181819, 93.18181818181819, 93.18181818181819, 93.18181818181819, 93.18181818181819, 95.45454545454545, 93.18181818181819, 90.9090909090909, 95.45454545454545, 90.9090909090909, 93.18181818181819, 97.72727272727273, 97.72727272727273, 93.18181818181819, 95.45454545454545, 97.72727272727273, 100.0, 97.72727272727273, 90.9090909090909, 100.0, 100.0, 97.72727272727273, 97.72727272727273, 100.0, 100.0, 97.72727272727273, 100.0, 100.0, 95.45454545454545, 95.45454545454545, 97.72727272727273, 97.72727272727273, 100.0, 97.72727272727273, 97.72727272727273, 97.72727272727273, 100.0, 100.0, 97.72727272727273, 100.0, 100.0, 100.0, 100.0, 100.0, 100.0, 100.0]
2 maximum test acc: 100.0
2 mean of acc: 100.0
2 std of acc: 0.0
3 global_test_acc_list: [81.48148148148148, 85.18518518518519, 85.18518518518519, 88.88888888888889, 92.5925925925926, 90.74074074074075, 94.44444444444444, 92.5925925925926, 88.88888888888889, 92.5925925925926, 90.74074074074075, 90.74074074074075, 92.5925925925926, 90.74074074074075, 92.5925925925926, 90.74074074074075, 88.88888888888889, 94.44444444444444, 92.5925925925926, 90.74074074074075, 92.5925925925926, 90.74074074074075, 90.74074074074075, 92.5925925925926, 92.5925925925926, 88.88888888888889, 92.5925925925926, 92.5925925925926, 88.88888888888889, 92.5925925925926, 90.74074074074075, 94.44444444444444, 92.5925925925926, 90.74074074074075, 92.5925925925926, 90.74074074074075, 92.5925925925926, 94.44444444444444, 92.5925925925926, 94.44444444444444, 92.5925925925926, 92.5925925925926, 94.44444444444444, 92.5925925925926, 92.5925925925926, 90.74074074074075, 92.5925925925926, 90.74074074074075, 92.5925925925926, 88.88888888888889]
3 maximum test acc: 94.44444444444444
3 mean of acc: 91.11111111111111
3 std of acc: 1.3857990321384983
4 global_test_acc_list: [85.5072463768116, 88.40579710144928, 88.40579710144928, 89.85507246376811, 88.40579710144928, 89.85507246376811, 92.7536231884058, 97.10144927536231, 92.7536231884058, 92.7536231884058, 95.65217391304348, 95.65217391304348, 94.20289855072464, 91.30434782608695, 97.10144927536231, 95.65217391304348, 95.65217391304348, 97.10144927536231, 97.10144927536231, 97.10144927536231, 98.55072463768116, 94.20289855072464, 94.20289855072464, 94.20289855072464, 94.20289855072464, 95.65217391304348, 97.10144927536231, 95.65217391304348, 95.65217391304348, 95.65217391304348, 97.10144927536231, 97.10144927536231, 98.55072463768116, 98.55072463768116, 92.7536231884058, 97.10144927536231, 97.10144927536231, 97.10144927536231, 97.10144927536231, 97.10144927536231, 98.55072463768116, 95.65217391304348, 100.0, 95.65217391304348, 98.55072463768116, 97.10144927536231, 97.10144927536231, 100.0, 97.10144927536231, 98.55072463768116]
4 maximum test acc: 100.0
4 mean of acc: 97.97101449275362
4 std of acc: 1.1594202898550747
5 global_test_acc_list: [87.64044943820225, 92.13483146067416, 92.13483146067416, 93.25842696629213, 95.50561797752809, 96.62921348314607, 95.50561797752809, 96.62921348314607, 97.75280898876404, 94.38202247191012, 98.87640449438203, 96.62921348314607, 97.75280898876404, 98.87640449438203, 100.0, 100.0, 100.0, 97.75280898876404, 98.87640449438203, 98.87640449438203, 97.75280898876404, 97.75280898876404, 96.62921348314607, 97.75280898876404, 98.87640449438203, 97.75280898876404, 98.87640449438203, 98.87640449438203, 97.75280898876404, 98.87640449438203, 96.62921348314607, 97.75280898876404, 98.87640449438203, 96.62921348314607, 98.87640449438203, 96.62921348314607, 98.87640449438203, 96.62921348314607, 96.62921348314607, 97.75280898876404, 96.62921348314607, 97.75280898876404, 98.87640449438203, 97.75280898876404, 97.75280898876404, 98.87640449438203, 100.0, 98.87640449438203, 98.87640449438203, 98.87640449438203]
5 maximum test acc: 100.0
5 mean of acc: 99.10112359550563
5 std of acc: 0.4494382022471882
